-6.58004916363768e-19	4.12128098773124e-18	-1.78186934143734e-18	-7.29414713140322e-21	-8.59381278489845e-18	-3.61260514576375e-18
-6.77648460682658e-05	0.000476977818441222	-0.000468921347860812	9.59362259000568e-05	-0.000613863390585334	-0.00026442175627747
-0.000166216948117048	0.00113905693278508	-0.00125255930189336	0.000262473412368765	-0.00163227916798548	-0.000713203334541131
-0.000288325981872672	0.00192547033101346	-0.00238555250279671	0.000510490536840209	-0.00310792798230307	-0.00137744678585295
-0.000422326486825787	0.00276060526982695	-0.00386520724690897	0.000841829857503105	-0.00506364432032322	-0.0022754554424412
-0.000553612324691598	0.00357722670320516	-0.0056438725187271	0.00124659218776463	-0.00748814286125978	-0.00340879243185968
-0.000695317811763671	0.00451256665600456	-0.00769310347232393	0.00170259578080524	-0.0105217371383537	-0.0048362894485187
-0.000797651020913967	0.00533385521159372	-0.00978709062759722	0.00217321173364997	-0.0138384147309989	-0.00641834772056147
-0.000831654119130503	0.00594326048450174	-0.0117063317110257	0.00261203641823586	-0.0171934203677467	-0.00804086613277038
-0.000772471680256561	0.00624313078648968	-0.0132110626965054	0.00296656065228128	-0.020309802718047	-0.00956889271658367
-0.000604168084705383	0.0061322400908177	-0.0140718203116895	0.00318380253211842	-0.0229155468869221	-0.0108635238832843
-0.000348390488467123	0.0055557920214385	-0.0141617878354175	0.00320643435862852	-0.0249951754440993	-0.0118881934895102
1.75343177759887e-05	0.00429639976275748	-0.0132796659825492	0.00301042304522902	-0.0261010892249893	-0.0124293843330688
0.000488346515512393	0.00213964672118584	-0.0113451665184616	0.00258012683266122	-0.025995100268391	-0.0123641972071021
0.00104965260606509	-0.00115978127984258	-0.00836586304542612	0.00191604315954642	-0.0245102455621443	-0.011606991080828
0.00167763128028529	-0.00584665700635341	-0.00444200975258764	0.00103266780908228	-0.0215739190242682	-0.010121210315336
0.00233479727594402	-0.0121944782348989	0.000232286972894054	-6.10185866674554e-05	-0.0173283915562629	-0.00797136073806988
0.00298778617854961	-0.0202010329605871	0.0054127280621852	-0.0013134084830148	-0.0117625513550335	-0.0051658527774852
0.00359611894428258	-0.0297576453021731	0.0108082819560402	-0.00267963284861717	-0.00501142972461069	-0.00178281017609692
0.004118858348269	-0.040564543625077	0.0161165939699644	-0.00411335099236074	0.00274301117126114	0.00207431667854489
0.00451749529970495	-0.0521301315369958	0.0210521056117882	-0.00556918805583846	0.0112852614468083	0.00628481105813939
0.00478271482865852	-0.0639413706012998	0.0254337684576127	-0.00701603268479982	0.020471677340733	0.0107544613971951
0.004859505189783	-0.0750478892578294	0.0289927954856643	-0.0083927621836277	0.0299418871800425	0.0153047140024006
0.00471897405639788	-0.0845477900726492	0.0315671471142341	-0.00964322988222972	0.039397306245976	0.0197829288511676
0.00434580178082446	-0.0915762887075678	0.0330627912433111	-0.0107056719429958	0.0485519570975478	0.0240439517802106
0.00374324165427269	-0.0954009601160205	0.0334578222222892	-0.0115139721417778	0.0571496472712329	0.0279572886916067
0.00297786080718834	-0.0955880126268322	0.0329006452348407	-0.0120033788214122	0.0652387998907451	0.0315206587751494
0.00204247980671128	-0.0917307328161726	0.0313685707398392	-0.0121077510202882	0.0723049487949131	0.0345031150930879
0.000973965570458655	-0.0837172681409666	0.0289458448430091	-0.0117727876730778	0.0780317471697992	0.0367600069187397
-0.00017926354436191	-0.0716325051866844	0.0257419212873494	-0.0109609000946138	0.0821222162310529	0.0381609064220267
-0.00135891544393812	-0.0557127225205516	0.0218886900372475	-0.0096569900386195	0.0843257985019295	0.0386023438221229
-0.00246661542985235	-0.0362882468335834	0.0176069199309492	-0.00786110324469389	0.0847382216651316	0.0381355789791767
-0.00348151752002988	-0.0137514391444109	0.0129658929642587	-0.00562416660813908	0.0828950390695001	0.0365834686980823
-0.00436919652117181	0.0114857571712579	0.00807751098756643	-0.00301356079937857	0.0785774577701631	0.0338807572362918
-0.0051106726067451	0.0389944634177094	0.00303848629151872	-0.000114080374459665	0.071624507857329	0.029993218386442
-0.00570313668405647	0.0683107705024116	-0.0020706255285181	0.00298102033986241	0.0619617992541297	0.0249277212702649
-0.00615788505932331	0.0989387304927966	-0.00720008742032622	0.00619838248386394	0.0497292141304328	0.0187877347331502
-0.00650298209485274	0.130180639182499	-0.0122838635582181	0.00942577990666942	0.0349399016858475	0.0116140157093117
-0.00677685957021107	0.161214011471201	-0.0172808828108481	0.0125721728345552	0.0177830608420749	0.00352209837126743
-0.00702574322831348	0.191050806680637	-0.0221638878284798	0.0155538625356838	-0.00145929359001682	-0.00533665923997292
-0.00729877710830622	0.218554737338864	-0.0269164300832076	0.0182928180412359	-0.0224152961828779	-0.0147765150560745
-0.0076803585186891	0.242470984869073	-0.0316377012835651	0.020735312293382	-0.0447864863407717	-0.0246409735028754
-0.00816005616237267	0.261544712545176	-0.0361726793521235	0.0227724522628002	-0.0678476343905607	-0.0346092583929529
-0.00873714502040687	0.274557177447561	-0.0404242124685973	0.0243021122979229	-0.0909153755759761	-0.044379548883397
-0.00939233192788452	0.280419459492781	-0.0442763916403816	0.0252138173461762	-0.11326829456374	-0.0536399079703239
-0.0100904867841019	0.278247540114829	-0.0476067371356643	0.0253959768079384	-0.134188356690336	-0.0620866444438065
-0.0108419789864532	0.267340781407427	-0.0504585155678494	0.0247657179766519	-0.15334367723944	-0.0695840590633603
-0.0115162231578859	0.247493635912544	-0.0525272559862311	0.023222999724782	-0.169677861011125	-0.0757058597306421
-0.0120123722382321	0.218779965633907	-0.053629933045117	0.0207188094804378	-0.182429494337088	-0.0801575322512296
-0.0122256221925435	0.181609625228548	-0.0536067331476803	0.0172569717792933	-0.190919252438165	-0.0826876738360864
-0.0120591547191062	0.136706240168255	-0.0523448634269436	0.0129063690043448	-0.194602800929483	-0.0831081963817615
-0.0114774118359067	0.0849892078112995	-0.049904590345842	0.00780726646241765	-0.193444598672187	-0.081451179557449
-0.0103734752904447	0.0278275667073971	-0.0461627684922817	0.00216497429495712	-0.186843179130847	-0.0775054008382719
-0.00869645979240056	-0.0332477661806284	-0.0411235055355813	-0.00376001401821126	-0.174597055188891	-0.0712268800340062
-0.0064247606140188	-0.0965245083152274	-0.0348317810989309	-0.00967298215077632	-0.1566767954624	-0.0626391914167413
-0.0035705311080905	-0.160162927485438	-0.0273702018343972	-0.0152703226557351	-0.133251455402041	-0.0518437611405245
-0.000179514030645295	-0.222252905925019	-0.0188205827182886	-0.0202950725880498	-0.104802756598623	-0.039075614125881
0.00366540949894604	-0.280875484652095	-0.00936194030464699	-0.0244700883767673	-0.0717915856921874	-0.0245396996239288
0.00785427664577689	-0.334162062883648	0.000832588478113858	-0.0276004788071829	-0.0349262779581863	-0.00854674773247527
0.0122563447989821	-0.380355622562537	0.0115826640709263	-0.0295686578547081	0.00493648767427227	0.00853195699780939
0.0167282821796872	-0.417870782745761	0.0227082657689119	-0.0303419718320203	0.0468162345640007	0.0262733361910999
0.0211719896982603	-0.445183080103028	0.0342134511751804	-0.0300188736210923	0.0898615956029149	0.0442997302774171
0.0253785483300031	-0.46141579592322	0.0456898465643594	-0.0286565092094938	0.132648495890101	0.0620138885765724
0.0291783523834971	-0.465893606245044	0.0568364764137895	-0.0263926063596999	0.173865697364187	0.0788640607353865
0.0324141169954021	-0.458266118659152	0.0673392510262577	-0.0233914099486879	0.212210820331188	0.0943088309639766
0.0349512589893309	-0.438490782606459	0.0768933895265043	-0.0198282164724158	0.246459186606562	0.107847467751816
0.0367569681174332	-0.406525153070396	0.0854577670427774	-0.0159163564769619	0.275959436870607	0.119225469453357
0.0376698268872446	-0.363245252863238	0.0924998088713729	-0.011765695791884	0.299246447362721	0.127862897322343
0.037606679202375	-0.309605614770238	0.0976792172648459	-0.00749302056546363	0.315329125140184	0.133384314161039
0.0365144502625575	-0.246815655392107	0.10069764013791	-0.00319488374580081	0.323422538925253	0.135506325803803
0.0343762687335113	-0.176296947480412	0.101327675047094	0.00104433356947011	0.32300932646099	0.134060091398938
0.0312655328800161	-0.0994254469406392	0.0995837649172883	0.0051386765449659	0.314271721981208	0.129175225932221
0.0271791132694802	-0.0182470402010825	0.0952323882866655	0.00900948128534186	0.296816949399376	0.120722870424036
0.022179903279454	0.065185520007132	0.0882223714248255	0.0125687527470874	0.270792901880115	0.108799289870079
0.0163578527488548	0.148683681683244	0.0785726286876366	0.0157241460858444	0.236598679130372	0.0936001329448353
0.0098300839116389	0.229981871032106	0.0663766455947918	0.0183839763766435	0.194892361890647	0.0754249493418414
0.00273720263114999	0.306782949375836	0.0517731918134216	0.0205024020373629	0.146680670252052	0.05472856402957
-0.00475140376736778	0.376905995971613	0.0350482811783714	0.0219659689635186	0.0929787653911098	0.0319398010486362
-0.0124499654299981	0.438293618829449	0.0165399055744349	0.0227098820886754	0.0350460788590503	0.00759600180242311
-0.020161010309271	0.489097392784285	-0.00334762385169664	0.0226998342895088	-0.0257274210457435	-0.0177131475533668
-0.0276820737947094	0.527741894846223	-0.0241526894943068	0.0219389884862526	-0.0878592226540297	-0.0433616563811117
-0.0348698042240234	0.552664336692881	-0.0455885461918333	0.0205325738793372	-0.150098604933467	-0.0688138028699803
-0.0414569694866631	0.563387859391798	-0.0668188217454135	0.0184779084546905	-0.210522431638431	-0.0932826639437136
-0.0472246530122487	0.559633895837119	-0.0871160423260393	0.0158382052024269	-0.267402882185262	-0.116065633374319
-0.0519704432764939	0.541529094556538	-0.105734310355733	0.0126922253592717	-0.319061501988719	-0.136492517243519
-0.0555209213797281	0.509552462577891	-0.121960689657295	0.00913325769658312	-0.363944730545868	-0.153956865990958
-0.0578231339787135	0.464028592433389	-0.135476494347326	0.00532389945820075	-0.401210551290156	-0.168158164435753
-0.0586846408340534	0.406570834393768	-0.145372964449108	0.00131185119129756	-0.429069399182821	-0.178410242333301
-0.0580112043262839	0.338745871127302	-0.151081946366804	-0.00281122220902435	-0.446323385303912	-0.184276786211167
-0.0557542888497598	0.262353104160511	-0.15219117510994	-0.00694835116103627	-0.452051994731524	-0.185436616207654
-0.0519199444802077	0.1793585582709	-0.148492553403336	-0.0109928725894557	-0.44569526131281	-0.181713860671695
-0.0466312909463166	0.0915337982037445	-0.140235856213175	-0.0148095901351079	-0.427562454404748	-0.173295966001959
-0.0399398801727102	0.00143788187886865	-0.127393215879832	-0.018292878860098	-0.397387583524788	-0.160096123952079
-0.0319862214429883	-0.0885012438516797	-0.110286604984782	-0.0213240311931309	-0.355614378431606	-0.142316194690952
-0.0229533806707031	-0.175812708450616	-0.0894011005818647	-0.0237915994688021	-0.303066898270879	-0.120303106567534
-0.0130634779187153	-0.258066185515158	-0.0653649381889831	-0.0255989334483359	-0.240950757002107	-0.0945520174169591
-0.00257045693863282	-0.332906873455388	-0.0389170681460905	-0.0267049111516405	-0.170928497865751	-0.0657559372477614
0.00824538041194381	-0.398337925239788	-0.0108814946277853	-0.0270181540919605	-0.0947321597733648	-0.034597424531339
0.0190922644740693	-0.452635809130812	0.0178850698693903	-0.0264978137452488	-0.014370657474112	-0.00188046908139936
0.0296790172687796	-0.494453779561363	0.0465322097309021	-0.025132211268299	0.0680350423245365	0.0315473468640684
0.0397269834458411	-0.522861019477061	0.0742494213589555	-0.0229413193044564	0.150336906379199	0.0648287626446442
0.0490395659281388	-0.536937267097794	0.100536579800088	-0.0200467273282896	0.230755866344313	0.0972508369087523
0.0573139359420267	-0.537138625868739	0.12441048786809	-0.0164401485778298	0.306904201294216	0.127873855889025
0.0643175407853675	-0.524046556863805	0.145124470477247	-0.0121824603949352	0.376755970658039	0.15590568202298
0.069851250408665	-0.498580803804443	0.162012821762841	-0.00735540642461397	0.438476185747289	0.180638159831086
0.07375646763704	-0.461875555972684	0.174524347779586	-0.00206806366574555	0.490478853676657	0.201468987963569
0.0760044383048058	-0.414633472244491	0.182618371009982	0.00346872943882471	0.532031222317582	0.218150709596296
0.0764160159703166	-0.358809646253952	0.185567112094522	0.00917237043313193	0.561391813581664	0.230006486749516
0.0749066338970532	-0.296031073698627	0.183031487931093	0.01489083920933	0.577452000530358	0.236611733567145
0.0714279379297006	-0.227949220949413	0.174819887032454	0.020458237108539	0.579350950087812	0.237627756480894
0.0659769527674629	-0.156203069442215	0.160932220835689	0.0256986672871198	0.56653962058681	0.232824457590218
0.0586704742386351	-0.0820938151350308	0.141892926607792	0.0304032545690435	0.539350702706153	0.222329591248622
0.0495335322347028	-0.00765584882595345	0.117768345175626	0.034441239069903	0.4973539882135	0.20589920119142
0.0386928824782712	0.0652281510994094	0.0890335285145845	0.0376827084884657	0.440867139077403	0.183590898455113
0.0263330842180449	0.13459273837738	0.0563451831698422	0.0400298498551061	0.370622496670714	0.155622158139579
0.0127017528112329	0.198432718061001	0.0205426849034645	0.0414200256126675	0.287824972619449	0.122404063381103
-0.00187987140962423	0.254669588713462	-0.0173039673944596	0.0418543798028983	0.194342056034775	0.084648053775376
-0.0170549940493551	0.301583276920418	-0.0561277861222812	0.0412981491000491	0.092162837318046	0.0430896762841729
-0.0324149709144707	0.337616255076827	-0.0947328228676538	0.0397600483987331	-0.0161854651484695	-0.00128026333825508
-0.0475220253506461	0.361544677746696	-0.131892720408076	0.0372686756927926	-0.127839196120994	-0.0473094774731677
-0.0619267030425071	0.372565452716654	-0.166401881636069	0.0338725497249699	-0.239694041772322	-0.0937229067171403
-0.0752413958070771	0.369910195792558	-0.197358609883434	0.0297154880866357	-0.348826512536343	-0.139290553072093
-0.0869771240797458	0.354396443673771	-0.223448108229204	0.0247944965837303	-0.451610011829262	-0.182495670804787
-0.0967210999079208	0.327139772689455	-0.243666751633132	0.019178416403593	-0.544737823830291	-0.221939345807191
-0.1041141840017	0.289818527555746	-0.257204351200657	0.0129601009190283	-0.625147073003319	-0.256320629723182
-0.108868379592458	0.244549668068373	-0.263499097437312	0.00626519482370331	-0.6901671163286	-0.284501276450081
-0.110871470933298	0.193221834338563	-0.262683791895727	-0.000670606560817414	-0.738263431120348	-0.305822030636504
-0.109890952713813	0.139053279770654	-0.254247240752843	-0.00774906380398033	-0.767060829795422	-0.319260433738279
-0.105843504799949	0.0849836785583281	-0.238221041942353	-0.0148030795350747	-0.775214847294204	-0.324225621821622
-0.098732654950883	0.0338653738388632	-0.214875450559021	-0.021663777468001	-0.762005286013128	-0.320382160283426
-0.0886565424754329	-0.0117284125196997	-0.18472648826035	-0.0281702531464369	-0.727399399536377	-0.30767441667624
-0.0758901948675318	-0.0499367323577039	-0.148890490536491	-0.0341513778868518	-0.672675668032571	-0.28660287726307
-0.0606258661251368	-0.0788375499026197	-0.10784682688426	-0.0395308390137775	-0.598434881188807	-0.257338202491859
-0.043191971108777	-0.0972710613932099	-0.0624565298396534	-0.0442474230543806	-0.506301053266077	-0.220484025616054
-0.0239904207495673	-0.104687143207287	-0.0136665680559275	-0.0482782717162411	-0.398426518716935	-0.176862599396945
-0.00349219241571178	-0.101160021201645	0.03749122392937	-0.0516324952597036	-0.277459309959745	-0.127508232371367
0.0177503411961832	-0.0872370582785989	0.0897749602679852	-0.0543694531734458	-0.146714117531493	-0.0737637320747993
0.0391866025386071	-0.0642729898236207	0.142150082139915	-0.0564895269245151	-0.00933138886542581	-0.016875104131856
0.0602281013703474	-0.0339870981577996	0.193439339017319	-0.0580058344833451	0.131150393718127	0.0417140187313352
0.0802831248166909	0.00160860593286879	0.242421364286493	-0.0589127197311728	0.271080722529031	0.100492589606625
0.098775934857505	0.0403801769671928	0.287833695026524	-0.0591800859159153	0.406794243909501	0.157921819756208
0.115214408444334	0.0806476486590853	0.328565358410447	-0.0588136414873494	0.534987753292885	0.212586962051583
0.129046190494969	0.11998560075122	0.363084048929153	-0.0576469077916139	0.651883623697337	0.262875684883918
0.139819115825749	0.156423486879218	0.390011256709677	-0.0555336020065188	0.754142141430304	0.3073458140865
0.14716177697438	0.18827246550933	0.408054261080638	-0.0523095808658957	0.838756321144134	0.34469133103393
0.150800066194845	0.214196357107156	0.416091182165574	-0.0478096708223589	0.903158886065091	0.373791180447623
0.15066345372222	0.233656515626799	0.413652604974566	-0.0419429545914428	0.945961939702656	0.394028811019986
0.146580995775539	0.245485378761261	0.399684013832321	-0.0345217070331852	0.964879029728547	0.404399042471825
0.1385591990395	0.248931377999474	0.373771213413442	-0.0254539451474612	0.958703823738139	0.404359122035895
0.126715789093442	0.243340656418042	0.335909477997991	-0.0147176831251932	0.926890533163837	0.393645102959283
0.111284784750179	0.228153631555628	0.286566880167494	-0.00238112531647532	0.869642807345027	0.372306305411736
0.0927052313144194	0.203132935916573	0.227125490042327	0.0113612852455008	0.788634599377742	0.341020699364947
0.071319461635178	0.167743845484306	0.158509677774577	0.02625210720196	0.684811357273768	0.300114834381515
0.047621869590715	0.121757217270329	0.0823462439379665	0.0419075882816065	0.560351742301867	0.250432575898868
0.0221797210901398	0.0652231484163515	0.000602910065872074	0.0578472858659746	0.418110856543807	0.193089805785575
-0.00437721144950665	-0.00140269733671067	-0.0844634748114867	0.0735154078499495	0.261578790658794	0.129460421843112
-0.0313366667137475	-0.0772463706908009	-0.170170796120336	0.0883318943151441	0.0951059147702753	0.0612925638475285
-0.0580336366205077	-0.160627606127327	-0.254197958687774	0.101659694594081	-0.0772478232421025	-0.00982238412107306
-0.0837723120728934	-0.249271022337934	-0.334078145110222	0.112910180514939	-0.25092907230925	-0.0820679228987421
-0.107871848565585	-0.340326877580872	-0.407454840738751	0.121564120502166	-0.421296472624032	-0.153576030350336
-0.12968449589011	-0.430508632448324	-0.47216133974655	0.127204692605181	-0.583763620114233	-0.222478833513082
-0.148655893220319	-0.516592892174973	-0.526398222494011	0.12958221099636	-0.73417242858386	-0.287051635105316
-0.16420027694651	-0.594623567467677	-0.568436791108456	0.128486161386259	-0.868139594792103	-0.345457492622788
-0.17584689404517	-0.660864529344663	-0.596986385899122	0.12387729235181	-0.9818725540477	-0.396070996384372
-0.183223575014113	-0.711870460009561	-0.61115132459302	0.115844135348147	-1.07210370790114	-0.437455867215467
-0.186073044283001	-0.744717050171334	-0.610454874372707	0.104589006005882	-1.13619314049915	-0.468410704704596
-0.184361293380262	-0.757529131058147	-0.595211255870527	0.0904420914578494	-1.17286453591653	-0.488289516799823
-0.17796408510751	-0.748485751757561	-0.565287644380011	0.0737312769503672	-1.18006850447535	-0.496086376520864
-0.166960683817138	-0.716689461457561	-0.521169019472446	0.054865470856218	-1.15701171445337	-0.4913165678542
-0.151559855349066	-0.662012519963986	-0.463660049044533	0.0342925146954774	-1.10368507548242	-0.473819886058354
-0.132101153538562	-0.585119036266175	-0.393881638384098	0.0124890844591692	-1.02092171073455	-0.443792169811413
-0.109144904285376	-0.487656022022058	-0.313694561672394	-0.0100382202047671	-0.911135279263316	-0.402118906701468
-0.0831436496823672	-0.371560804992623	-0.224237089181643	-0.0327885486186984	-0.775926518854984	-0.349318512188313
-0.0547126955369808	-0.239490533891396	-0.127191747841094	-0.0552487428691664	-0.618215056281321	-0.286490694535683
-0.0245384669396097	-0.0946233747102114	-0.0244444601042326	-0.0769069268713725	-0.441612251455072	-0.215044831843499
0.00663586269380725	0.0594160270272755	0.0819043664832898	-0.0972605543505606	-0.250369579420193	-0.136682230595098
0.037987277487047	0.218689514188374	0.189267824433074	-0.115836821027464	-0.0496572032897853	-0.0535321389435165
0.0687667174933774	0.378904236829741	0.295506023292248	-0.132165528510503	0.155792939375552	0.0324711674168427
0.0982012097854047	0.535574728671653	0.398155939324831	-0.14582931174406	0.360707160150113	0.119132392649744
0.125545521588036	0.684164081051933	0.494694849432955	-0.1564636789269	0.559730529348301	0.204199855270912
0.150099771675292	0.820234962009626	0.582593899418163	-0.163767255625571	0.747575015710341	0.285427228822127
0.171263000434569	0.939872453933948	0.659417041162113	-0.16752499276084	0.919359481332642	0.360710711696674
0.18842684077795	1.03896451768835	0.722810705770958	-0.167565817764691	1.07013471440943	0.427907863990331
0.201108425492917	1.11390423868292	0.770692826207668	-0.163818764454218	1.19561160670474	0.485131195801037
0.208935559892506	1.16162756544976	0.801326848402326	-0.156302784281245	1.29215745365352	0.530750662354203
0.211661671518768	1.17978199263084	0.813410596622091	-0.145128734161426	1.35692926003249	0.563450511260335
0.209269799551762	1.16723280965408	0.806466516836128	-0.130503761248268	1.38862290509583	0.582554142972478
0.20166915980282	1.12303747136546	0.779832509068942	-0.112709255692234	1.3853893843547	0.58712294863981
0.188987733112704	1.04733528794976	0.733656966378713	-0.0921125598597513	1.34687921214542	0.576844605633902
0.171497656691301	0.941230466128843	0.668666528370171	-0.0691515840471463	1.27374591726735	0.551824113948463
0.149615494453045	0.80684468992839	0.586173529374054	-0.0443224065666441	1.16766611013057	0.512599566628192
0.123991619342531	0.647567028655757	0.48849067732594	-0.0181608334579245	1.0320474331831	0.460464312668474
0.0951730065236957	0.467186103102052	0.377422668913019	0.0087561482376393	0.86948072639753	0.3963468112129
0.0638805166976565	0.270400905104582	0.255509888665776	0.035841196428645	0.683923167843943	0.32178089436261
0.0309072794335063	0.0625049871192872	0.12561206567577	0.0625031873981014	0.479965292983586	0.238591220508247
-0.00290384540021703	-0.150790678130389	-0.00915637666607064	0.0881568174111835	0.262716146633878	0.148849276898973
-0.0366417742709317	-0.363568630514297	-0.145189825450521	0.11223584637613	0.0380687397565424	0.0550024168108931
-0.0695054017434062	-0.569889137281082	-0.279531844182014	0.134180053187311	-0.188822107928451	-0.0408166041346138
-0.100698414897313	-0.763932797478173	-0.409039530484558	0.153468546548431	-0.412444519669845	-0.136289524343825
-0.12948894039515	-0.940234958767211	-0.530707084010851	0.169619809067423	-0.627418897399911	-0.229130061991987
-0.15522719276652	-1.09386628294889	-0.641722867437882	0.182201580949366	-0.828620638263462	-0.317135932981583
-0.177390322160109	-1.2208751893745	-0.739498378863444	0.19083629463689	-1.01145299048911	-0.398298752461634
-0.195480640804275	-1.31746683468555	-0.821779063856609	0.195233694575967	-1.17140787887198	-0.470635410820877
-0.209138276530366	-1.38072100375128	-0.886655528651849	0.195195416395016	-1.3046827841409	-0.53243416104833
-0.218111621088384	-1.40855320841168	-0.932599936019695	0.190627126525209	-1.40812328082757	-0.582234089216174
-0.222254851280895	-1.3998191719131	-0.958485802748524	0.181545747752189	-1.47929131813742	-0.618854552385267
-0.221612834600086	-1.35482406883544	-0.963875534298748	0.168060358498335	-1.51714574954905	-0.641691921468204
-0.216112729340465	-1.274010035074	-0.948111542412721	0.150443580923552	-1.51994197889028	-0.64981273364859
-0.205848181482869	-1.15900256870706	-0.911189949815648	0.129063341262336	-1.48727088173659	-0.642839577559107
-0.191001550966521	-1.01238792676078	-0.853555627431585	0.104388547194756	-1.41954174219583	-0.620736674310067
-0.171847624678103	-0.837723847267674	-0.776131717397575	0.0769755408289226	-1.31801171596314	-0.583832251685686
-0.148850830659507	-0.639800375072143	-0.680738029546927	0.0474288500363709	-1.1855225024002	-0.53315596051869
-0.122346920171851	-0.423571428616282	-0.568755683559115	0.0164730462534817	-1.02399858942664	-0.469338016976703
-0.0928398538162718	-0.194787363454937	-0.442330357069417	-0.0151425563660026	-0.836741319192085	-0.393629659609072
-0.0609188035145338	0.0403827016773436	-0.304036056832942	-0.0466340761829883	-0.627748185536727	-0.307611081853138
-0.0272543544962287	0.275540609940425	-0.156854541435855	-0.0771976179037751	-0.401664320864665	-0.213175904340571
0.00736765283463636	0.504285951604038	-0.00442344212776408	-0.106032804384419	-0.164106640280493	-0.112686830384561
0.042208939375285	0.7203671466753	0.150022995506382	-0.132335865618264	0.0798247702394867	-0.00829210973088934
0.0764689622518544	0.917874471188912	0.302892923725699	-0.1553598833981	0.324403369942298	0.0975467396818325
0.109342194185145	1.09145480480105	0.450557149893155	-0.174428542775989	0.563773182947259	0.202280572147802
0.140040127781679	1.23648682009499	0.589438923138242	-0.18896309909856	0.792094640491675	0.30333777360111
0.167846763440594	1.34957284706432	0.71606779022477	-0.198484445935376	1.00385991481245	0.3982553137847
0.192026615498372	1.42751098444676	0.827298181251851	-0.202714008610304	1.19351069998615	0.484543425837209
0.211965907375077	1.46822249842672	0.920357689465253	-0.201535014015373	1.35615561325972	0.559972170652331
0.227156508433304	1.4706244507487	0.992931899205849	-0.195011550104307	1.4875673210363	0.622580589742932
0.23720999205237	1.43469915965515	1.04322421701247	-0.183383650737557	1.58431346051565	0.67073588873732
0.241956689021562	1.36202980294261	1.07021439515299	-0.167006456427515	1.64448876759837	0.703454973490658
0.241145823675028	1.25416685667522	1.07295598380136	-0.14648226492143	1.66565215435244	0.71950827370476
0.234750517258976	1.11391380282626	1.05132009512488	-0.122502099844094	1.64696823066518	0.718350145025333
0.222885513278133	0.94494907998983	1.00580128574726	-0.0958462908365151	1.58866701254153	0.699890136479179
0.205806434418297	0.751774625179593	0.937507954660752	-0.0673485283261954	1.49205701996473	0.66450441749381
0.183995275738572	0.539979981127211	0.848463830951935	-0.0378220419716287	1.36021619003029	0.613353351867115
0.157841027888086	0.314942333677507	0.74043385093894	-0.00816471606351011	1.19547477532794	0.547260956593932
0.127925195998468	0.0826717044060324	0.615894007613754	0.0207919890976207	1.00168849168973	0.467737397289608
0.0949266802030427	-0.150633385936625	0.477690362594392	0.0482705015599636	0.783482347948569	0.376652397654972
0.0596079658903159	-0.378762952479979	0.328977518733072	0.0735666864220653	0.546138599051084	0.276194790470998
0.022833980807915	-0.595721437688091	0.173407468274349	0.0960722161718335	0.295834508470357	0.168996615577713
-0.0145698360926041	-0.795785811884056	0.0141915587093517	0.115263607826916	0.0381985749676423	0.0574611989287989
-0.0517339569201489	-0.973766349853861	-0.145247040295928	0.130750808702832	-0.22065930987925	-0.0557447189579789
-0.0877937324491496	-1.12516386683917	-0.30152205574435	0.142269833262547	-0.474635126780276	-0.167916838863744
-0.121908515890768	-1.24631467749745	-0.451327181838475	0.149683552181928	-0.717771927959593	-0.276379338241728
-0.153322230034914	-1.33496441921819	-0.591438644216385	0.152947482029245	-0.944587965226188	-0.378624272844702
-0.181236143325271	-1.38879435816115	-0.718869810282525	0.152197105824256	-1.14953676052041	-0.472120363128995
-0.204987478829821	-1.40680515006689	-0.830927483555061	0.147671830256904	-1.32784711924479	-0.554649790061646
-0.224018715727395	-1.38898475009265	-0.925239241424325	0.139707557211741	-1.47541974232656	-0.624281680348703
-0.237889880730109	-1.33631109646802	-0.999786400245382	0.1287109375384	-1.58890810321055	-0.679413536091117
-0.246381050388583	-1.25135965858454	-1.05312978843808	0.115087780173617	-1.66642473479539	-0.719082859774155
-0.249174037957919	-1.13609339000407	-1.0837644293824	0.0993667110431097	-1.70536829612146	-0.742026149544933
-0.246188114629983	-0.993700242753598	-1.0908858675771	0.0820691573794431	-1.7046884247578	-0.74765691846703
-0.23748770241468	-0.828001204772939	-1.07421119092022	0.0637177006482488	-1.66429197301399	-0.735810700646353
-0.223280950658376	-0.643379665707944	-1.03399935338328	0.0448196526309883	-1.58506106261673	-0.706753002917428
-0.203999040510919	-0.445118706770175	-0.971346595496772	0.0258169539037442	-1.4695449322126	-0.661493031864091
-0.179992655833378	-0.23784694767797	-0.88719164547135	0.00720496181972434	-1.31951700426842	-0.600680801777356
-0.151811814339099	-0.026724090344372	-0.783251093091278	-0.0105801801069488	-1.13829873730346	-0.525652878321466
-0.120111581946166	0.183052313763415	-0.66173647813617	-0.0271384161235809	-0.930033218981273	-0.438111123780137
-0.0856384978129104	0.386378302466937	-0.525324640401498	-0.0421129519936129	-0.699607974301399	-0.340093537938196
-0.04923476544184	0.578464152838977	-0.377298778749512	-0.0552186333500341	-0.45286567036011	-0.234091799037721
-0.0117480794861213	0.754708929729876	-0.220854739610312	-0.066175270309187	-0.195365936111661	-0.122445892812585
0.0259308298387346	0.911070400011922	-0.059531456992228	-0.0748029499894013	0.0667409964917853	-0.00779531659360009
0.0629048394839032	1.04412514000181	0.102997875293777	-0.0809975294323406	0.327163200010305	0.107130506903166
0.0982911067463903	1.1511562002981	0.263003297456246	-0.0847295311809559	0.57962919916101	0.219579344725661
0.131300895427747	1.23081505182082	0.416805967593398	-0.08603588657909	0.818320142726676	0.326944400676871
0.161057408240195	1.28106416058295	0.560759831744254	-0.0850134215404961	1.03711758576635	0.426498964963737
0.186839215214957	1.30109821316982	0.691606253212176	-0.0818508827269228	1.23076432597843	0.515838955905506
0.208036095800091	1.29080025737648	0.806460750505054	-0.0767954308122389	1.39471691417889	0.592840921953022
0.224164897754249	1.25072339519946	0.902867144502158	-0.0701332485994801	1.52525450128955	0.655714985607245
0.234982482401866	1.18288433852655	0.979039111630195	-0.0621399311418847	1.62024414863304	0.703344051604177
0.240138392390529	1.08793554043842	1.03315757712817	-0.0531588522568634	1.67680082115504	0.734280915040544
0.23954748899775	0.967808237585312	1.06422611947757	-0.0435440916495659	1.69376225071803	0.74782020719308
0.233282639974156	0.824976506853855	1.07182014975813	-0.0336536386777739	1.6709937918901	0.743711128523619
0.221567869908981	0.662468653590072	1.05606520698506	-0.0238340461916606	1.60936306594792	0.722156085199575
0.204844463976793	0.484377130399769	1.01785155760051	-0.0143600350225678	1.51136693629918	0.684110910315403
0.183479565951815	0.2940322295908	0.957922412236391	-0.00557198447716072	1.37868878676219	0.630164065068298
0.158029504864497	0.0956650948932928	0.877718686793188	0.00226092793346766	1.21450371917909	0.561598011659573
0.129140374400617	-0.106175068327349	0.77909117311507	0.00892042431992454	1.022718496431	0.480045986306386
0.0975289979051239	-0.306737905600893	0.664263633151153	0.0142513136770571	0.807885181277544	0.387454831129529
0.0639651365506938	-0.501355385789867	0.535923627421721	0.0182106170467528	0.575343299667127	0.286175519766237
0.0292434707221116	-0.685143330353858	0.39673339418159	0.0207300695703213	0.330258715384026	0.178441154109014
-0.00583117816236363	-0.853586650470276	0.24963200654834	0.0218685110069912	0.0783114356973687	0.0667608893721561
-0.0404618339611558	-1.00258335476846	0.097705024918553	0.0217559637554786	-0.174654143895482	-0.0462606523883377
-0.0738743119473545	-1.12857365884568	-0.0558533369040707	0.0205770029845614	-0.422752805800064	-0.157977803837403
-0.105410538611672	-1.22939058116011	-0.207875417061205	0.018571231700785	-0.660549621599259	-0.265895434298097
-0.134266788028819	-1.3017481267739	-0.35492752835291	0.0159266794911963	-0.881958068901075	-0.367269884591348
-0.159796870928668	-1.34378420428303	-0.493872883351462	0.0128881798880267	-1.08171994573866	-0.45967294202807
-0.181441627299018	-1.35439433082157	-0.621766058518845	0.00969463723076674	-1.25515718908795	-0.540910670244258
-0.19873928771596	-1.33324907251088	-0.735895253563783	0.00656054700409087	-1.39828678271236	-0.609078340814164
-0.211445210990559	-1.28173258240844	-0.834099384752458	0.00365769346986552	-1.50866108531201	-0.662931832190017
-0.2191468593294	-1.19968750194674	-0.913814758731959	0.00111500752261477	-1.58282858333286	-0.700797174300994
-0.221678134560778	-1.08858904477536	-0.973256358833007	-0.000935801100764448	-1.61909977715659	-0.721768456144663
-0.21900404233362	-0.95063538400979	-1.01111455426313	-0.00237868209967273	-1.61679480333324	-0.725394827594605
-0.211219812739345	-0.788732382101557	-1.02657428959276	-0.00311491387919362	-1.57623742971295	-0.711686212729036
-0.198619046811327	-0.607026066200641	-1.01960698663489	-0.00310302142267831	-1.49939838237891	-0.681423654491001
-0.181427301210122	-0.408851934495723	-0.989970214050253	-0.00224478352549677	-1.38744801447112	-0.635017901554748
-0.160065467107207	-0.198631967527225	-0.938271165536625	-0.000477663394903749	-1.24313557279985	-0.573616551433773
-0.135058485527281	0.0187869710958018	-0.86565290166573	0.00223598379630504	-1.0700077300676	-0.498744925847321
-0.107021088542633	0.238245892660958	-0.773777356098596	0.00589597992298835	-0.87231920909467	-0.412265718052404
-0.0766271019958951	0.454570564851053	-0.66487880461672	0.0103936110140095	-0.655114162571168	-0.316449618832517
-0.0446339349152468	0.662189776917324	-0.54142572471183	0.0157038929586341	-0.423440036930157	-0.213501244102412
-0.0118232008732254	0.855817039817416	-0.406310911973369	0.0216781068448035	-0.182877920666681	-0.105909935161963
0.0210098831131653	1.03047300560411	-0.262725601477554	0.0281039905680766	0.0607747807645797	0.00372371630947303
0.0530771095008319	1.1816368813563	-0.114092183281857	0.0347141701928295	0.301635756536478	0.112745351814772
0.0837117863843368	1.30623725965127	0.0362099592672829	0.0411475882642704	0.534320939834922	0.218673295768312
0.112062319130018	1.39983963336492	0.184241847855035	0.047159619581857	0.752561888473249	0.318694412669816
0.137445604771373	1.45965819706914	0.326429271336075	0.0524154841813022	0.950970894331523	0.410336446125811
0.159268746542019	1.48383660410266	0.459412695034566	0.0565829391942011	1.12472897336438	0.491363201303737
0.177042896914888	1.47151965343421	0.580130737567783	0.0593568982887927	1.2697166661408	0.55983553260209
0.190513025848471	1.42397739018222	0.686267034589148	0.0604633529654022	1.38345298502743	0.614528336184992
0.19924557395293	1.34085586823966	0.774986052178069	0.0597532937108465	1.46228840664643	0.653707778088625
0.203069366754453	1.22386811298129	0.844459643424725	0.0570857934488787	1.50447052971959	0.676470013693611
0.20195058427207	1.07571919350136	0.893462458055032	0.052380697854219	1.50931936670949	0.68239102596506
0.19598927344135	0.90005325007258	0.921370812962194	0.0456276918316118	1.47722273043864	0.671531005003252
0.185486245063248	0.702015944084467	0.928470803235228	0.0369232965280616	1.41032092178088	0.64477091199768
0.170664455026238	0.485844327147921	0.914723381026544	0.026379278531061	1.30985631534171	0.602550259647677
0.151943346417566	0.256951767608181	0.880999563707214	0.0141773989538214	1.17873023378348	0.546082203482214
0.129838068907504	0.0211297734052219	0.828637384932392	0.000559330816574032	1.02061942982173	0.476944342779878
0.104940840362816	-0.215619371913924	0.759365414704525	-0.0141716505560253	0.839842703575646	0.397022623078963
0.0778839087291485	-0.447500168262817	0.675301577117591	-0.0295823477702579	0.641392903078782	0.308568250285581
0.0493689367227386	-0.668309847338628	0.578575943699902	-0.045344720128902	0.430126310847504	0.213700929335981
0.0201116980588912	-0.872411970250838	0.47156419321469	-0.0610159094182817	0.211308870201286	0.114782177389984
-0.00917067386332498	-1.05468869606636	0.356739367016228	-0.0761120153462514	-0.00972909679296676	0.014225972501931
-0.0377789485943081	-1.21068433320998	0.236624902167306	-0.0901223659379736	-0.227720908349931	-0.0855583893900437
-0.0651524333745835	-1.33777165295295	0.113496935703132	-0.102455248695964	-0.438100653564169	-0.182423333416882
-0.0905306788228135	-1.43164803861458	-0.00974641601714008	-0.112719650427822	-0.635341038115946	-0.27384432033208
-0.113320971781875	-1.4899378691658	-0.130599456073635	-0.120461894705103	-0.814866814353001	-0.357674491467132
-0.13301172960404	-1.51127770266391	-0.246686226411148	-0.125278175263247	-0.972640951167386	-0.431994666872733
-0.149183322136216	-1.49536441900509	-0.355776655394833	-0.1268427356653	-1.10524512205138	-0.495154752479572
-0.161648014471311	-1.44420150230006	-0.456281973602694	-0.124898337166916	-1.21087885950203	-0.546225913059718
-0.169993234071785	-1.35780993447388	-0.54558686288525	-0.119411318495097	-1.28614754112992	-0.583575936739516
-0.174062935388078	-1.23832797347581	-0.621891990832053	-0.110405844403187	-1.32945004916237	-0.606372521079917
-0.173819852662041	-1.08878356668803	-0.683716066691796	-0.0980277655093716	-1.3400444568433	-0.614178561344235
-0.169341516449734	-0.91301543559609	-0.72991787981057	-0.0825470701624495	-1.31804890096172	-0.606959025432134
-0.160896704041447	-0.716204622004846	-0.760134093263524	-0.0643840516312507	-1.26522526151043	-0.585464141965964
-0.14863258962274	-0.502487704724853	-0.773289405565978	-0.0440041887600351	-1.1820896216091	-0.549851006319286
-0.132892433837443	-0.276978621783793	-0.769215983879347	-0.0219592327430475	-1.07081155176709	-0.501058837045368
-0.114104588426274	-0.0450101065572548	-0.748182937563424	0.00114290489146032	-0.934296324445209	-0.44037963087878
-0.0927672292999326	0.187990642524585	-0.710881914981973	0.0246562707806313	-0.776103943417154	-0.36942171357745
-0.0694181336614882	0.416985945209824	-0.658499285925333	0.0478352113724895	-0.600544001522266	-0.290187502043165
-0.044658799173075	0.636203819182861	-0.592297435880066	0.0701266629838473	-0.411835543742919	-0.204564524331961
-0.0191250129890037	0.84045045196571	-0.514004035997498	0.0909286444807269	-0.214782640048675	-0.114743546059332
0.00652871222482853	1.02489000030148	-0.425627639878879	0.109679520428349	-0.0143973093073525	-0.023011219982206
0.0316466603007144	1.18514948649994	-0.329399178254007	0.12587340079491	0.184244139149141	0.0683178402428823
0.0556982188822146	1.31858846673858	-0.227405389647963	0.138998102120766	0.376702046218082	0.157190780203929
0.0779283049775548	1.42041000415594	-0.122554860796447	0.148818548384624	0.557445435252647	0.241135235088047
0.097736623515994	1.48764447552172	-0.0174554847740372	0.15510549031658	0.721871855934328	0.318067632492681
0.114597870148496	1.5182064426153	0.0853620605742687	0.157726773908988	0.865921564096771	0.386144195071592
0.128081156793932	1.51102113970347	0.183513178482611	0.156653122693547	0.986193217431155	0.443808237403392
0.138008585342404	1.46737952834374	0.275376137488851	0.151936103034675	1.08103211484835	0.490274172853545
0.14396889740242	1.3866217920221	0.358214961729261	0.143795366398936	1.14710552156399	0.523990331045092
0.145832878534155	1.27033571476969	0.43023773593246	0.132487595157675	1.18297605712621	0.544227184304696
0.143607986658654	1.12115858611474	0.490058355397933	0.118333766590335	1.18810257722507	0.550636164763029
0.137432380557192	0.942723035943076	0.536715874503518	0.101706663634473	1.16282196068593	0.543246202957837
0.127661708082904	0.740179332906691	0.570176467001484	0.0830559054790898	1.10920218222684	0.522881723362232
0.114500572847422	0.517888263387792	0.589536133204903	0.0627732534275624	1.02782024446147	0.489631120239019
0.0983630306307064	0.281329769039575	0.594872523888743	0.0412722252283256	0.920944354069159	0.444362844631107
0.0797420039711411	0.0363644806667151	0.586653892997264	0.0189625215852157	0.791522223004278	0.388260924437809
0.0591890149063151	-0.210908308038278	0.565680922564047	-0.00374806881797723	0.643095957941001	0.322797004709839
0.0372917125240745	-0.454670136574972	0.53317592377375	-0.026378970727022	0.479979612336561	0.249857157033946
0.0146528475156158	-0.688261627108672	0.490125360311595	-0.0486045073906079	0.306130312849017	0.171110889213641
-0.00809636552832915	-0.905576242347948	0.437893820589337	-0.070031550194977	0.126130108788075	0.0885770398107227
-0.0303263116786235	-1.10089127989922	0.37795599702476	-0.0902530465261551	-0.0552741027486322	0.00438673280410697
-0.0514269448508866	-1.26903838422226	0.311842120498562	-0.108845724287768	-0.233309698867983	-0.0792776824539698
-0.0709335821237501	-1.4067397978127	0.240791069280216	-0.125317726775888	-0.403855172833322	-0.160464007854333
-0.0881779880277967	-1.50877204967637	0.166732553221876	-0.139316402554879	-0.561788033258037	-0.236793034788379
-0.102655023516626	-1.57195672817134	0.0912931858382846	-0.150448971925201	-0.702885328380302	-0.306232793732053
-0.113943735338197	-1.59425074485815	0.0160422467865492	-0.158361959974061	-0.823474763024832	-0.366972426632395
-0.121723761536713	-1.57487329115393	-0.0575238844421265	-0.162766657811931	-0.920552972530463	-0.417482406093926
-0.125943887257573	-1.51567487079342	-0.128597886968809	-0.163454570978327	-0.99293695695633	-0.457045796523421
-0.126291471034522	-1.41668243972091	-0.194975908824286	-0.160360387144034	-1.03765614433283	-0.484126921646401
-0.122737841068764	-1.28031367691669	-0.255185682633281	-0.153519796557622	-1.05367291433819	-0.498055955403251
-0.115386410933856	-1.11012511659781	-0.307908978563126	-0.143098034696421	-1.04085860199502	-0.498576845491684
-0.104469715612289	-0.91072098346149	-0.352007657390618	-0.12939082621614	-0.999983572552667	-0.485850698575623
-0.0904560956111064	-0.688305570304188	-0.387119244596298	-0.112854076885485	-0.933666033288819	-0.460920127931858
-0.0736299377881974	-0.448131041096339	-0.411679382551075	-0.0939618776084521	-0.842823965196609	-0.424017869238301
-0.0544995683272361	-0.196560074519166	-0.425031620625575	-0.0732813987077983	-0.73011745161036	-0.37620699282343
-0.0336543545483002	0.0597626036517609	-0.42685088467183	-0.051421321864379	-0.598834434324711	-0.318862656687462
-0.01174197356733	0.314096862727271	-0.417158529347036	-0.0290047120590144	-0.452773953727669	-0.253625332629193
0.0105481882063772	0.560119541367057	-0.396542348258722	-0.00669537357308516	-0.296472706256274	-0.182541304939153
0.0325522858475299	0.791052239285289	-0.365340828842564	0.015006532023664	-0.13375716308033	-0.107297218848785
0.0535907395326786	1.00090135739177	-0.324532953136296	0.0356268915472444	0.0310136111993552	-0.0298872893069448
0.0730175197502226	1.18437241574579	-0.275422060502392	0.0547740719136542	0.193496397856617	0.0476648047465639
0.0902450764332874	1.33704240144009	-0.21957893155901	0.0721445668097075	0.349492849708878	0.12336720075173
0.10486947322968	1.45664763765531	-0.158521669632391	0.0874956835099359	0.495547709278744	0.195518512380163
0.116339891586035	1.53925168804319	-0.0944704604138588	0.100728927611594	0.627436204261924	0.262090417385021
0.124298487347579	1.58307775166285	-0.0295300838492479	0.111793631253016	0.741799209913666	0.321411997032782
0.128503256390838	1.58750060567695	0.0342015968213789	0.120693581677871	0.835801359994836	0.372040507220872
0.128836838598407	1.5530456969875	0.0947211402993893	0.127467145243306	0.907197819614553	0.412797096272852
0.125468153762712	1.48267339522673	0.150791238541775	0.132183062022883	0.955442785340803	0.443280144058076
0.118308505296821	1.37707837952828	0.199977516402873	0.134872576553105	0.978072357018572	0.462202997938483
0.107542790285187	1.23897225561522	0.240711756506202	0.135559912645615	0.974355836387872	0.469059051615214
0.0934728132904721	1.07174455560315	0.27178355573211	0.134248291007308	0.944302473930818	0.463667753400094
0.0765085247912018	0.879365766325571	0.292382430315776	0.130924592639049	0.888677394951454	0.446180502590576
0.0572796127636881	0.667060106114852	0.302740301140349	0.125608355264941	0.810045409911697	0.417579767322954
0.0361809462607178	0.438529558439548	0.301972651969299	0.118242881536883	0.709074994393272	0.377920655521609
0.0138006175743765	0.198425193866027	0.290278486912973	0.108823103930706	0.58817548723421	0.328058860698549
-0.00922965157138565	-0.0484275620827348	0.268283113779986	0.0973867041814309	0.450386494704203	0.2691398179055
-0.0322563106478031	-0.297057410970578	0.236997899838247	0.0840313943094688	0.299298840051648	0.202578914263774
-0.054603445315663	-0.54262057524554	0.19807116959772	0.0689494291482541	0.139404529834447	0.130263970667958
-0.0756842057500967	-0.779616437674451	0.152603105132134	0.0523499613982723	-0.0256531763858369	0.0536921586212816
-0.0949082819942656	-1.00274422247852	0.102284769498934	0.0345196791128458	-0.191530841132674	-0.0252315353464124
-0.111735929334132	-1.20676869037989	0.0489507346197391	0.0157948886909364	-0.353813589986583	-0.104489982587206
-0.125694568496184	-1.38662308815778	-0.00551150769600416	-0.00345136925523373	-0.508149532261096	-0.182008655077104
-0.136484395557621	-1.53869211291276	-0.059426997558085	-0.0228363049579752	-0.65078376790532	-0.255888973525117
-0.143682538578802	-1.65701785178538	-0.110850319030167	-0.0419338501431985	-0.777336710072776	-0.323896138267246
-0.1470363412748	-1.73729133664505	-0.158086940226375	-0.0603377856085317	-0.884192229951267	-0.384064976171315
-0.146396615628683	-1.77601380191683	-0.199645890152267	-0.0776547403192838	-0.968264003032761	-0.434623349158544
-0.141726949495039	-1.7707181858045	-0.234292576423041	-0.093510355428961	-1.02709373188774	-0.474057086063042
-0.133263636977341	-1.7215719593269	-0.261642052371509	-0.107595888329912	-1.0599652162579	-0.501647232597355
-0.12099108548284	-1.62666116939898	-0.280270351788216	-0.119535389872968	-1.06441300411086	-0.515868147299402
-0.105156028257635	-1.48676148539341	-0.289558925702301	-0.129037780297889	-1.03976924058706	-0.516038280369404
-0.0861214303188044	-1.30409296081	-0.289183734634676	-0.135870384649558	-0.986228738976339	-0.501903214882565
-0.0643611957180555	-1.0823315882042	-0.279112665174383	-0.13987336913064	-0.904876511647645	-0.473658609781964
-0.0405763941027334	-0.827370634528091	-0.260212812368895	-0.141006304596906	-0.798756169763236	-0.432466371200815
-0.0152355202303415	-0.544327721956096	-0.232089025964312	-0.139236299149881	-0.669104786750348	-0.378671415566433
0.0109977849223577	-0.240113060776741	-0.195231324473811	-0.1346559040132	-0.518995758032513	-0.313526882011966
0.0374147671921388	0.0775525276321756	-0.15039368069375	-0.127441606255878	-0.352209831395338	-0.23866666629377
0.0632851949906281	0.400353664433236	-0.0985901934942278	-0.11783753897216	-0.173135625804842	-0.156063120716078
0.0878526822870171	0.719892872214992	-0.0414304607903061	-0.106128639212471	0.0128520425992053	-0.0682199956354757
0.110472402537405	1.02702816638806	0.0201213856270698	-0.0926274459066161	0.201342391315177	0.02278026572283
0.130504134400682	1.31301415738989	0.0844584790502376	-0.0776332124557003	0.387233881687151	0.114465036868065
0.147375441163427	1.56954352291048	0.149751252575601	-0.0614186871643861	0.56542735655883	0.20430817417717
0.160602054774224	1.78901733677234	0.214000194762796	-0.0442218923019641	0.730988440510427	0.289810238376968
0.169883962128763	1.96602391048629	0.275194924541128	-0.0261986534691052	0.879636186072495	0.368726963687401
0.174853345905507	2.09341662936822	0.331137632287605	-0.00760746694055297	1.00679442083958	0.438657680980055
0.175325434053298	2.16654534881887	0.379688232852845	0.0113527666421802	1.10876288695765	0.497575455182033
0.171240592925681	2.18236215438047	0.418848418551874	0.0304704512270478	1.18256375533922	0.543774635385818
0.16266873731567	2.139596355699	0.446875081638125	0.049502093239209	1.22604357391973	0.57592998041339
0.149948266785325	2.04029494498964	0.462831394282834	0.0682249770599615	1.23891288382809	0.593597392176931
0.133206288056594	1.88489350070984	0.46515662677207	0.0861988133069064	1.21947531911293	0.595685536866508
0.112812277371259	1.67692473223881	0.453158387445185	0.103014109493573	1.1678824231085	0.581987877687915
0.0892421542758066	1.42159020457405	0.426667078060224	0.11823452683449	1.08523746505053	0.552773316856904
0.0630693613229445	1.12561309025504	0.386060164145753	0.131415250990682	0.973578780505476	0.508786038440493
0.0350715907024194	0.797820024827128	0.332813957988789	0.142158028260649	0.836874000012835	0.451724867725381
0.00579991168756685	0.446114225683001	0.267542603541821	0.150009970519698	0.677311986371977	0.382482688121694
-0.0240262381553365	0.0798499321912107	0.191849817529217	0.154616754899586	0.498757753980974	0.30278324272444
-0.0536570557935958	-0.291221620359244	0.10772558912164	0.155700669451834	0.305635845079646	0.214650680428447
-0.0823342663835391	-0.657239800086051	0.0174727809401446	0.153074847006122	0.102810254712699	0.120348582246637
-0.109280866423327	-1.00885074501236	-0.0760031126146691	0.146627091945079	-0.104019078708945	0.0225667406748705
-0.133852071027965	-1.33639570318317	-0.170599179940242	0.136420821620416	-0.310341791761558	-0.0765582487941263
-0.155420982002615	-1.63120139000258	-0.263730403850659	0.122613324289107	-0.511119290777599	-0.174620609514184
-0.173442679731074	-1.885570394049	-0.352812378935033	0.105483118183005	-0.701457976736702	-0.269269530984022
-0.187472875849914	-2.0930122748854	-0.435341993652633	0.0854286550616647	-0.87673159938913	-0.358265295855351
-0.197248534917309	-2.24968771602234	-0.508973870469352	0.062884712195937	-1.03296524564491	-0.439652191987986
-0.202471919595415	-2.3502735099327	-0.571629652815758	0.0385719598506786	-1.1660346793083	-0.511384687923828
-0.20301741191586	-2.39215513958009	-0.621416149572464	0.0132025644581782	-1.27260504252255	-0.571744744156384
-0.198875803084317	-2.37436734625544	-0.6567397153558	-0.0124730350958809	-1.34998356280906	-0.619270020505386
-0.19015035642359	-2.2976220409605	-0.676360234541052	-0.0377011125880213	-1.39618422353339	-0.652780354700796
-0.177175453055266	-2.16570394143339	-0.67978443481437	-0.0618401629028857	-1.41087531434904	-0.671826958748579
-0.160077287868776	-1.98044137916507	-0.666127424085122	-0.084113538678528	-1.39232848142627	-0.675258697826241
-0.139179730482656	-1.74632060804852	-0.635211328087714	-0.103931445450229	-1.34043800413152	-0.66265394662271
-0.114883930193403	-1.46901680871686	-0.587300002259424	-0.120823496324166	-1.25591471183018	-0.633962156895876
-0.0876656770317913	-1.15525091134543	-0.523121084930093	-0.134445369300891	-1.14030644404577	-0.589536476375257
-0.0581806378605977	-0.813377867595096	-0.444352747671569	-0.144610359246924	-0.996980802621798	-0.530628422547734
-0.0268865397663327	-0.450586954321995	-0.35198065362147	-0.151146270663803	-0.827697420649097	-0.457768019418905
0.0055939422765774	-0.0752793210368685	-0.24787329044932	-0.154024373324788	-0.635882766336402	-0.372344241560417
0.0385834644869231	0.303834902767002	-0.134311101372371	-0.153296210341321	-0.42564742635587	-0.276147421058966
0.0713589304230433	0.677903182445091	-0.0139501151885595	-0.149075416779226	-0.201722052537238	-0.171343331826991
0.103137579873602	1.03850399455875	0.109900861566957	-0.141494784305057	0.0301414417727489	-0.0606723627668128
0.133195917913147	1.37652627876555	0.234523875272415	-0.130791358218174	0.265026950127627	0.0534752405145306
0.160786908120411	1.68359903757089	0.356687771549882	-0.11722015952749	0.497299362203323	0.168294389060098
0.185196129159395	1.9520036338702	0.473095689439269	-0.101075821444215	0.721242378503278	0.280890548476405
0.205767298354977	2.17491521823911	0.580497078664904	-0.0826944099808968	0.931215426567722	0.388366093131766
0.221991311370526	2.34793281419393	0.675774639978585	-0.0623763526875231	1.1220770623261	0.488022787106733
0.233311797662844	2.46485493341636	0.756199746903276	-0.0406603811782038	1.28848408646782	0.577070875134247
0.239349590640746	2.522122338426	0.819319267818165	-0.0180487717871291	1.42588958798566	0.653070405188867
0.239862765405599	2.51780997221503	0.86313284695567	0.00492185692087929	1.53046998665283	0.713914379614313
0.234758077516376	2.45175615544469	0.88618026162089	0.0276901534981046	1.59925746874125	0.757897295871702
0.224209410699391	2.32701702978104	0.887855878276926	0.0497715599076375	1.63107139230339	0.784165001353328
0.208270305730709	2.14501675568588	0.867617479872945	0.0704597610259301	1.62375899952961	0.791407473231931
0.187244564930362	1.91013519460612	0.825736015160458	0.0891682629264923	1.57700089372026	0.779194691869058
0.161575122375888	1.62825802273549	0.763096834998124	0.105354906160435	1.49157257242381	0.747636472126536
0.131834936493173	1.30659706908424	0.681178905375551	0.118540266584212	1.36934606557682	0.697392482904524
0.0988040938227234	0.954106140265563	0.582374804675111	0.128376243965028	1.21412960884258	0.630095800606144
0.0631406935236544	0.578921708100909	0.468683840985803	0.134480985987469	1.0285572912258	0.546829874910615
0.0256650258136613	0.190326810443122	0.342822615331457	0.136655063331816	0.816929191916323	0.449532915564956
-0.0127458975432767	-0.202184624025986	0.207811961114638	0.134833930120963	0.584268148527349	0.340539817310137
-0.051179251443679	-0.589173807870588	0.0668931268621051	0.129094011884882	0.33619049030947	0.222521802844774
-0.0886965086274088	-0.961981728376703	-0.0762951226551705	0.11963634158536	0.0791634260540551	0.0986299350463179
-0.124405035085199	-1.31134669840354	-0.218730389143051	0.106824933068547	-0.181090462695292	-0.0283465761507961
-0.157440421293212	-1.62909741911148	-0.357155313363019	0.0911394333509785	-0.43839593239832	-0.155335745784454
-0.187003252685888	-1.90792682776857	-0.48842306950182	0.0731573343704256	-0.68667700969052	-0.279275565722402
-0.212380948750559	-2.14154535460605	-0.609565647925184	0.0535236737893338	-0.920104227640193	-0.397191791868799
-0.233036233895256	-2.32611232859492	-0.717832171977989	0.0328470693043761	-1.13351066303737	-0.50638775545456
-0.24838582952529	-2.45588066939961	-0.810842732226912	0.0119085202507758	-1.32156898571114	-0.604118453251041
-0.258049299272285	-2.52759566817074	-0.886474153697861	-0.00860140737615337	-1.47984675351264	-0.68803554097214
-0.26179232320244	-2.53940701994249	-0.942956075432644	-0.0280434560888874	-1.6046427258317	-0.756135725809641
-0.259531549903642	-2.490965670614	-0.978909777987078	-0.0458490343879738	-1.69306374330706	-0.806804520948443
-0.251440282777306	-2.38481835331673	-0.99359157777457	-0.0616224148727102	-1.74385453076444	-0.839221436577004
-0.237579669467811	-2.22179264531617	-0.986220903715497	-0.0748353470483556	-1.75478211668779	-0.852113825517323
-0.21824961367271	-2.00545344079515	-0.956643423639397	-0.0851418445394474	-1.72526538024488	-0.84501564308547
-0.19388061201117	-1.74076537636192	-0.905186446744338	-0.0922924234326901	-1.65567894516473	-0.817943299274852
-0.16502456765163	-1.43397933153449	-0.832683673200892	-0.096137429671229	-1.54737314840783	-0.771410829337119
-0.132416737565615	-1.09303837337368	-0.740770906079552	-0.0966976391804209	-1.40345539349044	-0.706832840681617
-0.0967058899822691	-0.725329368757257	-0.630922487659137	-0.0939339765006718	-1.22605235551089	-0.625132930966538
-0.0586836389802734	-0.339473062762672	-0.50536593727402	-0.0879980357998847	-1.01889145825904	-0.528059109657622
-0.0192004282010823	0.0555054609315909	-0.366795549462146	-0.0791615711903828	-0.786504707938854	-0.417780016967993
0.0208499018528434	0.450404213447797	-0.218329171301181	-0.0678116422344356	-0.534153093582869	-0.296846466441597
0.0605547226223294	0.836584894380499	-0.0636009664021736	-0.0544467622627476	-0.268030945023928	-0.168323890514802
0.0989777255901295	1.20439378330771	0.0938769891566	-0.0396152100602136	0.00596201819012113	-0.0350678108743245
0.135213674260005	1.5449761903925	0.250264749283846	-0.023947156899951	0.281355591107026	0.0997320488221143
0.168400387209359	1.85001848264217	0.401668815830567	-0.00809612293461968	0.551571953016154	0.232815395341588
0.197739837587461	2.11193209397769	0.544264658752277	0.00730224770817368	0.810100213600362	0.36093825454957
0.222604407740571	2.32537824637374	0.674480503663459	0.0217259014643668	1.05102899540264	0.481105280887278
0.242262132211685	2.48288080474548	0.78892965062041	0.034612258195751	1.26801391544205	0.590170749018501
0.256194074514234	2.57945464374279	0.884690298722876	0.0455435528595935	1.45567214773146	0.68540938247137
0.264028454576797	2.61161085854977	0.959360726272162	0.054217490649091	1.60939542846407	0.764460326557665
0.265555290136566	2.57758605897274	1.01113769490448	0.0604503667840716	1.72547827382845	0.825393577182995
0.26084529185455	2.47887423058386	1.03908423477878	0.0642632888605496	1.80200972880328	0.867150631628134
0.249875648132808	2.31564432222466	1.04242580348481	0.0655483292131256	1.83619387488486	0.88824449456203
0.2329029345847	2.09138859923276	1.02126395301439	0.0643576042742554	1.82710241033014	0.888098217821921
0.210352682972707	1.81154883508033	0.976360141390753	0.0608027307611611	1.77493013550432	0.86669192237445
0.18280900478728	1.48335986196353	0.90909700898647	0.0550445402312539	1.68098711163862	0.824564718973908
0.151059354658073	1.1161239286624	0.821634697258821	0.0473648039721183	1.548389532637	0.763188726492167
0.115856942942876	0.718971909983161	0.716089387028612	0.0378946091284328	1.37944761284329	0.683588474263008
0.0780992436580188	0.302469318427186	0.595184408769409	0.0268970970136188	1.17806336085117	0.587618378536037
0.03874200131766	-0.122369195148857	0.46195397813457	0.0146896723895547	0.948931449274416	0.477544916913289
-0.0012291205177837	-0.544465274114986	0.319654642792804	0.00164494360070026	0.697433799569613	0.355995633719804
-0.0408571525290931	-0.953655486345619	0.17174274992711	-0.0117937903314724	0.429715071187681	0.226039964583883
-0.0791395854352929	-1.33888400930677	0.0215532961204987	-0.0252000029257962	0.151840626114605	0.0906210979344658
-0.115166080999062	-1.69040727730151	-0.12754673998739	-0.0380750739303234	-0.129701828683615	-0.0470436817910679
-0.148109658398977	-1.99946998172601	-0.272297512133811	-0.0499074499177036	-0.408338481346112	-0.183675832292034
-0.177244659962738	-2.25847495986289	-0.409608597413135	-0.0602034308490573	-0.677557499680515	-0.316012578765223
-0.202068158251412	-2.46253384827784	-0.536763095665625	-0.0685609264348281	-0.931533851468929	-0.441087939294633
-0.221936033912921	-2.60472205877566	-0.65095479763	-0.0745660285820031	-1.16365136055535	-0.55562495821441
-0.236446634689942	-2.68099511916091	-0.749846873495591	-0.077917840523553	-1.36831801100003	-0.656814160079941
-0.245338349100682	-2.68896650791292	-0.831464627226284	-0.0784250665653991	-1.54064395613937	-0.742196614409981
-0.248490589306764	-2.62802911630565	-0.894226452609913	-0.0760204143005828	-1.67656990106657	-0.809732495281072
-0.246041457261414	-2.50078289073479	-0.937252818218286	-0.0708435522719854	-1.77383165438743	-0.858279109583667
-0.237965012160331	-2.30839534452727	-0.959394442407896	-0.0629758771264634	-1.82905896348394	-0.886171370024215
-0.224479188095988	-2.05533589588834	-0.960250646615715	-0.0526716259211363	-1.8408177169577	-0.892704984501847
-0.205922629157662	-1.74793641104386	-0.939891675159237	-0.0402767630420385	-1.80880314606064	-0.877743527643101
-0.182748177474788	-1.39423017481172	-0.898859198451513	-0.026211843221226	-1.73384880063842	-0.841720775540962
-0.155570288064668	-1.00416678002904	-0.838380654095634	-0.0110309420243558	-1.61861218200162	-0.786005692044603
-0.124957832863659	-0.587594512063168	-0.759561869206372	0.00487100230338726	-1.46503231232104	-0.711544662962781
-0.0916104952327898	-0.155705932288324	-0.664167695998409	0.020998519429686	-1.27671191567354	-0.620129875138111
-0.0562923248271235	0.27991466482218	-0.554354921538944	0.0368538780063006	-1.05812841933345	-0.513980881785575
-0.0198179446904007	0.707706040658811	-0.432628865978466	0.0519534109789297	-0.814531655468168	-0.395691996926074
0.0170103773655142	1.11718046160184	-0.301778008565489	0.0658009423819366	-0.551941642298403	-0.268274218701019
0.0532618544130853	1.49705235227832	-0.164838393284979	0.0780527948752286	-0.276571821518744	-0.134712261341588
0.0880661932987325	1.83767025430538	-0.025001357378021	0.088346257170125	0.0049276008880539	0.00175832534865388
0.120589212280865	2.13064761062062	0.114459674007785	0.0963676215081511	0.285745289186421	0.137832868565045
0.150055448075133	2.36901723823401	0.250269271738838	0.101865021230278	0.559071633372003	0.270217646254813
0.175895249073352	2.54870186673825	0.379503438368555	0.104680838737422	0.818828720618998	0.395950665521422
0.197331023723824	2.66378524461592	0.498740925815134	0.104702340512659	1.05791290183426	0.511666185119538
0.213834411712679	2.71136905128163	0.60510391573612	0.101890618504445	1.27034335361299	0.614509570366964
0.225018645235449	2.6902245518506	0.696068332540541	0.0962855671352017	1.45087596945947	0.701981978469255
0.23065051239546	2.60081061549324	0.769536200427227	0.0880109007223114	1.59515403528684	0.772008773295766
0.230788775853781	2.44659771752896	0.824276706150649	0.0773483629206333	1.70076092424323	0.823443726726108
0.225323249590985	2.22944674646777	0.858637115495546	0.0644882478592417	1.76408099692661	0.854553319238814
0.214431299676769	1.9543433380533	0.871952875477871	0.0497460668501877	1.78362076289144	0.864609137325083
0.198439124957844	1.62798157428811	0.864163919783476	0.033492175325525	1.7591187708364	0.853462465512
0.177810032617073	1.25865389952624	0.835804688174297	0.0161415579909823	1.6915426014207	0.821545618441055
0.153190627787058	0.856583072143093	0.788233027337058	-0.0017737481186503	1.58380871204693	0.770258215706245
0.125170238837954	0.431769713633218	0.722648172026141	-0.019909506452534	1.43801991670361	0.700521322830526
0.0944769989360133	-0.00434582550768093	0.640999940629842	-0.037824606141728	1.25804345226748	0.614141965769091
0.0618935697364951	-0.439866256919539	0.545627473558107	-0.0550783278450621	1.04862187280187	0.513356793009414
0.0282359925513338	-0.86286526751126	0.439172966654481	-0.0712422337978702	0.815235645533876	0.400769355991435
-0.00571512889322098	-1.26237401160854	0.324448768600448	-0.0858639988020401	0.564083371034876	0.279391869224611
-0.0390729025341734	-1.62693285288409	0.204470051265629	-0.0986535404155091	0.301409558116376	0.152149642152171
-0.071030018384289	-1.9468011765097	0.0822604164983335	-0.109293020231468	0.033815287058276	0.0222036653999771
-0.100831291458589	-2.21373623582972	-0.0392032448106597	-0.117508764573573	-0.232060880674006	-0.107252770144391
-0.127790517008735	-2.42120018624121	-0.157062547890874	-0.123082965049621	-0.48971105231709	-0.233075341562118
-0.151442528779438	-2.56579018888113	-0.269001347429389	-0.125876564806706	-0.733534909730936	-0.352507615848996
-0.171082502195416	-2.64274224933639	-0.372054754975692	-0.125804568484081	-0.956885046183872	-0.462364253479341
-0.186257986882174	-2.65058966236764	-0.463933090310228	-0.122841450712668	-1.15436026026382	-0.560007603840239
-0.196644840216416	-2.58978810948374	-0.542701693602159	-0.117030114807675	-1.32133450852571	-0.643156992208249
-0.202055937098561	-2.46263161984419	-0.606812810345126	-0.108486016810764	-1.45406611687851	-0.709941501777145
-0.20259583953537	-2.27445965801152	-0.655616803909073	-0.0974654686835075	-1.55081487932997	-0.759437200770498
-0.198135699538402	-2.02885786011296	-0.687659318939568	-0.0841415215796866	-1.60829272495701	-0.789971260994055
-0.188840423026704	-1.73234249965908	-0.702466605780972	-0.0688015197564137	-1.62534481629435	-0.800886776803593
-0.175009767602017	-1.39278379084422	-0.700031307586617	-0.0517877635288008	-1.60192647020912	-0.792059740645205
-0.15706665660368	-1.01918732894893	-0.68079672622348	-0.0334910132765773	-1.5390898456686	-0.763898541475855
-0.135617510569988	-0.62203075058595	-0.645958220838448	-0.0144241302706706	-1.43980053688237	-0.717773134657414
-0.111159341858274	-0.210826689351556	-0.596248614347977	0.00507917463729785	-1.30583884834043	-0.65442405826434
-0.084335998344398	0.203900833067083	-0.533134330253745	0.0245910373832052	-1.14076857664975	-0.575498206272533
-0.0558363046187013	0.611592614055913	-0.458404187954255	0.0436869751441155	-0.948955392819001	-0.4830498133898
-0.0263735979650488	1.00195414794038	-0.374113450435316	0.0619606056615827	-0.735445131451343	-0.37948255106361
0.00337586808846882	1.36565900773557	-0.282488412443008	0.0789881605619843	-0.506000784321685	-0.267610970521651
0.0326494167340318	1.69317960293025	-0.185955193578358	0.0945112003556413	-0.266279288389641	-0.15010776532348
0.0607545067710751	1.97643844653343	-0.0870132121425039	0.108248077137656	-0.0223356160219525	-0.0298976469067778
0.0870434705611556	2.20857634347724	0.011818034683041	0.119952301108726	0.219743126180505	0.0900639362768222
0.110924457523198	2.38407945802918	0.108062016012141	0.129410956613519	0.453996927014299	0.206868571109217
0.132010688741682	2.50002424877014	0.199745688319829	0.136458814488231	0.675371949804821	0.317996002997045
0.14964341231881	2.55212708811636	0.284086194953634	0.140925861458018	0.877709153195008	0.420465689021902
0.163391101442683	2.53899506217471	0.358946787024353	0.142662771849667	1.0560523111419	0.511827700234129
0.172919076774941	2.46094575382325	0.422499935690905	0.141543158837324	1.20614994343761	0.589953499371163
0.17799747255436	2.31999501510611	0.47327803738909	0.137475556472209	1.32454709423208	0.653076227930238
0.178671016160046	2.12104415102451	0.510772633876724	0.130488660097331	1.409759325961	0.700345292903389
0.174694161859072	1.8674183209742	0.53351072049843	0.120513152950259	1.45848049516147	0.730023996192812
0.166114414803437	1.56535700783916	0.541091246420671	0.107615337926807	1.46950737943064	0.74135451421472
0.153110953359234	1.22251269582511	0.533614391261317	0.0919504251599178	1.4426660239287	0.734050520183039
0.135995432852807	0.847733727533558	0.511670171200722	0.073770010321708	1.37882319040009	0.708308345820995
0.115305131092703	0.451480737073144	0.476721848476541	0.0534994625893075	1.28084210583728	0.665298028954646
0.0914501983146741	0.0431196838679645	0.429582859468426	0.0314608918649025	1.15013436418031	0.605442335373091
0.0650502699996422	-0.366804423415596	0.371902674259491	0.00812285666636049	0.99004583971466	0.53013528381012
0.0368157109685331	-0.767604011171373	0.305642312967652	-0.0159903966697998	0.804786538580641	0.441223648870358
0.00752555510149772	-1.14873481418687	0.232988117491375	-0.0403154704789231	0.599321180816406	0.34097059892322
-0.0220246966983108	-1.50030333759698	0.156285229349505	-0.0642293372389561	0.379498971040686	0.232167336935932
-0.0509700308158159	-1.81258891968098	0.0778110294885852	-0.0871907218989412	0.150890832246268	0.117459876581691
-0.0784872588108128	-2.07711904323104	-0.000136764855940201	-0.108618841191116	-0.0803780104360389	-0.000127266600267024
-0.10380376934008	-2.28667376122933	-0.0753858378122278	-0.127942210746565	-0.308124616448668	-0.117464908032497
-0.126224133374109	-2.43549345699167	-0.14596291762957	-0.144609865709019	-0.526301090919764	-0.231419002366113
-0.145290382421819	-2.52046100030224	-0.210545798653449	-0.15813694694168	-0.729790926953124	-0.339216467137629
-0.160321313597798	-2.53775117698245	-0.267157721707212	-0.168021773847514	-0.912499792833032	-0.43764407410138
-0.170903346058404	-2.48669249247414	-0.314544323722756	-0.173861150549001	-1.06959215094968	-0.524044750954908
-0.176762311930226	-2.36872828582582	-0.351804404555241	-0.175354339863518	-1.19704413298559	-0.596145812710196
-0.177765502433589	-2.18737540628179	-0.378383986846303	-0.172331213289265	-1.2917469415032	-0.652122731114799
-0.174094590072135	-1.9493306771554	-0.394654848196572	-0.16485599930685	-1.35274076326284	-0.691194810976366
-0.165629610260566	-1.6599196030815	-0.399793390722804	-0.152971301219002	-1.37721781487442	-0.711743413338297
-0.152558999312514	-1.32746411181208	-0.393894171265087	-0.1369577568079	-1.36460674944471	-0.713253520946491
-0.135199423170241	-0.961621056793435	-0.377325872137617	-0.117258811330729	-1.31542228849623	-0.695771576602444
-0.11399015407279	-0.573008662654581	-0.350701591699754	-0.0944640817814283	-1.23124235807305	-0.659895773040179
-0.0895984004361313	-0.173571299312675	-0.315319244067583	-0.0693592076787482	-1.11571327607241	-0.60727230536437
-0.0625087145805987	0.226552071161395	-0.271480145171107	-0.042624850990032	-0.970755723304443	-0.538729550287105
-0.0334135808462579	0.616549578253859	-0.220207194375516	-0.0150440511419784	-0.800222605184448	-0.456080183329311
-0.00308077443145428	0.986083460926772	-0.162731775750994	0.0126015359373132	-0.608710649655437	-0.361539660251315
0.0276667177675181	1.32556692724869	-0.100480775227585	0.0395617626928914	-0.401429734021772	-0.25766495478974
0.0579876448517225	1.62653569177517	-0.0351386938748836	0.0651213275883657	-0.184400513790437	-0.147474322169393
0.0870140138483429	1.88138267474802	0.0317027822915114	0.0886909878485145	0.0369859159455007	-0.0336731102641362
0.11391492168489	2.08410785630579	0.0982054153159924	0.109758201361952	0.256830223491082	0.0807235883926794
0.137917989018612	2.23024085905428	0.162455691760787	0.127910255486118	0.469289642597004	0.192686604111184
0.158336248860752	2.31689626522445	0.222531053187013	0.142834741100882	0.668750163905745	0.29926004829387
0.174721361642852	2.34375250695584	0.276912862536972	0.154371586584726	0.850556298433804	0.397897304529949
0.186435148397759	2.30970553423771	0.323420162466551	0.162320389562675	1.00925038267888	0.485697121436628
0.193110876349961	2.21652182023154	0.36042411644888	0.166617005618486	1.14060584042865	0.560324922119517
0.194538347460664	2.06769670369196	0.386609571777454	0.167276414030562	1.24122652085961	0.619848600801235
0.190669500320431	1.86831319855895	0.401039291536682	0.164385215213083	1.30864453937642	0.66279551431833
0.181791849388385	1.62605743730131	0.403759557138367	0.158192254839876	1.34255300966808	0.68874494392682
0.167921518867878	1.34665824487153	0.393870536556653	0.148763341949487	1.34079997966616	0.696443394206683
0.149398113018144	1.03820976180909	0.371515554098215	0.136292303672843	1.30344973640443	0.685737438592887
0.126703996962962	0.709508833803018	0.337300008654011	0.121014724107573	1.23162420490592	0.657027591950314
0.100451119043532	0.369698994307602	0.292256873561312	0.103213367641749	1.12746109286965	0.611248842953497
0.0714826023678279	0.0286930192272617	0.238273608928308	0.0833039929647251	0.995145151642987	0.550368416346347
0.0404305452072345	-0.305933425384319	0.176337104703743	0.0615748112234777	0.836921272587059	0.475450545612222
0.00811285193523631	-0.626352537750339	0.10822323388233	0.0384295164347238	0.65689088837519	0.388491021502376
-0.0246134455924818	-0.925490808530133	0.0359171138492639	0.014327262225129	0.45975909902749	0.291804178254854
-0.0568785181334389	-1.19713636919032	-0.0384615228552785	-0.0102165140894742	0.25069253801897	0.187948315896572
-0.087825527044623	-1.43608460651756	-0.112589538702805	-0.0346320912622152	0.0355841492099639	0.0798610476791136
-0.116646403044833	-1.63778104882545	-0.184556499873462	-0.0583256904844745	-0.180618664965166	-0.0299921369322816
-0.142592451414499	-1.79884692685258	-0.252328118402477	-0.0807091697921225	-0.392508877789458	-0.138903517977619
-0.165000080915519	-1.91683200668506	-0.313996412505829	-0.101221701881077	-0.594825205882374	-0.244222932545142
-0.183306939462709	-1.9901346969623	-0.367841121600774	-0.119353470367972	-0.782586757706621	-0.343418840866762
-0.197179285187709	-2.01886227091679	-0.412635758622166	-0.134741885657124	-0.951721956579344	-0.434361595912932
-0.206125875406214	-2.00157952433932	-0.446837301518867	-0.146927395841587	-1.09747207257871	-0.514603132439161
-0.209897022239281	-1.93894620202794	-0.469441275001297	-0.155624153970049	-1.21616325404505	-0.582184845624163
-0.208379860721998	-1.83268055240776	-0.4797755358642	-0.160653423478036	-1.30483278858605	-0.635469657967726
-0.201601316060367	-1.68555053729768	-0.4775097820423	-0.161944525037771	-1.36129964505077	-0.673178851329211
-0.189892213284263	-1.50252228463562	-0.463149958728709	-0.159643797152761	-1.3853493690757	-0.694957664882301
-0.17331514096796	-1.28645726644198	-0.436305462961588	-0.153725356992784	-1.37484451478628	-0.699546297679242
-0.152228293197139	-1.04252214795426	-0.397422272298268	-0.144346013793312	-1.32967054035876	-0.686660360257605
-0.127118733019988	-0.776709510734932	-0.347272710157602	-0.131744672414003	-1.25064335370116	-0.656481560701843
-0.0985937054107604	-0.495622089869133	-0.286939648301407	-0.116242348440485	-1.13950880287253	-0.609665037458425
-0.0674862529503856	-0.206990340475717	-0.218252024434565	-0.0983224656977659	-1.00002149768821	-0.547864095024225
-0.0344207593033202	0.0832669209504866	-0.142158896161694	-0.0783437223554078	-0.83403069354165	-0.471850024496198
-0.000210003152531667	0.368511127998402	-0.0603658628559764	-0.0567744540023539	-0.645303620385092	-0.383356270378001
0.0342862397518146	0.642325462523194	0.0251761763057355	-0.0341150356020389	-0.438331982273079	-0.284502517890242
0.0681845939979708	0.898625529756733	0.112314648534924	-0.0108859014481705	-0.218228014332822	-0.177742709406681
0.100596424030163	1.13187094627459	0.198587378175635	0.0123834744003572	0.00896753099045477	-0.0660210478300146
0.130684564280403	1.33667314418045	0.28190197241975	0.0351755121854258	0.238026788327397	0.0481028840220458
0.157655914614687	1.50856834252248	0.359947596910529	0.0570184799580044	0.463086046392904	0.161725297338306
0.180797648128912	1.64384342669088	0.430481907597526	0.0774857556619644	0.67830352750289	0.271923923373987
0.19949972093692	1.73957919254921	0.491421332714739	0.0961960993356552	0.878044321653813	0.375846684535792
0.213378824946842	1.79463570047079	0.541118689914884	0.112893271832674	1.05752359190778	0.471007458245382
0.221937208815676	1.80645802813903	0.577801554880767	0.127151703506137	1.21142893262092	0.554670712276715
0.224927628656006	1.77483080676222	0.600242189642436	0.13866514873597	1.33559222660911	0.62461794744663
0.222264157939932	1.70085613455841	0.607638304882383	0.147166025012812	1.42670890563689	0.679027560304845
0.21402629312291	1.58693821643393	0.599640466822732	0.152431776067717	1.48244102523935	0.716530132636645
0.200606742663064	1.43784419240026	0.576768001497518	0.154421887192521	1.50254725740478	0.736752036976932
0.182183699585582	1.25651340281598	0.538980964690538	0.152862518674276	1.48522686109264	0.738589614025173
0.159223616902919	1.04819686506132	0.487082641153637	0.147673332296244	1.43078315121954	0.72196306692068
0.132319631959178	0.818964065043595	0.422280553737909	0.13887727331619	1.3405622696306	0.68731708534593
0.102172371311133	0.575423162654967	0.346143215855314	0.126620727451556	1.21689927778746	0.635599508134688
0.0696736004507027	0.325108197841147	0.260930307567003	0.111279696693908	1.0640683094207	0.568725112457468
0.0355068545876261	0.0737782476475413	0.168192104333257	0.0931380322602583	0.884559538830126	0.487767970187429
0.000495131635276768	-0.172404400679556	0.0700961584855465	0.0726629930552893	0.682585897557351	0.394669345610913
-0.03453002841189	-0.407736190766117	-0.0310319956042133	0.050409447750904	0.46293026291443	0.291672957599378
-0.0687504257263624	-0.627085979756105	-0.132771516429628	0.0269967221356969	0.230823812851805	0.181262613827816
-0.101376723308804	-0.826134954331076	-0.232522319727746	0.00308810554925923	-0.00777115416105176	0.066308736705045
-0.131687354751453	-1.00081034087052	-0.32811198126715	-0.0206639919079244	-0.247770632137282	-0.0507555421013988
-0.159017714385567	-1.1481831563157	-0.417265991124135	-0.0436499228751736	-0.483594213512603	-0.167222504628525
-0.182780671536778	-1.26616656242724	-0.497839747320339	-0.0653224227585045	-0.709728866843174	-0.280393278356358
-0.202475071712185	-1.35345498757257	-0.567870476276727	-0.08520940129226	-0.920847239000707	-0.387631574641298
-0.217787307371176	-1.41037815780994	-0.625769516806346	-0.103002593085862	-1.11235169631385	-0.486607538015532
-0.2282692704411	-1.4355716329115	-0.669876535167122	-0.118266037564644	-1.27904902417882	-0.574707764831222
-0.233662308591175	-1.42956645018181	-0.698953737954497	-0.13072640105544	-1.41667310457763	-0.649719834531882
-0.233813149379515	-1.39364858743546	-0.712093823066662	-0.140183790866412	-1.52161448873991	-0.709715910757795
-0.228679087720746	-1.32975345310733	-0.708749056915276	-0.146505589071809	-1.59102925488881	-0.753108235313849
-0.218468272808352	-1.24147639098166	-0.689087000064481	-0.149753979424344	-1.62392641172967	-0.779172713034099
-0.203172760763583	-1.12994526183743	-0.652864092211066	-0.149728062922442	-1.6178216353965	-0.786464338533259
-0.183036509620391	-0.99795297258107	-0.60058853064362	-0.146404505943802	-1.57220422999169	-0.774485516223221
-0.158426698787133	-0.848634544888221	-0.533203552505708	-0.139822526812438	-1.48762951563609	-0.743260255958233
-0.129834039264029	-0.685373465030182	-0.452084424494742	-0.130093071800433	-1.36574302284405	-0.69335377889209
-0.0979617495265033	-0.512376224980979	-0.359321582867052	-0.117515620477242	-1.2102156479764	-0.626340440418276
-0.0633886654450413	-0.332272606129914	-0.256624263017235	-0.102203945377467	-1.02337420716942	-0.543147087719082
-0.0268810749503595	-0.148348539433645	-0.146354166435713	-0.0844323460429813	-0.809429670927343	-0.445660939558384
0.0107189260343421	0.0361116894904948	-0.0311489672809464	-0.0645370495011498	-0.573424887343337	-0.336209305045821
0.0485154512768876	0.217820287709504	0.0861555299690915	-0.042912016296431	-0.321101414681999	-0.217494666481198
0.0855901575817005	0.393716782899893	0.202521073128138	-0.0200248809667785	-0.0590775766402422	-0.0927019485445925
0.121016491780564	0.560160094112036	0.31514159537979	0.0036706117660063	0.206551493285001	0.035261535802485
0.153900227278802	0.714084721144137	0.421167592501957	0.0276931841097764	0.46916836232728	0.163175247933303
0.183406245835854	0.852680628305297	0.517905257018416	0.0515525116043903	0.72218790448183	0.287801121373037
0.208784700313821	0.973404561901019	0.60289782679093	0.0747507990898085	0.959244422626961	0.405976633014798
0.229491813513663	1.07499186542533	0.674143204336519	0.0968648027877014	1.1748279273641	0.514904861420615
0.244872576696501	1.15397404617893	0.729660431492285	0.117263325980507	1.3629076867842	0.611563689336418
0.254509272267931	1.20859919290887	0.768015154871397	0.135407745357557	1.51860814772761	0.693450295381432
0.258139565894707	1.23773592888572	0.788225316353326	0.15077832846582	1.63792694726566	0.758467379847142
0.255663391903214	1.24087901113096	0.789785957061323	0.162889161723919	1.7178475448606	0.804981078795856
0.24727091266757	1.21926919012528	0.772947705374311	0.171451648621138	1.75737014131682	0.832321328234809
0.232999807884714	1.17187565534135	0.737788629786259	0.175902754750572	1.75427571962472	0.839228225557215
0.213166205167332	1.09956546136057	0.685126465001419	0.175917926851074	1.70841680337886	0.825452513852669
0.188230718858738	1.00387661296418	0.616232546370304	0.171303819593955	1.62079543736085	0.791310891696781
0.158785682362107	0.886979739090359	0.532796529745785	0.162023003747737	1.49353523842679	0.737674395069914
0.125614622471332	0.752180703518225	0.437094190437848	0.148330597901554	1.33066926062003	0.666369308795989
0.0894060896846975	0.601862462110576	0.331173827044868	0.130360443866778	1.13507858476413	0.578628850432349
0.0510001371270159	0.439283707055938	0.217560174771566	0.10850744543497	0.911347073384559	0.476554957017497
0.011291175309029	0.267977432771382	0.0989668928397426	0.0833055669083549	0.664796292283175	0.362626126114815
-0.0287924591689719	0.0916845031375769	-0.0217730171472205	0.0554081039303328	0.401354445876499	0.23963183723766
-0.0683306128551098	-0.0860584862508695	-0.141746972867321	0.025592239186622	0.127639737317176	0.110740380749521
-0.106362923208248	-0.260803352165536	-0.258158847096424	-0.00537026925188652	-0.150037662005527	-0.0210899373580641
-0.141981308511936	-0.428786011999177	-0.368262119170696	-0.0366704062954821	-0.425000415384418	-0.152671911714553
-0.174331921862328	-0.586535017634945	-0.46947068854281	-0.0675024026025924	-0.690620722911086	-0.280822129945818
-0.202635724678272	-0.730900298291571	-0.559423284099315	-0.0970799087093111	-0.940485738528516	-0.402439237872109
-0.22631295875693	-0.860082041474971	-0.636213247419678	-0.124722791951438	-1.16907728479498	-0.514807875971391
-0.244641222927373	-0.97007095553297	-0.697860754839046	-0.149609870880606	-1.37016508605356	-0.614900044613381
-0.257139668238728	-1.05855500047206	-0.742938642159892	-0.171063845154848	-1.5387131560344	-0.700219133960776
-0.263481951028383	-1.12380809414938	-0.770448777659975	-0.188486749591393	-1.6705282132098	-0.768650592217945
-0.263508737992499	-1.16468671950361	-0.779848840033401	-0.201373982587567	-1.76237635112306	-0.818518713649241
-0.257356490903548	-1.18167758057634	-0.771321002073652	-0.209467627706606	-1.81300443626165	-0.849080941721874
-0.245032908554211	-1.17314231403887	-0.744878690615381	-0.212295789337854	-1.81996820758253	-0.859002818826476
-0.226842749357975	-1.13916040814625	-0.701255696969469	-0.209656145623351	-1.78289595237512	-0.847948256367033
-0.203254801006147	-1.08042171529143	-0.641622308980724	-0.201502754900476	-1.70259079298028	-0.816147306292859
-0.174885845645411	-0.998214071601724	-0.567547058603893	-0.187959815701688	-1.58101730878967	-0.764393652845837
-0.142541189012638	-0.894864972584173	-0.481108520122318	-0.1694584918018	-1.42202261653721	-0.694418389371879
-0.10696776691425	-0.772039849470942	-0.384264951112423	-0.146285842355014	-1.22855780161618	-0.607471913281919
-0.0690491277888392	-0.632224411308276	-0.279380805772491	-0.118994115578598	-1.00526414454906	-0.505666818207093
-0.0297137071834696	-0.47826057638879	-0.168990947368825	-0.0882702310080111	-0.757579380409607	-0.391520244319558
0.0100912626192574	-0.313321716182799	-0.0557341383252894	-0.0549171242268605	-0.491593944559999	-0.267883943288379
0.0494612025398042	-0.140504731567524	0.0577638229726035	-0.0198815221059383	-0.214022869316553	-0.13796391780367
0.0874315195554176	0.0358786904116599	0.16879691315799	0.015953113894478	0.0684912064305128	-0.00486135344717757
0.123125834584989	0.211931976857664	0.274797577145997	0.0516506393830205	0.349055891864478	0.128145193759772
0.155736789932664	0.38375957759017	0.373356340431753	0.0862897927453158	0.620871689177845	0.257802212936902
0.184539599211932	0.547511000943118	0.462276557161074	0.11898793265045	0.8774101108447	0.380967655636525
0.209017582907496	0.700425600661073	0.539854260075238	0.14898031323076	1.11315621483698	0.494940973381135
0.228475604851309	0.837428107542551	0.604116002813693	0.175436634125545	1.3217790958246	0.596681940667521
0.242454315618049	0.954908392117825	0.653670840674062	0.197694792794137	1.49824335471337	0.68373206218736
0.250624535220503	1.04976616120945	0.68750366976868	0.215212900536374	1.63836966780231	0.754030149779493
0.252795326734964	1.11950533946977	0.704991535762474	0.227578801975728	1.73892593016675	0.805956152091952
0.249042484016213	1.16334385974425	0.706178045059993	0.234655306858638	1.79863821851862	0.838812068650093
0.239283741820823	1.17865526089482	0.690832872015671	0.236103435260317	1.81495272233227	0.851284005584352
0.223717999130001	1.16470154611081	0.659415300547319	0.231852864996408	1.78735215637459	0.843029156503027
0.202699804428566	1.12161499093671	0.612782141728928	0.221973226168737	1.71644266699147	0.814238717004433
0.176734789361839	1.05040688970114	0.552166700487545	0.206674750042545	1.60395356680265	0.765637514002039
0.146525507306131	0.953421636848221	0.479280707038418	0.186448892542132	1.45345403854489	0.698850338487768
0.112756302952995	0.832593930737098	0.395800822502259	0.161570018305812	1.26768319022166	0.615042151534423
0.0762767183305619	0.690973698621345	0.303825917903157	0.132549986653792	1.05109491686617	0.516231362723842
0.0380181686396457	0.532188273242818	0.205674773906778	0.100005555290828	0.809002740653391	0.404854710234778
-0.00103355841275197	0.360348344386913	0.103823109803649	0.0646547735772145	0.547450173630626	0.283706619258205
-0.0399166564485838	0.179579776808862	0.000729135774724412	0.0273795685469872	0.273137048335417	0.155944715548422
-0.0775627689201954	-0.00488579524108911	-0.100895561993182	-0.011018935600988	-0.00710899438455367	0.024701415897557
-0.112993794204415	-0.188244119369429	-0.198505175130294	-0.0496312589878169	-0.286184577442255	-0.106698940694569
-0.14530618453383	-0.365867592080706	-0.289703617296976	-0.0875103724237545	-0.557034769467113	-0.23493345984983
-0.173697486542645	-0.533434872221408	-0.372316405040979	-0.123689860952371	-0.812864757568862	-0.356779502671351
-0.197614883747859	-0.68802872370568	-0.444753123127882	-0.157251240554804	-1.0479831256186	-0.469481221065663
-0.216333090899426	-0.824779393231582	-0.505018638099208	-0.187203540728341	-1.25579168664584	-0.569909896383836
-0.229413640321783	-0.940499087210293	-0.551816983747497	-0.212683173826634	-1.43115084179779	-0.65557499820373
-0.236585773904212	-1.03270283939491	-0.584272491791738	-0.232944005411881	-1.5699017384352	-0.724429787166766
-0.237748715457722	-1.09961205384058	-0.601937214327615	-0.2473915660154	-1.66896832330131	-0.7749213686475
-0.233097671178108	-1.1411727539805	-0.605103180613194	-0.255745623869342	-1.72741155967999	-0.80648561214974
-0.222662424810844	-1.15535827908153	-0.59364697535475	-0.257601215809031	-1.74299167166637	-0.81794882791799
-0.206758709119284	-1.14181123033779	-0.568174085661739	-0.252889289768107	-1.71563625872734	-0.809159583555581
-0.185842491496737	-1.10077740934208	-0.52963752006899	-0.241755379367424	-1.64641576075343	-0.780512220877453
-0.160494172370936	-1.03310255221382	-0.479288464474374	-0.224552930100541	-1.53748033202636	-0.732920912751443
-0.131453409003193	-0.94072391403235	-0.418761734178685	-0.2019767643763	-1.39272505671753	-0.668160071946823
-0.0994068176401264	-0.824946049593227	-0.349511554124578	-0.174518012732937	-1.2150210986269	-0.58747718291118
-0.0651648496515693	-0.688105373074565	-0.273311276016338	-0.142921729770763	-1.00878968428673	-0.492901290986629
-0.0295826350358529	-0.533094774615636	-0.192040565072175	-0.108023214774479	-0.779111523861027	-0.386794681606255
0.00646102433937298	-0.36334701612425	-0.107640356491207	-0.070722676734378	-0.53160752793934	-0.271793417953896
0.042139933550453	-0.182469812550493	-0.0219300251574962	-0.0320428784975423	-0.272374966067617	-0.150814378310093
0.0765141411178304	0.00476019967667279	0.062953565622933	0.00717204755930851	-0.00759667150384663	-0.0267201032075171
0.108736313452076	0.193677867456344	0.1450482566086	0.0460293699693762	0.256308747525367	0.0974641827162437
0.138019856592595	0.379540021497123	0.222474425806868	0.0836690263111689	0.512923257634272	0.21870807195442
0.163657284435326	0.557665719073841	0.293468599533556	0.119272788102535	0.755977677704269	0.334047762150557
0.185169837863185	0.724464689723491	0.356774637998427	0.152106246224858	0.980192251184727	0.440944262252577
0.201862571565081	0.874457523920981	0.410444189318348	0.181411850103213	1.17908772421811	0.536384772680001
0.213304650403905	1.00352334106763	0.453137367144373	0.206551414257411	1.34749759155577	0.617933290904659
0.219210275647711	1.10811100357461	0.48380674662893	0.22697986808507	1.48107586231617	0.683530888792143
0.219448738156575	1.18532003251195	0.501736497228224	0.242255445470802	1.57644699701976	0.731561135395964
0.214185222036489	1.23393444883976	0.506950018426193	0.252175645571139	1.63238041719223	0.76138480933328
0.203407642206166	1.25109358745072	0.498907095636043	0.256350621847776	1.64621402100302	0.771700225051614
0.18740818578348	1.23570228516842	0.4778934980539	0.254637133479152	1.61759732635469	0.762265821904387
0.166635722293434	1.18754402132984	0.444615777461281	0.247029368142715	1.54745291943304	0.733421368990571
0.141681661839361	1.10734194280464	0.400174166477128	0.233666628946945	1.43794022249434	0.686072175744239
0.11331995227464	0.997341397154905	0.346194948154487	0.214985596324671	1.2931818215499	0.622052980004917
0.082265335801771	0.859409444214916	0.284114758286556	0.19120854389968	1.11626649377088	0.542656399199996
0.0493743235652976	0.696863757900153	0.215817152524935	0.16282122689763	0.912011722026189	0.450014619791838
0.0155477707632414	0.513875945724476	0.143338387695372	0.130433691329097	0.685948587861384	0.346606479465415
-0.0182997730131925	0.315362988975216	0.0687803114474434	0.0947728549918589	0.444136934427876	0.235176293981886
-0.0513220993462819	0.106677676897206	-0.00590996551406636	0.0567589779565716	0.193052187506037	0.118726945101526
-0.0825953214864818	-0.1060839634703	-0.0785695279110308	0.017183941948423	-0.0609261125480215	0.000138508767026786
-0.111310798334269	-0.316830682093268	-0.147303742116795	-0.0230349719594961	-0.311320774808598	-0.117590456947164
-0.136751037406465	-0.519568607578052	-0.210426269636335	-0.0629502023875914	-0.55184420715025	-0.231517932142508
-0.158307373102595	-0.708623041086755	-0.266497310100592	-0.101602706314369	-0.776550852011198	-0.338829707060534
-0.175630894366982	-0.879596380417633	-0.314738176746058	-0.13806568565963	-0.980711327572379	-0.437209501765833
-0.188165553615085	-1.0269118408889	-0.353688530841019	-0.171387217669152	-1.15842544133012	-0.523864975259867
-0.195636535017023	-1.14653432705184	-0.382581752203013	-0.200713123904277	-1.30524475050112	-0.596623566902439
-0.197917341790135	-1.2353421739335	-0.400951224521459	-0.225285458044629	-1.41758558919562	-0.653698677988836
-0.195029969339096	-1.29118847791341	-0.408619981432371	-0.244467952886309	-1.49282619854646	-0.693738253414445
-0.187285906179106	-1.31389690185637	-0.406114453658477	-0.257896848206282	-1.53051224280984	-0.716375009269962
-0.17476940200142	-1.30188282910777	-0.393136615385469	-0.26506537893783	-1.52846452163753	-0.720469896193068
-0.157851409305192	-1.25544712991348	-0.370114003192915	-0.265773549062303	-1.48677665014876	-0.705936545984021
-0.13702511703491	-1.17581219071181	-0.337730518205612	-0.260018666004824	-1.40668405151051	-0.673229159822681
-0.112888697688927	-1.06508647127018	-0.296905686994891	-0.247997773307065	-1.29052924756822	-0.623328458603303
-0.086193387761088	-0.926876833281659	-0.248991715169524	-0.230256217073449	-1.14256143736849	-0.558132368332852
-0.0575721225498937	-0.76389397137327	-0.19494414099545	-0.207124997909651	-0.965746519993309	-0.478912057971198
-0.0277822462694917	-0.580161851088599	-0.136158901334077	-0.179215512742414	-0.764782079785416	-0.387782599878821
0.0023968717681411	-0.380280283873518	-0.0741810151504776	-0.147246045709269	-0.545039532560644	-0.287190908053087
0.0321872888634018	-0.169331508635301	-0.0106625183076271	-0.112014735453784	-0.312396681958866	-0.179836523224869
0.0608816317511557	0.0472482530000202	0.0527977005752975	-0.0744649319452994	-0.0731576297054772	-0.0686732407263267
0.0877089144008771	0.263777744956795	0.114343757429021	-0.0353501861099128	0.166550951142465	0.0435125495650064
0.111997164574691	0.474480530410645	0.172242126645672	0.0044960034270459	0.400490697606053	0.153828597486075
0.133151054654219	0.673658948382341	0.224855297110039	0.0442469957989757	0.622646686084705	0.259469570116007
0.150666039524037	0.855863699537899	0.270699444477155	0.0830847836048778	0.827398124050889	0.357793367725225
0.164277110261146	1.01676974557946	0.308882476244045	0.120235522996746	1.01042299641621	0.446698078744084
0.173493887947179	1.15094063750105	0.337823538835215	0.15485680948536	1.16627042656951	0.523629839592946
0.178085993333322	1.25431562842851	0.3566288212025	0.186185661016744	1.29101488430267	0.586683690870199
0.177953325971666	1.32372270759486	0.364745484771647	0.213514580495849	1.38164587158319	0.634354857967346
0.173128647879183	1.35701372965889	0.361981270806035	0.23621012875722	1.43613927497052	0.6655719942123
0.163927737682539	1.35416989849203	0.348954425232609	0.253873871476956	1.4546865537742	0.680255040107365
0.150413593563376	1.31387988653398	0.325527314617128	0.265877323473591	1.43557164261701	0.677459583222761
0.13293497349349	1.23694212595189	0.292394056446902	0.271868154965115	1.37931773125644	0.657264446591002
0.111958867783931	1.12530622216528	0.250590028278274	0.271647417022105	1.28748180413909	0.620231637098635
0.0880560736094751	0.982030333886426	0.201449821621708	0.265177472188032	1.16260780263856	0.567391202961697
0.0619628851693113	0.811944057368625	0.146810698479353	0.252743625881623	1.00909787595551	0.500668637274491
0.0342729047221874	0.618900268568019	0.088023752730308	0.234389562975592	0.82978806281674	0.421239788576777
0.00571951540866335	0.408194858133571	0.0268701507260469	0.21045292711136	0.629225434036391	0.33111749586538
-0.0229375699698374	0.185654799114207	-0.0348008721944948	0.181406233082942	0.412568650135395	0.232625032688822
-0.0509371128325556	-0.0425511840879885	-0.0951472528386723	0.147852076233351	0.185447601788367	0.128330893080691
-0.0775788536998984	-0.270044137358547	-0.152477777973398	0.110600404943906	-0.046052126867749	0.0210783330191422
-0.102125546890756	-0.490727867392971	-0.205102791353633	0.0703740273813953	-0.276126295388025	-0.0864876356452257
-0.123934709054112	-0.698645835443618	-0.251562199512507	0.028061228121698	-0.498797104536729	-0.191584532937916
-0.142449242455115	-0.888276395029267	-0.290630232603409	-0.0153695939790543	-0.708294929232087	-0.291503784368083
-0.157213078274015	-1.05469028018571	-0.321347019302249	-0.0588863244271337	-0.899234721029765	-0.383691342013993
-0.168016691861921	-1.1943408759341	-0.343390407739958	-0.101463543597276	-1.06753010571109	-0.466136678457218
-0.174440223054243	-1.30291009961886	-0.355857823074046	-0.141952812926287	-1.20797653552983	-0.536369643421116
-0.176318692765501	-1.37750833093217	-0.358470504312179	-0.179302305891297	-1.31688762274645	-0.592575057126447
-0.173611698779483	-1.4161525748612	-0.351222346546471	-0.212542791782767	-1.39149844179293	-0.633348038130361
-0.166400619182414	-1.41781602261471	-0.334365441397685	-0.240822445803304	-1.43003909890718	-0.657730550252495
-0.155038940863844	-1.38349904340019	-0.308830609323372	-0.263585169999757	-1.43299242953944	-0.665786795841085
-0.139600626039647	-1.31266884720114	-0.27468190412049	-0.280074306508797	-1.39887540341971	-0.656690846092588
-0.120427330650487	-1.20671982318317	-0.232656748723214	-0.289871073957877	-1.32845506705525	-0.630653046952299
-0.0979632086321785	-1.06801441519748	-0.183710633724449	-0.292752750331548	-1.22352347757669	-0.588364821850627
-0.0727472621848395	-0.899876047486755	-0.129004285860531	-0.288691245364145	-1.08685025414275	-0.530979055555933
-0.0454921102138414	-0.707367941312268	-0.0701598267540392	-0.278008863762793	-0.923092335017609	-0.460548844048948
-0.0167548638907075	-0.49434945919182	-0.00825624910533927	-0.260794713488968	-0.735231543242569	-0.378323311818561
0.0127473197915839	-0.266159373914676	0.0551767457364365	-0.237450586079352	-0.527970230634454	-0.286376452838464
0.0422523851308018	-0.0286724513214938	0.118498302633422	-0.20852070117229	-0.306591943031218	-0.187064935122751
0.0709756954006415	0.211868622103457	0.180005577246191	-0.174680295236594	-0.076814819001727	-0.082961545174399
0.0981655371390118	0.448932285083394	0.238027166461143	-0.136802848061994	0.155194136046221	0.0231047787759198
0.123035527016889	0.676324057821819	0.290880798535577	-0.0956650198318116	0.383685293376641	0.128556255848496
0.144876531872643	0.887907078843672	0.336990252469957	-0.0521890330800158	0.602747083106343	0.230691493228844
0.163062161003963	1.07793843129227	0.374936407592809	-0.00735261638912841	0.806722015256719	0.326903293236895
0.177072530145238	1.24123662982101	0.403511864405221	0.0378284138239006	0.990377906993569	0.41475458804995
0.186644050550025	1.37400603262083	0.422087108218362	0.0823737365606915	1.14979293510117	0.492358108827857
0.191333109143406	1.47168290221092	0.429557129886111	0.125173044189017	1.28000797200733	0.557385256755698
0.190971909625565	1.53121869043109	0.425440948401414	0.165214833707621	1.37756590018714	0.608153891912925
0.185546866504923	1.55062071939542	0.409608011322703	0.201549647881201	1.43993605027606	0.643388097751406
0.175197878281643	1.52907514512513	0.382294150122905	0.23331015794204	1.46558566217934	0.662253347857553
0.160366906391654	1.46809912322564	0.344517062131149	0.259888096536542	1.45522599329566	0.664927767314645
0.141249061683497	1.36795957347932	0.296634788361568	0.280404786660063	1.40764333592027	0.650704009025506
0.118323759458316	1.23117465792551	0.239761662390144	0.294288369592438	1.32385249689522	0.619891922378597
0.0921848805683822	1.06149568881954	0.17533002198726	0.301136056675935	1.20589402440633	0.573270525111429
0.0635233855648652	0.863804533030946	0.105047666895773	0.300732298793202	1.05678664186491	0.512067729333688
0.0331954736878948	0.644752137621955	0.0311115124238532	0.293227905328284	0.881426133053406	0.438392554986088
0.00188377675415273	0.409674210552801	-0.044816316897089	0.278571694366563	0.683043840974096	0.353548278419807
-0.0296027306291142	0.16509349785906	-0.120700350935017	0.257083417354762	0.466542592201186	0.259630077546847
-0.0604474504227593	-0.0823528051344687	-0.194490282791918	0.229287880595435	0.237361229529597	0.158989707790432
-0.0898504793279862	-0.326171428562456	-0.264193446947833	0.195902669120583	0.00131814668373575	0.0541684433017479
-0.117078618773055	-0.560134396819055	-0.327959217135535	0.157890111248737	-0.235369175259469	-0.0520607571331029
-0.14140300925429	-0.778836866471515	-0.384103713892672	0.116166211426815	-0.46698843849111	-0.157198095673158
-0.162195348584445	-0.977360696888739	-0.431156353669851	0.071808960659403	-0.687722400619737	-0.258639542869634
-0.178925336038747	-1.15147471774889	-0.467906857720244	0.0259513985508355	-0.892059180042001	-0.353885156207239
-0.191174596551142	-1.29765269970359	-0.493433683841594	-0.0202547444737198	-1.07494508663443	-0.440605048173866
-0.198772156257371	-1.41376055000838	-0.50740416011393	-0.0657301177642251	-1.23261099636705	-0.516995405135844
-0.201372574081059	-1.49671656774072	-0.509120409268156	-0.109304021802802	-1.3603233357233	-0.580820888674512
-0.198887470836593	-1.5447151378539	-0.498452901706383	-0.149952606096001	-1.45477356055228	-0.630447430127549
-0.19136917765924	-1.55667425969359	-0.475583250823707	-0.186759889970273	-1.51351877333199	-0.66460891557773
-0.179010924441583	-1.53231184676078	-0.441001688158718	-0.218932371657776	-1.53504058295287	-0.682439981808874
-0.162291729638647	-1.47331012016065	-0.395874714494597	-0.245961109307838	-1.51994637019575	-0.684030046032832
-0.141448327638704	-1.37963542526286	-0.34072332032817	-0.267097796746261	-1.46695393472088	-0.668599467223673
-0.116984140550388	-1.25319005436997	-0.276696019671508	-0.281899024023801	-1.37690423147467	-0.636339310860887
-0.0895066461282438	-1.09680596010085	-0.205181585549121	-0.290076482173738	-1.25163171765731	-0.587898756119533
-0.0597101328215995	-0.914207650920931	-0.12778381452751	-0.291498253682875	-1.09395167072341	-0.524381472752331
-0.0284400840540192	-0.710742436664918	-0.0465414447106542	-0.286349998671007	-0.908568678340027	-0.447780372485121
0.00362859412040871	-0.490354039081159	0.0369952316441999	-0.274564856063965	-0.698682400537806	-0.359362562348126
0.0357092357877255	-0.258247660909927	0.120910624595267	-0.256386000012529	-0.469230708493149	-0.261217870461258
0.0670119555078495	-0.0198999195369761	0.203222802403126	-0.232202655068724	-0.22581862602356	-0.155752680464297
0.0967628492121599	0.219111915521289	0.281927707289103	-0.202546113422435	0.0254242557698215	-0.0456276229705033
0.124251811260047	0.453233985873252	0.355060168332702	-0.168163260489333	0.277839510773863	0.0662084867404906
0.148755102288741	0.677242523779761	0.42072295557327	-0.129725151467233	0.525111326824024	0.177009311399783
0.169643270393136	0.886120693072137	0.477146185869577	-0.0880873474009963	0.760767956235157	0.283903577509622
0.186375109024134	1.07524236552232	0.52275313815072	-0.0441992308358703	0.978616571219616	0.384115008339047
0.198514662780094	1.24045459716569	0.55622124255493	0.00091166093759226	1.17295165928057	0.47505327676574
0.205870696263267	1.37895476613996	0.576795165046927	0.0462103427955739	1.33943274861859	0.554693309641108
0.208084339411168	1.48662510290936	0.583465109467306	0.0905074200337812	1.47290550957173	0.6206468317439
0.20506129922362	1.56070615666552	0.575850551296063	0.132675197975838	1.56982477215428	0.67120845291873
0.196861336618783	1.59916950757227	0.553995429414893	0.171628185869943	1.62771979023858	0.705131504233263
0.183700365929166	1.60080867997831	0.518380227148177	0.206356565813955	1.64525439383654	0.721658448922283
0.166088439014725	1.56646620548314	0.470252872789078	0.236111440591328	1.62337972823196	0.721051532154437
0.144319766054872	1.49511584988788	0.410421712512883	0.259904846827112	1.56137178080791	0.70278136323493
0.118948924913187	1.3877440063651	0.340358875195843	0.277077282678782	1.46067478235304	0.667292501705378
0.0906305286528532	1.24629109356031	0.261822237274164	0.287165469916027	1.32373950280677	0.615471654847207
0.0600966272698027	1.07365118640606	0.176795111692869	0.289915825409973	1.15394645241377	0.548613696826934
0.0282093377145899	0.874410022626949	0.0876466065991634	0.285454421482761	0.9564151633611	0.468813005817378
-0.00433545579307901	0.652054053853983	-0.00372240434395088	0.273706680557318	0.734728221793054	0.377402631245407
-0.0367605900622809	0.411549194337552	-0.0951650947105224	0.254968995291948	0.493968074662046	0.276418602881299
-0.0683045610835093	0.158452545111941	-0.184560852839455	0.229731537823793	0.239708715435705	0.168128506757553
-0.0982375557576946	-0.101224429291778	-0.269857961731512	0.198662668255923	-0.0220949657830738	0.0549923205573221
-0.125910928465196	-0.361270957993842	-0.349132527500537	0.162673233496602	-0.285099740878249	-0.060295162125362
-0.150652994669621	-0.61517207018	-0.420564313634201	0.122598102661605	-0.543206349052551	-0.175172040675611
-0.171894932020088	-0.856497109283746	-0.482523489815422	0.0794618212191025	-0.790189376603643	-0.28693689159047
-0.189152184622232	-1.07906601123779	-0.533593775524797	0.034370667836575	-1.02001130288415	-0.392908413642402
-0.202035370580828	-1.27715228863462	-0.572604907021851	-0.0115134487973534	-1.22697985545805	-0.490491019139156
-0.210386240447446	-1.44660433747663	-0.59891557235646	-0.0570452395788181	-1.40662189169239	-0.577553948628116
-0.213850836520284	-1.58185602958556	-0.611576157829182	-0.10097971867089	-1.55339605732823	-0.651451680054317
-0.21231201706718	-1.67910005645909	-0.610189913243524	-0.142163749630144	-1.66323624407303	-0.710131154541678
-0.205776129235142	-1.73559384587462	-0.594700796224718	-0.179525057890533	-1.73302790404971	-0.751918339464132
-0.194376454465905	-1.7497685707712	-0.565406625815263	-0.212103622113001	-1.76072712757493	-0.775583123900007
-0.178513537432399	-1.72248040521242	-0.523285784129521	-0.239228143714397	-1.74656685725217	-0.780902571362299
-0.158362783395213	-1.65290961091199	-0.468865531862163	-0.26002674560937	-1.68922198740369	-0.766919571779368
-0.134345420320542	-1.54252103609621	-0.403290167536763	-0.273970912066625	-1.58964970777405	-0.733714365496631
-0.106986170730342	-1.39389177131275	-0.327995128832926	-0.280740959300372	-1.45000128953518	-0.681916968600023
-0.0769041089057246	-1.21063704858216	-0.244681192785573	-0.280232346798291	-1.27358023340066	-0.612698139750002
-0.044870187897925	-0.998020691705101	-0.155472732454844	-0.272725508303664	-1.06561361280175	-0.528149288101525
-0.0115456997313177	-0.760310167133875	-0.0622054926100461	-0.258274994586259	-0.830144898393744	-0.429807513670132
0.0222966398715484	-0.503107581053085	0.0329810769562349	-0.237300758951052	-0.572839907753792	-0.320012874986138
0.055860258096877	-0.232490200387503	0.127873349361636	-0.210396044036855	-0.299989033954516	-0.201439713628202
0.0883446475614179	0.0451399256465353	0.220233364580315	-0.178304524237078	-0.018339714751482	-0.0770251667344349
0.119009644851618	0.323433590800344	0.307910304601506	-0.141992775175952	0.265007264442652	0.0500492414235234
0.147052873250921	0.595548663549552	0.388706205067841	-0.102275136747323	0.54310353831544	0.176676657755069
0.171775498611851	0.854956633393848	0.460637972323797	-0.0601349242079758	0.809032404879823	0.299677890293962
0.192563815066481	1.09544940226534	0.52193967204531	-0.0166018197737431	1.05619830952539	0.415961975859732
0.208907318994323	1.31130028279352	0.571114293560257	0.0272681726253306	1.27850219589788	0.522610365042189
0.220543423666301	1.49847561158508	0.607245942536735	0.0704464448875393	1.47124542938153	0.617276414628899
0.227019799536142	1.65112276248037	0.629113920626138	0.11183435972047	1.62872772493899	0.697163966673546
0.228141940867443	1.7651851527575	0.636124128957158	0.150405817898402	1.74688029752014	0.760171084225369
0.22385594802728	1.83755212864982	0.62807692551894	0.185194544639335	1.82267966425296	0.804650385681626
0.21425151485505	1.86616725688165	0.605177129481664	0.215316910971771	1.85423477446696	0.829457759805567
0.199700587439111	1.85137163589197	0.568345217443602	0.240147566739287	1.84196266750382	0.834495213889051
0.18036792051602	1.79159547658421	0.518115467191731	0.258823349236888	1.7847288809405	0.818966544097464
0.156675782316735	1.6876127684676	0.455656702489906	0.270803229898244	1.68366821823539	0.783122971894481
0.12916271036959	1.54137952740192	0.382451669627725	0.275741015004738	1.54108968379829	0.727770543115119
0.0984735427764604	1.35604072219605	0.300264272792557	0.273502550666404	1.36043543813933	0.654255589181496
0.0654115046804134	1.13654782130099	0.211269884700317	0.264353557343353	1.14703314652865	0.564826555845526
0.0306903429227336	0.887289388217215	0.11740951801	0.248326821779239	0.905093101027124	0.461211190558904
-0.00486508498424251	0.6142256707126	0.0208859894696143	0.225850172062372	0.640419531510979	0.345914500804204
-0.0404026567681088	0.324083928848317	-0.076043308093031	0.197544127169076	0.359455659527494	0.221766788231675
-0.0750644384852385	0.0241719935583844	-0.171116939456007	0.16419552581292	0.0691244333602277	0.0918515372330499
-0.108057656997125	-0.278232938581464	-0.262200853367008	0.126833900910173	-0.223312976216266	-0.0405330473397857
-0.138513122117653	-0.57482863121325	-0.34706285836972	0.0863183698598187	-0.510620864809643	-0.172128605200927
-0.165676039328457	-0.857752629279452	-0.423727100707113	0.0436915957644741	-0.785640626677991	-0.299645554530617
-0.18888100921696	-1.11953135537925	-0.490432848546216	4.22634939092572e-05	-1.04154562742866	-0.419905330418384
-0.207570747832402	-1.3533374646141	-0.545671950272608	-0.0435184531251239	-1.27203108799686	-0.529927087355366
-0.221446116750343	-1.55444042957966	-0.588518388264628	-0.0859043931370841	-1.47226689309935	-0.627340799753937
-0.230012551050813	-1.71621806079657	-0.617623177053653	-0.125996032111238	-1.63638102714245	-0.709323615530223
-0.233049897991128	-1.83433897104942	-0.632263645959561	-0.162750974578005	-1.76023935619032	-0.773790679199408
-0.230488829965394	-1.90578102554755	-0.63207550183322	-0.195207885242997	-1.84081949435888	-0.819139527567594
-0.222412956385968	-1.92893071420701	-0.617067606620175	-0.222515261039468	-1.87629236473572	-0.844295262850054
-0.209197196465847	-1.90493933409668	-0.587973200170733	-0.2441047209141	-1.86719945265693	-0.849247807429274
-0.191009165907293	-1.83316612653185	-0.545052683190369	-0.259221730673432	-1.81253009805863	-0.833302667613243
-0.168279118598925	-1.71553666868113	-0.489239465668815	-0.267460062442457	-1.71357798112953	-0.796820491533529
-0.141552611068111	-1.55521634360318	-0.421805286346666	-0.268634930133671	-1.57281313633571	-0.74071748992432
-0.11147745813171	-1.35650163254882	-0.344343645553667	-0.262790057556982	-1.39382527149385	-0.666444693993787
-0.0788523675762353	-1.12525649248659	-0.258920467202792	-0.250375076453325	-1.18205161089943	-0.576334972242691
-0.0443839055633769	-0.866678787076996	-0.167413873509149	-0.231591268235617	-0.941805179783696	-0.472208596250827
-0.00888070986294322	-0.587156314704602	-0.0720253716764544	-0.207018294090103	-0.678935125931392	-0.356633092773137
0.0268245316649012	-0.293490216228091	0.0249299887813339	-0.177397972940468	-0.399883497158963	-0.232479007037665
0.0618918134142098	0.00727717078783506	0.121079497005761	-0.143600292997573	-0.111527703787198	-0.102846292026137
0.0955429041594651	0.308556657143852	0.214162543200314	-0.106705045687145	0.178984354896747	0.0289859862632694
0.126902603417568	0.602583873926135	0.301722507012392	-0.0675522715173068	0.464494181229752	0.159775981436064
0.155203419249459	0.882221468783915	0.381594145384272	-0.0271332620866365	0.737987212152483	0.286291329187281
0.179753084450242	1.1406677643264	0.451847149708785	0.0135567278576693	0.992805071713576	0.405437391054845
0.199952849984431	1.37161228465695	0.510839017621351	0.0535404070386948	1.22282271033903	0.514340834524659
0.215453266308102	1.57072750745812	0.557599943113623	0.0918941533400383	1.42341696205015	0.610766125689231
0.225688165776816	1.73124640101511	0.590675477916902	0.12771724636282	1.58882474653597	0.692012008380713
0.230367425600009	1.84850931370096	0.609340533671885	0.160200516747549	1.71503048429819	0.756128181293758
0.229353041929479	1.91893577950231	0.613275357341297	0.188627700320801	1.79908836896549	0.801636167367998
0.222666227542962	1.94021108192438	0.60256591624805	0.212387513509567	1.83919045856	0.827560406729877
0.210634834589021	1.91278605843734	0.578074899762175	0.231120763323796	1.83585964930018	0.83395856864839
0.193382171164983	1.83530091614166	0.540088725214043	0.244251597559401	1.78792944535927	0.820135784448228
0.171314450821465	1.7091501623968	0.489580263962942	0.251478841919282	1.69650457607397	0.786404827983519
0.144970609730607	1.53720223571112	0.427820135651764	0.252642037415205	1.56380838664353	0.733575660248714
0.115009275524612	1.32373958296662	0.356350268428483	0.247723017484224	1.393136430872	0.662938286349915
0.0822593839570336	1.0748948378383	0.277152345656928	0.237022978159284	1.18961320544348	0.57662302061119
0.047463138650821	0.796461090304582	0.191914829080464	0.22054197663799	0.957183974425575	0.476209103837331
0.0114745895890644	0.495678473704471	0.102624923322842	0.198610923913429	0.701353172854234	0.364019390931668
-0.0248247546931404	0.180402564049009	0.0113527442268236	0.171710465157189	0.428244392858151	0.242693610836299
-0.0605470248266767	-0.141142846619197	-0.0797863594623219	0.140467824126457	0.144463260409062	0.115136599714194
-0.0948715670068078	-0.461183131070672	-0.168782976232049	0.105763799192968	-0.143056974847013	-0.0155177539024524
-0.12688760719437	-0.770719552270901	-0.253400369787882	0.0683092136093672	-0.427267163514351	-0.146090469517489
-0.155804965727029	-1.06148629107583	-0.331654588178778	0.0290422433109929	-0.701178830000728	-0.273339029894976
-0.180920276933631	-1.32572522959365	-0.401738683025253	-0.0110205082626534	-0.958055999601922	-0.394078660884632
-0.201633267614702	-1.55641530056252	-0.462063546798838	-0.0508183733278309	-1.19158868875404	-0.505271367463602
-0.217604278405319	-1.74888321030318	-0.511664309750288	-0.089298473860618	-1.39690264560955	-0.604469108222996
-0.228264597762096	-1.89622100125804	-0.548942363507027	-0.125421708337056	-1.56780108438243	-0.688678167364355
-0.233323054941947	-1.99399292237839	-0.572991985793527	-0.158236103087496	-1.69982132940487	-0.755653816761562
-0.232632666052273	-2.03915819190976	-0.583255059839884	-0.186903835908529	-1.78954420929338	-0.803629676940573
-0.226195152769308	-2.03022310941286	-0.579535088979419	-0.210727983748868	-1.83469681215753	-0.831373246306491
-0.214315375829397	-1.9687512944536	-0.56242821387791	-0.229302942284536	-1.8354250882178	-0.838752420496145
-0.197067023582804	-1.85449352450818	-0.531835924032808	-0.242064173473108	-1.79015554111012	-0.824917216767499
-0.174807946969825	-1.69009443531969	-0.488404418982698	-0.248756039989428	-1.69975629286631	-0.790129019733228
-0.148030342382803	-1.4796833556201	-0.433108711378924	-0.249294747633543	-1.56635554810644	-0.735237956368437
-0.117355580073898	-1.22876106279743	-0.367241800419957	-0.24375868346895	-1.39330376336561	-0.661662290009755
-0.083597242333653	-0.944643365995545	-0.292629382552079	-0.232549675663159	-1.18595066953217	-0.571743656618162
-0.0474941517697269	-0.634101188945179	-0.210786794287543	-0.215771918800834	-0.948529803777548	-0.467314455991719
-0.00992679937037096	-0.305330761962206	-0.123635168517734	-0.193841608528406	-0.686967023022788	-0.350998062695674
0.0281695993045446	0.032937011896947	-0.0332543743243839	-0.167298303903658	-0.407876134384109	-0.225747708454216
0.0658280061898177	0.371693900620308	0.058155593297632	-0.136793349470484	-0.118381151516215	-0.0947684478809161
0.102126730037526	0.702488761574559	0.148419058793431	-0.103183249012432	0.174075190824022	0.0385413440447712
0.136043270752299	1.01583379685254	0.235102444556761	-0.0671306132717234	0.462000456823398	0.170800057750166
0.16667117271807	1.30314729052677	0.315968832501461	-0.0294788819656234	0.738047155023869	0.298629020158306
0.193196502350452	1.55662165022787	0.388930982645873	0.00888406155118972	0.995234924428689	0.418783161406432
0.214923323829395	1.76951862529475	0.452112887086248	0.0470500409809978	1.22714030184081	0.528239990197571
0.231440438464944	1.93783987077868	0.504282552407992	0.0841422838706801	1.42892479345143	0.624638823105166
0.242133591018248	2.05569800694476	0.543602925456253	0.119257935811744	1.5945273573507	0.70512624076849
0.24670075684604	2.12003698930142	0.568996112747119	0.151568526575002	1.71976427500584	0.767649119195777
0.245018414622277	2.12943960303024	0.579807658881729	0.180319833091601	1.80159678914307	0.810664229865579
0.237144344462284	2.08413607800214	0.575828295509865	0.204847497575288	1.83820184257924	0.83317786642276
0.22347134573643	1.98736293192715	0.557737830696458	0.224729716097728	1.83024160924547	0.835310859762812
0.204173109071344	1.84024308732486	0.525560487753319	0.239309499364407	1.77656526756501	0.816420048688931
0.179725955973975	1.64646158029597	0.480145619912848	0.248195313229611	1.67847810185371	0.776976994803379
0.150744765806095	1.41071653032614	0.422711199736448	0.251129978097174	1.53848251520989	0.718017652431666
0.117967617606081	1.13856907827879	0.354805943302274	0.247998691455178	1.36021163953677	0.641112987553765
0.0823153869819628	0.83695141111085	0.27852274955295	0.23900090783638	1.14923389738049	0.548739367097103
0.044595599588716	0.511818520010537	0.195538984539049	0.224079197851173	0.909762000757828	0.442759645626049
0.00573814034921807	0.170416258734814	0.107917161271443	0.2035149684052	0.647651507464914	0.325812335537327
-0.0333009209888751	-0.179458645662803	0.0178152910173036	0.17775929468692	0.36935689849524	0.200822810722591
-0.0715611754986532	-0.529529070148343	-0.0725575498309733	0.147426767073667	0.0817762159604059	0.0709271024117565
-0.108144756759449	-0.871648815980417	-0.161051468185099	0.113367378250092	-0.207877132880608	-0.0605647685912268
-0.142085572563071	-1.19633877678842	-0.245402106581849	0.0763336655279786	-0.492438848535386	-0.190430283060601
-0.172536000940768	-1.49447399655054	-0.323555497744238	0.0372765411939396	-0.764838318856162	-0.315450694604268
-0.198741448049112	-1.75724355290263	-0.393636845722004	-0.00278495956717037	-1.01832887389731	-0.432544615463853
-0.220058709855503	-1.97654197322213	-0.453992565810762	-0.0428018844302665	-1.24665829442878	-0.538842994144508
-0.23611405069013	-2.14667976995491	-0.503578189912518	-0.0817768800519492	-1.44507950342329	-0.632115627714532
-0.246325269767089	-2.26029625245017	-0.540775362869548	-0.1186607779678	-1.60756440197454	-0.709607399462182
-0.250409408893109	-2.3129742681614	-0.56466594454324	-0.152516296452556	-1.72991176925547	-0.76933821697891
-0.248252986158194	-2.30230072715869	-0.574700621756617	-0.18250933788653	-1.80902568586121	-0.80980693292894
-0.239918069911915	-2.22801952787779	-0.57070893116833	-0.207928986272425	-1.84300169137742	-0.830033209135443
-0.225800321390833	-2.09343169725761	-0.553329405534429	-0.228344898424773	-1.83243205405817	-0.830141133168458
-0.206074747356767	-1.90052921437978	-0.522487137598566	-0.243119122483497	-1.77605349249036	-0.809441565314923
-0.181229526484916	-1.65453525952037	-0.478875592996598	-0.251913376835879	-1.67512374108444	-0.7683799383114
-0.151898353865516	-1.3623112362975	-0.423509796081437	-0.254550133195862	-1.53214211468973	-0.707975958536966
-0.118842773433771	-1.03206596299415	-0.357701552913917	-0.251013430784494	-1.35078455378566	-0.629799566504328
-0.0830116757923092	-0.673724059018609	-0.283299602710514	-0.241600644792811	-1.1367345428238	-0.536359862415692
-0.0452263212203279	-0.296153424765468	-0.201707214927546	-0.226376934023646	-0.894272091603304	-0.429526703829764
-0.00643139863000351	0.0905936270621733	-0.114755451085817	-0.205725314138874	-0.629385338128567	-0.311980848560323
0.03241142700423	0.476319871104877	-0.0244131804136448	-0.180174948142827	-0.348674568722826	-0.186699940184331
0.0703485772857014	0.850955738799402	0.0672440201172235	-0.150384971432919	-0.0591803384066464	-0.0568740651150904
0.106498554006953	1.20518066793552	0.158105830485408	-0.117192455799238	0.231728869553469	0.074127050229274
0.139937805953514	1.52946995650175	0.245943292130879	-0.0813357569486048	0.516845242229832	0.203069288249203
0.169866582088246	1.81534373827432	0.328627947982588	-0.0436971831952849	0.789061972087514	0.326733629775922
0.195585741624833	2.05531838993239	0.404127873699416	-0.00519395067796753	1.04163893583794	0.442066192114605
0.216510756009513	2.24310676720904	0.470552744252424	0.0332509404987083	1.26837157915513	0.546254285713333
0.232319196800531	2.37497385991815	0.52651229422368	0.0707903072616252	1.46456514702095	0.63714152993608
0.242485947415068	2.44582246917871	0.570075690565904	0.106497140998826	1.62434222159354	0.712089712449118
0.246768777583803	2.45325774911363	0.599945007202619	0.13955611413556	1.74364738989778	0.769246695667431
0.245077483269695	2.39656904387827	0.615178557397831	0.169233152452106	1.81953506050105	0.807245285137662
0.237475336857051	2.27678306277484	0.615225801505326	0.194887243214917	1.85024060063801	0.825232442189149
0.224327877790908	2.09797757820476	0.600355637077343	0.216120244059091	1.83644548938374	0.823432367753668
0.205768274458892	1.86268242166659	0.57025589861097	0.232289949542982	1.77700759929704	0.801243947966653
0.182218138514599	1.57636662594059	0.525460107366759	0.243014311420483	1.67326311486246	0.759163751638223
0.154227032442394	1.24601869097548	0.466935139852206	0.24803337071549	1.52776266028991	0.698224834071543
0.122460391767841	0.879985057227847	0.396060862930506	0.247213215744434	1.34420625209244	0.619971709101864
0.0877624936243482	0.488454892058503	0.314859707265492	0.240692424229895	1.12826270579471	0.526847865326155
0.0508620332337325	0.0807119401495148	0.225014770707605	0.228384048508874	0.884207270840557	0.420639651799999
0.0126258125993226	-0.332575135343602	0.128723769821683	0.210500924955716	0.618012078536419	0.3039282036969
-0.0260400166065052	-0.74043443807816	0.0283769877006628	0.187408309363306	0.336258689480331	0.179588358710076
-0.0642109178256463	-1.13193775353203	-0.0735074888224742	0.159622757996807	0.0459666262075572	0.0507146914521607
-0.101005681101614	-1.49683928507319	-0.174374171123455	0.127863978208232	-0.245507697308714	-0.0793975888731225
-0.135478113205423	-1.82500542734067	-0.271629546468633	0.0928269412314187	-0.531004667015679	-0.207578848125539
-0.166778311077283	-2.10753531659721	-0.362819694124526	0.0553929250380845	-0.803449596181493	-0.330642546614056
-0.194138019953964	-2.33683662377589	-0.445660085294462	0.0165330339689697	-1.05613393449035	-0.445540597028662
-0.216891466124604	-2.50685422371094	-0.518087567437131	-0.0227260801376761	-1.28288313961947	-0.549442325498993
-0.234624142392336	-2.61431907457533	-0.578592590077816	-0.0613973436553795	-1.4789898908785	-0.640137868298686
-0.246732126213285	-2.65511684232473	-0.625259980522843	-0.0983846646326997	-1.63865012861617	-0.714963225332016
-0.252892756414254	-2.62800942294181	-0.656841942155742	-0.132703938751896	-1.75783104995748	-0.772019598103588
-0.252940944375963	-2.53359577427902	-0.672490880165781	-0.163467587692331	-1.83358974854425	-0.809892228462571
-0.246871205572309	-2.37426215933001	-0.6717782163827	-0.189912119941947	-1.86413975631092	-0.827683209040002
-0.234977160226949	-2.15534274544462	-0.655075885488539	-0.211552870340324	-1.8500627232701	-0.825555277614403
-0.217347291364236	-1.8806209064753	-0.622250073088079	-0.227724475494062	-1.79021632579368	-0.802904905635562
-0.194359625839341	-1.55660304943127	-0.573979316973028	-0.238062946959958	-1.6858762420651	-0.760216307734116
-0.166528556059826	-1.19110159363955	-0.511358416079019	-0.24236905421041	-1.5395226635378	-0.698518832491376
-0.134493778660154	-0.793059843695556	-0.435869928817657	-0.240603697015361	-1.35478171159598	-0.619360911069634
-0.0990743363911047	-0.37301628498647	-0.349580120464835	-0.233016017070065	-1.1372086664625	-0.525181549392574
-0.0610119417099039	0.0595076463615852	-0.254250965442648	-0.219659362494076	-0.89108153924246	-0.417805573194398
-0.0211973006355441	0.493773928749457	-0.152118773070067	-0.200876839705597	-0.622371293946015	-0.299849875078247
0.0194205703330716	0.918829113309738	-0.0455961886071939	-0.177150425352674	-0.337690441855591	-0.174233663346673
0.0598565315382309	1.32379972166803	0.062786342167086	-0.149089648074979	-0.0441197024169777	-0.044102808491697
0.0991593286938118	1.69853841974672	0.170470356611032	-0.117474359675607	0.250915989869595	0.0871951208880982
0.136287636232547	2.03284061430464	0.274831401394218	-0.0830241110473358	0.540127113607728	0.216427868976548
0.170291601885016	2.31775533064376	0.373352327037358	-0.0466029013086679	0.816295012313716	0.340344901344533
0.200299072921258	2.54560614788384	0.463644248875837	-0.00912517367338822	1.07255438875133	0.455836114249594
0.225541959247957	2.71024239372159	0.543495250633511	0.0284725993200758	1.30257397358973	0.560016178243339
0.245506442127055	2.80835562766685	0.611188369332815	0.0653135392263341	1.5014939704122	0.650631017291411
0.259509964080794	2.83577607476842	0.664608979246398	0.100427773443945	1.66340463257896	0.724997577209531
0.267165182689737	2.79140767692374	0.702263065095989	0.132946936399598	1.78418519944414	0.781216214345426
0.268261605355481	2.67617520682038	0.7230479496976	0.162074728787733	1.86084011087848	0.817895916327556
0.262769169687409	2.4929970733142	0.726292801523081	0.187100474975246	1.89156943118935	0.834188517958239
0.25096784293565	2.24786327121033	0.712135637502947	0.207543530642054	1.87695217809354	0.83032543901463
0.232977343188679	1.94558338569359	0.680332724840846	0.222698137063302	1.81594989959859	0.805808797065793
0.209221462897555	1.59380925917341	0.631505101684656	0.23211645672432	1.70995637765735	0.761242894748955
0.180278423832804	1.20158891815881	0.566777474284426	0.235487185433534	1.56159637872266	0.697787409202567
0.146864378400699	0.779093892747417	0.487752642391879	0.232649779911703	1.37465365028154	0.617120859210734
0.109870743279017	0.33779252367337	0.396676668817851	0.223742356378476	1.15478983103425	0.521783435932758
0.0701356189650619	-0.11162773637246	0.295624840115089	0.208742468210782	0.906489738718732	0.413717653493596
0.0286349399401671	-0.557684014025904	0.187189537684167	0.187963187820971	0.635874139110156	0.295614064630409
-0.0136065993424295	-0.989004178253977	0.0741719239548913	0.161913578018534	0.349670257026199	0.170424761012893
-0.0555427044437111	-1.39465665461025	-0.0405107605825763	0.131289786051028	0.0550231244265162	0.0412802605161531
-0.0961855497445	-1.76495108285519	-0.153974967796383	0.0970111143975135	-0.240700975481607	-0.0885666110489741
-0.134459228352573	-2.09008267103683	-0.263288848023779	0.0599849757071959	-0.530196460095667	-0.215963421747374
-0.169402310214621	-2.36192235087923	-0.365734564616407	0.0212893393291557	-0.806340062593982	-0.33780643108218
-0.200145589933927	-2.57380605017225	-0.458836930656594	-0.017937103477437	-1.06242041089352	-0.451166095003253
-0.225935431621819	-2.72070469147019	-0.540424504269298	-0.0565418102666677	-1.29231091398166	-0.553358915812386
-0.246282325253982	-2.80046430410142	-0.608963387603899	-0.0934553353510636	-1.49142818040202	-0.642358005891913
-0.260529131154047	-2.81001995939391	-0.662593129135504	-0.127562685124327	-1.65406851736547	-0.715648403963825
-0.268322825394155	-2.74937498363505	-0.700160332425961	-0.157903208491383	-1.77633872008129	-0.771488217630375
-0.269491439779177	-2.62048108418314	-0.720940002354869	-0.183654282159408	-1.85543430288502	-0.808600570604244
-0.264046543249739	-2.42718880730881	-0.724633707882736	-0.204152229916655	-1.88968676848347	-0.826196727244917
-0.252306730835143	-2.17616068562604	-0.711699167223466	-0.219033082559732	-1.87971148910396	-0.82450211982032
-0.234441934052718	-1.8730933311389	-0.682140708282098	-0.227797569418666	-1.82445168715116	-0.802958603173395
-0.210925409340711	-1.52631051128794	-0.636712118628143	-0.230263812287554	-1.72517747958946	-0.762048771770315
-0.182382152234535	-1.14537241309789	-0.576546229484022	-0.226436218403157	-1.5842980922088	-0.702759750643482
-0.149566855556755	-0.740733664582714	-0.503130246063887	-0.216497970797039	-1.4052995980001	-0.626558503665137
-0.113386970658678	-0.323674930250657	-0.418452914969095	-0.200932409903135	-1.1934321955083	-0.535729384547851
-0.0746956309730278	0.0952950317094622	-0.324325425573895	-0.180038449787504	-0.952843752187857	-0.431998779892808
-0.0344555400441636	0.50542725666915	-0.223002006510403	-0.154401111655316	-0.68926559805626	-0.317831239081021
0.00634612749146681	0.896532390236804	-0.116930111023286	-0.124731486044103	-0.409051880102506	-0.195975608572308
0.0467242590767724	1.25930532561247	-0.00868656945808602	-0.091845270872178	-0.119016280473441	-0.0693938639240126
0.08577728840836	1.58614136353052	0.0991900628019944	-0.0567058371450008	0.173789470033344	0.0588058380263573
0.122515533039167	1.86942974643365	0.203961423060502	-0.0201626871779162	0.462175701345544	0.185517732948677
0.156072244991727	2.10346163165647	0.303068080885119	0.0168179054656497	0.739077110185101	0.307651973734182
0.185666498720728	2.28396331246283	0.394124911240336	0.0532507204852075	0.997737142882253	0.422243413659237
0.21061725508643	2.40807755433494	0.474989695008909	0.088155945170476	1.23188712758546	0.526529021188837
0.230486139811008	2.4754156238769	0.544136004199972	0.120626368107009	1.43675688452295	0.618383790845162
0.244635828505387	2.48413579313426	0.599610238747725	0.149718550931319	1.60630559676857	0.69512846652617
0.252707746077563	2.43487724091722	0.640159757461762	0.174615880720019	1.73629691853998	0.754856148891827
0.254499945730113	2.32955733710112	0.664948480762132	0.194621277153376	1.82357798746369	0.796122516319973
0.249975464342651	2.17131699578393	0.673570211962414	0.209184645631881	1.86615968215971	0.817981367466058
0.239395497640293	1.9654438807567	0.666397835971588	0.218054479043327	1.86441812700909	0.820536605036745
0.222866124559586	1.71580824888486	0.643357301094493	0.220850741349311	1.81707553874706	0.803100342980334
0.200804888072396	1.42853859099633	0.605151274611352	0.2175290112143	1.7252838800484	0.76606507419115
0.173794038080271	1.11078607598331	0.552879876684129	0.208251431995863	1.59141836190465	0.710358335637177
0.142562624953867	0.770531243444783	0.488006280808119	0.193376109142995	1.41900663118035	0.637417900472653
0.108013896112596	0.416590388342368	0.412482518611768	0.173577407461948	1.21339445187	0.549529808738533
0.0710059497889017	0.0573614736576552	0.328074438656754	0.149321682895116	0.97886877368077	0.448437778773499
0.032520802151973	-0.298295648405383	0.236946673604496	0.121346365648089	0.721300732898384	0.336637453692839
-0.00642911949478443	-0.64172705009256	0.141402669909346	0.0904790445887549	0.447162575717666	0.216915091814243
-0.0448343200470948	-0.964775346860187	0.0438128573175847	0.0576043371705356	0.163341923512184	0.0922704882170507
-0.0817766285977343	-1.26067609793897	-0.0535705666841918	0.0237049859070479	-0.123136413425358	-0.0341737836885659
-0.116264582321189	-1.52207711337658	-0.148302682663977	-0.0104222252793791	-0.405082771402725	-0.159262911658196
-0.147448745389861	-1.74336316049459	-0.23815675567848	-0.0439167962634911	-0.675532804312928	-0.279886875658915
-0.174588019488008	-1.92013009350924	-0.32108227075772	-0.0759516916242298	-0.927894831493406	-0.393077521484633
-0.197064195344745	-2.04921683942826	-0.395248072313397	-0.105748994331954	-1.15612108621961	-0.496089656795721
-0.214528536128675	-2.12985614035233	-0.459431429718037	-0.132631334722687	-1.35576170849825	-0.58686851426936
-0.226434986223569	-2.15957326128135	-0.511823036803513	-0.155917552235911	-1.52099047034192	-0.662759096804873
-0.232526794857705	-2.13840932514013	-0.551265052889428	-0.175054563131029	-1.64783184503782	-0.721918762109684
-0.232702014656114	-2.06762991568992	-0.576932574307324	-0.189601423851961	-1.73337750560543	-0.762981666692631
-0.22701324569177	-1.94964757869364	-0.588353212994518	-0.199243006724502	-1.77585155190476	-0.785090547611005
-0.215802591762122	-1.78891540516429	-0.585824109642591	-0.203920873109586	-1.77583968195307	-0.788463236211093
-0.199209264282524	-1.58831055906799	-0.569007305818732	-0.203420412963976	-1.73211662010082	-0.772474029766071
-0.177659697427214	-1.35282012876918	-0.538349574237078	-0.197798468494454	-1.64584393578466	-0.737574041471311
-0.151713954413365	-1.0882904092464	-0.494670003362049	-0.187256116824895	-1.51932787164185	-0.684723271705312
-0.122052068348249	-0.801252708845644	-0.439142667766749	-0.172126971241509	-1.35595303905125	-0.615360539740921
-0.0895165735749668	-0.498931786467484	-0.373474170052372	-0.15299808638193	-1.16086656534284	-0.531740896888522
-0.0548762334370905	-0.188211730630673	-0.299119599004266	-0.13020869826412	-0.938088290459501	-0.435537364359151
-0.0190288422415631	0.123581959337144	-0.217999907763491	-0.104330940606616	-0.69319291826675	-0.329140097214531
0.0170894512757222	0.429197171539152	-0.132220693023286	-0.0760093524330249	-0.432341564070738	-0.215199990366558
0.0525302375309755	0.721647431144926	-0.044010121439681	-0.0459451644954139	-0.162116172827513	-0.0965595023588144
0.0864158922764716	0.995080365754118	0.0444824690931197	-0.0149587068167295	0.110770237029008	0.0238429264295101
0.117780636451904	1.24250891533822	0.130809396880448	0.0163015189900329	0.379337881377308	0.143006212188366
0.145783128122544	1.45838426285582	0.212707859033313	0.0470824666442809	0.636813841949363	0.257978371584086
0.169682303595014	1.63796642091743	0.288060273735084	0.076627904936951	0.876759765163249	0.3659356198656
0.188861345333927	1.77736741443946	0.354961569407442	0.10419805853933	1.09325364862043	0.464259298011281
0.202989538551282	1.87479079257714	0.412198527876926	0.129118898481489	1.28200489990376	0.551022221591165
0.21154604775656	1.92630298157391	0.457861552094453	0.150722689449372	1.43723792291005	0.623625729109799
0.21432832247905	1.93039767275298	0.490805903396144	0.16845604825268	1.5550736067285	0.680275101160403
0.211316191849207	1.88672002604863	0.510290195861977	0.181880792175751	1.6327200496513	0.71962948040509
0.202670453630649	1.79608753631716	0.515999698627975	0.19069148996774	1.66854505702117	0.740836726708408
0.188872588040142	1.66152105194691	0.508519907586677	0.194837159561292	1.66334238079833	0.744118866781825
0.170189990444169	1.48458430335356	0.487696167379803	0.194135719799355	1.61602548693149	0.728801429787236
0.147187320880411	1.26931197214918	0.454236471047233	0.188666806345569	1.52792369685456	0.695282633996649
0.120551799148498	1.02098835883127	0.409215280989129	0.178644241330917	1.40149233410044	0.644454695463814
0.0910675076055835	0.746025181695453	0.354030567220773	0.164396508434874	1.2402289622669	0.577676298124478
0.0596574252559299	0.452011519016005	0.290595126002012	0.146476402007268	1.04935747683777	0.497117541288367
0.0271032091739861	0.14661128532631	0.220405454934999	0.125176386913821	0.832871761751003	0.404349901996766
-0.00572247908503017	-0.161683978794388	0.145369973687621	0.100992087592586	0.596261921430845	0.301662619223384
-0.0379574945044791	-0.46415231616677	0.0674882888194498	0.0744719711084956	0.345533448267844	0.191608263166744
-0.0687733564754867	-0.752147163776477	-0.0112078546747644	0.0462093386612513	0.087050816194161	0.076939778959918
-0.0974461052317721	-1.01812968937094	-0.0888429195283063	0.0169136786634073	-0.172741789004128	-0.0394848141626506
-0.123206788265694	-1.25347528083049	-0.163316732927393	-0.0128673991865912	-0.427149593651405	-0.154709660516111
-0.145424154335923	-1.45135548616253	-0.232752572888216	-0.0424682126813202	-0.669694808420475	-0.265808855240567
-0.163572125117306	-1.60621396051147	-0.295436802117065	-0.0711959383901423	-0.894221611168531	-0.369958459091499
-0.177240413527715	-1.71392751149178	-0.34985896126897	-0.0983439461702984	-1.0950630890143	-0.464514772723747
-0.186288455233207	-1.7731638836576	-0.395199057202477	-0.123234836811361	-1.26817394327912	-0.547518370231129
-0.190345952794629	-1.78099593364378	-0.429799614401988	-0.145168785661395	-1.40792331245656	-0.616293819115269
-0.189330136551292	-1.7376404371849	-0.452720188625146	-0.163529054531682	-1.51056633288457	-0.668977732753217
-0.183302827738255	-1.6450078623541	-0.46333941518535	-0.177789313000751	-1.5734253272102	-0.704169493960978
-0.172469509348799	-1.50656215339227	-0.4613820513619	-0.187539051375164	-1.59498050529347	-0.720979248855628
-0.157334398594432	-1.32818635594497	-0.447463979162295	-0.19261204581325	-1.57619404231733	-0.71963889876396
-0.13812947213589	-1.11418966203271	-0.421273753601371	-0.192723744085718	-1.51609381784902	-0.699495904750823
-0.115373877055902	-0.87117200691154	-0.383391700028607	-0.187865774819113	-1.41620525472899	-0.661030071553567
-0.0896948386313026	-0.606576323383722	-0.334770080730772	-0.178192968689924	-1.27923879044021	-0.605266207439362
-0.06180867510257	-0.328421350513571	-0.276717216747344	-0.164013181597661	-1.10900884070395	-0.533744517672546
-0.0325789875689413	-0.045278491664634	-0.21115550967715	-0.145897221451075	-0.911140960800101	-0.448865974869049
-0.00270271752150805	0.234955347356818	-0.139541311224238	-0.124212602174149	-0.689993594644584	-0.352444017177062
0.0270194138277236	0.504237644568412	-0.0638490652362534	-0.0995629618677633	-0.451451700838388	-0.247025436882895
0.0557942575819977	0.754947199343657	0.0138008706017643	-0.0726311733897898	-0.201883608781676	-0.135410599724218
0.0828602963912285	0.980113240626304	0.0912164771369316	-0.0441545690915722	0.0520562665212981	-0.0205690931385671
0.107558071713629	1.17430749448436	0.166328963389725	-0.0149679242243381	0.303732370881189	0.0944722658987581
0.129192061557071	1.3314891466171	0.236885839476768	0.0142649901108741	0.546452734132018	0.206672636824347
0.147207181730627	1.44767567965387	0.300871979901664	0.0428213451744102	0.773913455066682	0.313107968712436
0.161161001424739	1.52032165811519	0.356484958758585	0.0700137261817989	0.980332360099148	0.411055772766226
0.170735357100209	1.54835258290746	0.402192256029689	0.0952089523918716	1.16061106002962	0.498074693016212
0.175893001778226	1.53333654927038	0.437233757675324	0.117876923737455	1.31143947743941	0.572497676447792
0.176364801423886	1.47515133591984	0.460090775568574	0.137496164491526	1.42805413460314	0.632025547315916
0.172172335254615	1.37644235178566	0.470048404006527	0.153677845996259	1.5076365084305	0.67521809141702
0.163476742155633	1.24109449175304	0.466790365642185	0.166138493693345	1.5484275020642	0.701116327810165
0.150571125962847	1.07399090120791	0.450414542614069	0.174699369763643	1.54974564313204	0.709254956525586
0.134033253584522	0.881787420478568	0.421967856119355	0.179392716394627	1.51326835420484	0.700247257689224
0.114132585391529	0.668956479523732	0.381582066092119	0.180065658639526	1.43848924029971	0.673717024026145
0.0913984671857705	0.44157798254749	0.330287306113696	0.176775001933022	1.3271851419259	0.630315395319446
0.0664346520165109	0.205968806946431	0.269460937090405	0.169660213588557	1.18208253310711	0.571115548885294
0.0399003298095916	-0.0314965201305221	0.200786941637763	0.158931346560248	1.00679669062582	0.497583483775711
0.0125774223814803	-0.264241079869316	0.126518714964589	0.144976918910898	0.806635483784148	0.411963804335993
-0.0149598234381966	-0.486762988810817	0.0482982935060214	0.127933495574796	0.585387436179763	0.315762201239551
-0.0420478084280756	-0.693546327817418	-0.0317865690523493	0.108114852802704	0.348352006565172	0.211181921231611
-0.0680416824401714	-0.879537337689157	-0.111594041449594	0.0858836369182232	0.101315065893881	0.10066007257977
-0.0923303055666182	-1.04025905768127	-0.188992893004829	0.0616501568308458	-0.14958776638003	-0.0131764675208819
-0.114390205548412	-1.17247509347474	-0.261993137849382	0.0359279739025906	-0.398063279689127	-0.127556349135989
-0.133665943377542	-1.27239708268265	-0.328591303401985	0.009133965691343	-0.637771255124703	-0.239677508617597
-0.149714114265503	-1.33786028250464	-0.387010935126212	-0.0182106888319707	-0.862541793841609	-0.346720524956318
-0.162177112519967	-1.36776645167333	-0.43570618653767	-0.0455403482364198	-1.06656593991424	-0.445949492724348
-0.170790216449966	-1.36207410298416	-0.473404741828695	-0.0722496029538445	-1.24457019608259	-0.534791895132548
-0.175530900440331	-1.32279870759069	-0.499552057713219	-0.0977428017567805	-1.39291878625915	-0.611335287433033
-0.176119479101276	-1.25017694662607	-0.512940304247023	-0.121312578511695	-1.50650897156061	-0.672972825016726
-0.172523483968858	-1.14659672690552	-0.513101116365993	-0.142310385724812	-1.58210785371769	-0.717889909731623
-0.164814397096332	-1.01526852834461	-0.499943525609429	-0.160127763202943	-1.61754735934997	-0.74473339986227
-0.153164825521205	-0.86005160261871	-0.473765114963081	-0.174221978652245	-1.61179202678109	-0.752663163016031
-0.13801046276293	-0.686264313765477	-0.435761849764004	-0.184255830766688	-1.56628995085863	-0.741992633885756
-0.1194610331611	-0.497025306085128	-0.386229556931474	-0.189724779119354	-1.48039067591418	-0.71209852807427
-0.0978796942053452	-0.296885470476509	-0.326292085567977	-0.190392715475016	-1.35589628048162	-0.663510588384713
-0.0737110453284543	-0.0906316649066524	-0.257368127093598	-0.186188185331104	-1.19572580305009	-0.597312675110594
-0.0474753501406818	0.116811806853924	-0.181127714916301	-0.177210206454795	-1.00385081240498	-0.515120342272668
-0.019852847379245	0.320092638884983	-0.0997714000212252	-0.163844386197894	-0.786130797288481	-0.419488002654075
0.00865288557777093	0.5149442967775	-0.0148081501254128	-0.146329198397092	-0.546891818058315	-0.312280310725095
0.037400409419489	0.696820846281962	0.0718375701130633	-0.125163745970684	-0.292066045865319	-0.196162634474432
0.0657183654852597	0.861423042988125	0.158205178817346	-0.100961248677142	-0.0280778913529953	-0.0740792180162381
0.0929212715996055	1.00479857079471	0.24233532435664	-0.0744208855190742	0.238337477935238	0.0508292074755653
0.118362513395337	1.12383642350407	0.322322426378838	-0.0463488941931909	0.500308171756825	0.17528365083531
0.14134057974172	1.21501137673833	0.396288100861243	-0.0174454021923241	0.751151791789277	0.296096400303199
0.161236705186949	1.27598665620007	0.462443521962917	0.011548835791857	0.984426763144012	0.410128799781432
0.177504321809932	1.30523729896554	0.519111422263982	0.0399245451718602	1.19416898145812	0.514427340686837
0.189687885219029	1.30208046897894	0.564756576951199	0.0670204510516871	1.37505074934045	0.606305533512646
0.197576774589165	1.26760956934024	0.598366282194656	0.0922844286077244	1.52340893394425	0.683815429571955
0.200741120627819	1.20142729234511	0.618320681350729	0.115110377470492	1.63429361898835	0.744440475721237
0.199019936274853	1.10514596369725	0.62359658905564	0.135027511481606	1.70460376495813	0.786500232530246
0.192392850898102	0.981323522426603	0.613510778437794	0.151648215777497	1.73231733613961	0.808818817903792
0.180982555699622	0.833380777155752	0.587783043016292	0.164665984906064	1.71655203787303	0.810759673482586
0.165212165176279	0.666409062431445	0.547053954791445	0.173973316854605	1.65888856127265	0.792846295119267
0.145241301227256	0.483735746253216	0.49131098627293	0.179240350154211	1.55890839098003	0.754692025004434
0.121511748128113	0.290243927682253	0.421489228717068	0.180346673820539	1.41863557099073	0.697052112479682
0.0945781346953695	0.0911616162302988	0.339023261683157	0.177263736651099	1.24125607098997	0.621236755293932
0.0650937631437834	-0.108159821739887	0.245821762279053	0.170061229801879	1.03106885414334	0.529091802109486
0.0338824699238033	-0.302055048319271	0.144544827774598	0.159031932499162	0.794342427719894	0.423416854335438
0.0016027564040552	-0.486265658333176	0.0373734757297251	0.14428188402851	0.535862809075225	0.306313496592848
-0.030963597094818	-0.656550586010636	-0.0729453789278364	0.126146697805899	0.262070948360403	0.180687562882701
-0.0630215417028821	-0.809252429007291	-0.183518980602545	0.105071758907093	-0.0200649666656111	0.0497210559496356
-0.0937831831407643	-0.941350634051042	-0.291405520723454	0.0816036500225515	-0.303252844900649	-0.0832161935535631
-0.122519419579425	-1.05075089089649	-0.393693304989704	0.0564215514412819	-0.580032345130651	-0.214611836091062
-0.14847556658323	-1.13525036011907	-0.487663352667245	0.030142482016763	-0.843286236447886	-0.341120171422075
-0.171000766761578	-1.19358787579506	-0.570801126911636	0.0034517949286931	-1.08619266893783	-0.459467863923128
-0.189534950258933	-1.22503795549112	-0.640890989923328	-0.0229720530115202	-1.30252427718331	-0.566614699630439
-0.203623422510923	-1.22933054416457	-0.696073563140077	-0.0484847621762077	-1.48682724831259	-0.65984114322745
-0.213059252999882	-1.20740715722332	-0.735186790482428	-0.0725483908819982	-1.63540517790286	-0.737198208198463
-0.217441566772748	-1.15855391051674	-0.756788142813097	-0.0945761360406594	-1.74355711417645	-0.796284768898221
-0.216636145066444	-1.08349608589815	-0.760175784193821	-0.114125376490159	-1.8085157727241	-0.835564279914101
-0.210651958218167	-0.983548149501547	-0.745129252795198	-0.130844436101519	-1.82870308885407	-0.85404843931409
-0.199641437098175	-0.860647021670045	-0.711916438368392	-0.144464591723826	-1.80375292537628	-0.851319554989212
-0.184044096676274	-0.718236627876789	-0.661709839078101	-0.15491040354057	-1.73573827664483	-0.82811618716167
-0.164059344395494	-0.558182053323913	-0.595100913267101	-0.161863298210542	-1.62483751892416	-0.784315640951152
-0.140146446274053	-0.383989926425337	-0.513503744617501	-0.165185180645838	-1.47354108786024	-0.720893853070755
-0.112864724524331	-0.199783655464201	-0.418717191777017	-0.164794853013575	-1.28538954792999	-0.63934587193083
-0.0828576337617005	-0.0101764736502626	-0.312885136755027	-0.160672568549309	-1.06490330072162	-0.541656659037058
-0.0509131413694621	0.179479242732151	-0.198750494247922	-0.152993306737428	-0.818402160942656	-0.430707207723748
-0.0176709180666346	0.364762548173641	-0.0785501091085002	-0.141705866027171	-0.550692839403839	-0.308657008210463
0.0161304484493195	0.540851940598778	0.0450210224416978	-0.12697315271677	-0.268092699208913	-0.178416103966608
0.0497429372053168	0.703142308283493	0.169148990637767	-0.109063594791035	0.0226079328478528	-0.0431442742691392
0.0824206182135748	0.847405260046102	0.290949430648278	-0.088358832949765	0.314296559941867	0.093819335222717
0.113464977421479	0.970230457042982	0.407502321400982	-0.0654044366956647	0.599643713940085	0.228978222937297
0.142118274681559	1.06812082229054	0.515977301727189	-0.0407196033702544	0.871566092860764	0.358990449479975
0.167702450591095	1.13874505689685	0.613649213725387	-0.0149473124277084	1.12318713333341	0.480558504981257
0.18959628883347	1.18065821389183	0.697981284357911	0.0112172193356901	1.34811777887907	0.590589810294523
0.207248822150252	1.19331228229932	0.76669567970237	0.0370538640757018	1.54064771347948	0.686289776847041
0.220316484897751	1.17784815933762	0.818109438313931	0.061900154832664	1.69672498926922	0.765610489659689
0.228254723253196	1.13416469482713	0.850305575593505	0.08499904085384	1.81134355108501	0.826085828946959
0.230761202435066	1.06390616443553	0.862103619410896	0.105718915904892	1.88143320019577	0.866127956766051
0.227672467274569	0.969466261448455	0.852871494119965	0.123522365173813	1.90518037023743	0.884733670586819
0.218978187248619	0.853849512114819	0.822573255716626	0.137982580813958	1.88208082951467	0.881514232910191
0.204966301950537	0.721329381776852	0.772176963784365	0.148918848822396	1.81413602959268	0.857268835957294
0.185754027820854	0.574437676600164	0.702331498467229	0.155962296971041	1.7016804293178	0.812005077810383
0.161749382249221	0.416808619985959	0.614637889423153	0.158994682222938	1.54740851548548	0.746841193451771
0.133513084047396	0.252218218890233	0.511244167297392	0.158017871986504	1.35513166565986	0.663422277883286
0.101745593114468	0.0844982496712698	0.394784407516289	0.153144465586797	1.12967199352596	0.563871941244241
0.0673352989899464	-0.0822536382415122	0.268571390842367	0.144711731151771	0.877594578088749	0.451164145717471
0.0310942127541281	-0.24474878339795	0.135548026994271	0.132829522800753	0.60403397834633	0.327545996957133
-0.00604867072172648	-0.399591691484652	-0.000910406054612365	0.117801294155605	0.315493690299082	0.195935713683009
-0.0431409964434797	-0.543597734014887	-0.137353237101185	0.0999942564255109	0.0188492629093658	0.0594366562123848
-0.0792368019092347	-0.673831195563558	-0.270351007268239	0.0798348376826928	-0.278805774167585	-0.0787294332619437
-0.113464848942161	-0.788066384438991	-0.396588152218658	0.0578597971081529	-0.570298111478152	-0.215252797427842
-0.144920159155388	-0.883400874954875	-0.51295617864286	0.0345209757353806	-0.848661315609257	-0.346962036327452
-0.172834777205639	-0.957910188495638	-0.616667394653416	0.0103578580316801	-1.10724828962247	-0.470770750197025
-0.19655481476286	-1.01023838316506	-0.705311849328028	-0.0140580167467668	-1.33992040031642	-0.583789222470173
-0.215552806175726	-1.03962530594621	-0.776908470701245	-0.0381311961178932	-1.54119722512516	-0.683390265105917
-0.229556199935607	-1.04674061218225	-0.830210295270283	-0.0613048092775736	-1.70720516606334	-0.767640311380323
-0.238128285501553	-1.03076639037335	-0.863803608009998	-0.082908885737216	-1.83298775561887	-0.834080473763149
-0.24108918109669	-0.992400397712829	-0.877058293365831	-0.10236423912818	-1.91542581756891	-0.881046768440687
-0.238395423052682	-0.932937874823474	-0.869865633093009	-0.119155813269017	-1.95252321451115	-0.907357928155137
-0.230136808526189	-0.854199785619961	-0.842626528654521	-0.13285548107457	-1.94345512874494	-0.912348400991933
-0.216660699991585	-0.759153999399504	-0.796589560023071	-0.143270486366717	-1.8897356971995	-0.896441902000542
-0.198118253799629	-0.649322118587071	-0.732555686670469	-0.15000895522906	-1.7911936064081	-0.859238912503527
-0.174894331475199	-0.527196519931873	-0.652072885995727	-0.152932541157427	-1.64990562337675	-0.801406263582989
-0.147481328863051	-0.39545477795466	-0.557049260323099	-0.15203207259042	-1.46902780058658	-0.72413890447701
-0.116475512153803	-0.256903350929936	-0.449713766066756	-0.147421258184989	-1.25273276234495	-0.62914607458484
-0.0826292937950838	-0.114587379308932	-0.332804701616056	-0.13946188485964	-1.00692943656206	-0.519030975685083
-0.0466367446244353	0.0288118306323555	-0.208720442949875	-0.128264943136634	-0.73632816124426	-0.39582239313018
-0.00930667057976412	0.170554307187606	-0.0802244541030026	-0.114137135475354	-0.447070265644381	-0.262306815205003
0.0285052869328791	0.307982999598001	0.0498106480704721	-0.0974333513812331	-0.145817726043359	-0.121575047890387
0.0659140596217166	0.438529344827208	0.178448673490833	-0.0785441968801288	0.160381607412272	0.0230445994903271
0.102070752192394	0.560211318004115	0.302782515422131	-0.0579534447901215	0.464259596982294	0.168040441363186
0.136029835890407	0.669956700947566	0.4198581072072	-0.0359991911797531	0.758477029641305	0.309900972889535
0.166941640664508	0.765475519140588	0.526934878775664	-0.0130908036311042	1.03589506351462	0.445140739974598
0.194029220049233	0.844782173456472	0.621501396151209	0.0103503439627205	1.28973800272463	0.57041664705325
0.216610558709406	0.906242027428831	0.701343733309187	0.0338853808448502	1.51377053422811	0.682618102542813
0.234239062012693	0.949445484259594	0.764893698841674	0.0571030518194189	1.70329488307876	0.779328350436635
0.246301639546428	0.972350319748838	0.810299903204178	0.0794487522926392	1.85245861411354	0.857610941098098
0.252452236932742	0.974278304013085	0.836490354754427	0.100400754428262	1.95729487711165	0.915383784215655
0.252505671563301	0.955098474631117	0.84291975290525	0.119432016938847	2.01503666892211	0.951118312052599
0.246445643921894	0.915232763289191	0.829585611930314	0.13602508903686	2.02421176417946	0.963888874857003
0.234553432280406	0.856297976115012	0.797379865225598	0.149834444220931	1.98584495942092	0.953957647851429
0.216967312573614	0.778751817361174	0.746828344926908	0.160217999611125	1.89946608398958	0.920860406656783
0.194102739463806	0.684120190310374	0.679278849432693	0.166745836368529	1.76706834946651	0.865312144950526
0.166521444643314	0.574314081765697	0.596510930335035	0.169091905124503	1.59192130791662	0.788648517899151
0.134917205616206	0.45159872414292	0.500682922268459	0.167058173907302	1.37847681902443	0.692790724561741
0.100154195687822	0.318659270762678	0.394476199040563	0.160744653047897	1.13302377060705	0.580593821526659
0.0630417166764217	0.178228927748155	0.28030172677013	0.150030886044143	0.860754631627391	0.454362965561894
0.0244949057819898	0.0332940394490257	0.160902494334717	0.135091528850985	0.568283060706402	0.317152093385814
-0.0145440327303345	-0.112998526844175	0.039093641748253	0.116249281942403	0.262690643312984	0.172286948115862
-0.053130476859905	-0.257372983689779	-0.0823028886717744	0.0939670652541124	-0.0486542523178833	0.0232799208517108
-0.0903874159185972	-0.397007590080843	-0.200597857899942	0.0689042827334593	-0.358324181010085	-0.12624867349666
-0.125367902315304	-0.527758901124839	-0.313034540001287	0.0416516896438107	-0.658879375984409	-0.272705888349417
-0.157246613186355	-0.646214472349898	-0.417161878690762	0.0129436357158233	-0.943257498067736	-0.412601515040178
-0.185288594794881	-0.749258897448187	-0.510790621725728	-0.0164316691110692	-1.20486887696683	-0.542634011887962
-0.20886288062565	-0.834197010828285	-0.592027871280113	-0.0456558789786835	-1.43772858935427	-0.659761952952696
-0.227578910132075	-0.899712891941431	-0.659622246554721	-0.0739599809879253	-1.63742926096364	-0.76166073729138
-0.240859250118428	-0.943024687809898	-0.711860598312882	-0.100471109904589	-1.79828113788074	-0.845429149087993
-0.248388052760875	-0.962936812951928	-0.747737582931729	-0.124423885226472	-1.91644133059953	-0.909022076314761
-0.24999348736597	-0.959042018771016	-0.766630293584983	-0.145141524538113	-1.98914149440882	-0.950911751193715
-0.245652823026245	-0.931729359974022	-0.76829693001159	-0.162064343366529	-2.01475277278143	-0.970126773137304
-0.23562573557785	-0.882789528411575	-0.753248857214308	-0.174917003049601	-1.99398735597368	-0.966837527399197
-0.21999473588217	-0.813091774366861	-0.721419416294833	-0.183229358543635	-1.92586648393588	-0.940419716800102
-0.199115679189698	-0.72469057681764	-0.673493711531458	-0.186826319179646	-1.81178352039269	-0.89140738949066
-0.173482621582141	-0.620093941790503	-0.610522443469379	-0.185692643795725	-1.65433351696984	-0.820932266075226
-0.143718412752321	-0.502156779526989	-0.533913686462382	-0.179963388340395	-1.45727091286724	-0.730702666910229
-0.110618987349348	-0.374032846776623	-0.445619833904466	-0.170055865533775	-1.22621326035057	-0.623360798293617
-0.0749297936038371	-0.238851080707946	-0.347397060358796	-0.156123708422355	-0.965788225982905	-0.501038127735585
-0.0375210327133774	-0.0997623664406854	-0.241462894824405	-0.138536111181587	-0.682190049126165	-0.366655513275702
0.000690559862031133	0.0401644323675265	-0.130257801201411	-0.117715398003249	-0.382263964222321	-0.223461331588979
0.0387645117325966	0.177982644462333	-0.0163951436137056	-0.0941236554147992	-0.0733420844399019	-0.0749525391839562
0.0758116441093314	0.311437108714455	0.0975070327204331	-0.0683286013800075	0.237009096679334	0.0752168452803507
0.110843903283198	0.437088576078544	0.208529897312192	-0.0407488613951822	0.540985581360807	0.223333766925165
0.14298428666191	0.552286179763324	0.313956273939986	-0.0119029694635099	0.831063828210154	0.365763290076256
0.171438745453666	0.654627330505104	0.411225725968019	0.0176516184911625	1.10012304634286	0.499036386280674
0.195517689616767	0.741974082683492	0.498005602370702	0.0473103130173547	1.34163474876471	0.619939344380877
0.214786895135993	0.813311807987583	0.572618152595388	0.0764636127894849	1.55071740601314	0.725998051835055
0.22862391299576	0.86586935562231	0.63282866462035	0.104352019454143	1.72122487895465	0.81415922615569
0.236695828945839	0.898093101637193	0.677226838912633	0.130230803028329	1.84903021494251	0.882284046114054
0.238836154277878	0.908884341638234	0.704878138870247	0.153355989844528	1.93122671867685	0.928794109904905
0.23504821232011	0.897668819422898	0.715338835459917	0.173017896263042	1.96618227852516	0.95270376500637
0.225639298794807	0.865100863628548	0.709063738894375	0.188714178659787	1.95473265212538	0.954196099264755
0.210733426520967	0.810840031520244	0.68594258358025	0.199721371874458	1.8960293321313	0.932655091922637
0.190737357183814	0.735796845333557	0.646753155251159	0.205580123023424	1.79165058446847	0.888628025228406
0.166189291422553	0.641499277858537	0.592694543256281	0.206000352531581	1.6443513628372	0.823239273566203
0.137741291489839	0.530068711701809	0.525334510493713	0.200883553772962	1.45797628015511	0.738155963755227
0.106199661753325	0.404224945478933	0.44676675319262	0.190483315716078	1.23813200509687	0.635931621118543
0.0722880244656153	0.266975128929375	0.358765196858844	0.174887306709617	0.989305267771684	0.518579497138038
0.0368361323765768	0.121700041160777	0.263487568359784	0.154504332137032	0.717439391230842	0.388867314100101
0.000698640531058288	-0.0280063861272023	0.163196479553539	0.129907282166899	0.429026856266725	0.249869885980525
-0.0352639343292421	-0.178436760519065	0.0602091004136557	0.101809978250898	0.13097412672975	0.104906180271547
-0.0702574653052332	-0.3264262088186	-0.0432586496116183	0.0711156756012027	-0.169631821678761	-0.0425459831194218
-0.103389187683814	-0.467505894579144	-0.144749318999804	0.038611018259085	-0.465409358576962	-0.188888937530224
-0.13387328238198	-0.597951892534803	-0.242034531961936	0.00519220717158574	-0.749217137538523	-0.33056510050837
-0.1609955263941	-0.714314707937845	-0.333016823060335	-0.0282435024973853	-1.01422049978774	-0.464122517054448
-0.184128704977623	-0.813495984396608	-0.415751008289676	-0.0608283683622288	-1.25405099349831	-0.586298627054462
-0.202885919857871	-0.893644624357051	-0.488861592240355	-0.0917902423434062	-1.4638746903239	-0.694515315836824
-0.216648620506337	-0.951355953516257	-0.550183826021606	-0.12034394318137	-1.63736602864381	-0.785531813227533
-0.22506528049307	-0.984618332323844	-0.598254010879708	-0.145835241689681	-1.77011541943692	-0.856991164632435
-0.22792288826018	-0.992075301111782	-0.631925487813597	-0.167718023042299	-1.85882197083315	-0.907072059458584
-0.225153697364636	-0.97309629367205	-0.650399826180594	-0.185559684719272	-1.90138351637012	-0.934541647644402
-0.216982858266761	-0.928419316467894	-0.653708277540977	-0.199175072439317	-1.89815777154323	-0.939353974960765
-0.203421338940116	-0.858102625797578	-0.641130207284969	-0.208164773805774	-1.84776925680466	-0.920696105388701
-0.184771016327505	-0.76359174440882	-0.612864737845736	-0.212352598840697	-1.75136815592103	-0.87898299493564
-0.161473309856635	-0.647106439309443	-0.569558097145139	-0.211660800913404	-1.61138679097549	-0.81527642661664
-0.134099548814098	-0.511588456018657	-0.512291527936252	-0.206109882369672	-1.43147760746336	-0.731254244389165
-0.103400521242272	-0.360643716178611	-0.442792874118653	-0.195969335726098	-1.21719923452369	-0.629543951730608
-0.0700618324189744	-0.198291619085617	-0.362533716489959	-0.181239639528838	-0.973109868047925	-0.512304945758638
-0.0349103865329997	-0.0289515602549843	-0.273541304336339	-0.162151172286146	-0.705360288073949	-0.38249810836849
0.00117392166867176	0.142757434863696	-0.178088782104778	-0.139029914724187	-0.420737246273657	-0.24341845635589
0.0372817484373696	0.312174949189555	-0.0786308012008956	-0.112302666702048	-0.1264822477624	-0.0986080055676217
0.0725553434255083	0.475264330701233	0.0223828577679449	-0.082577992060786	0.170004631719698	0.0482589847361632
0.106022687107843	0.626993717704531	0.122180924725106	-0.0503685370894955	0.46105801240611	0.193420046409948
0.136815940498217	0.763210559095252	0.218186377886667	-0.0163452574307042	0.739343546920863	0.33321021437088
0.16414148201962	0.880258569491323	0.307957545232003	0.0187467589337364	0.997949021156603	0.464137397353032
0.187301434643498	0.975061360171081	0.389248433468441	0.0541015332580068	1.23055948541394	0.582971487829669
0.205856711391011	1.04591103951783	0.460469077496448	0.0889082927217799	1.43254660954068	0.687239754201613
0.219144024637219	1.08996648292544	0.519320343945921	0.122244256613111	1.59786085593598	0.773866346841844
0.226794316019633	1.10581498367767	0.564328801138809	0.153225580859915	1.72247210944609	0.840709258790681
0.228602137519834	1.0927745246758	0.594455802608144	0.181001168092926	1.80351401860351	0.886194359012062
0.224533648990166	1.05090980533008	0.609117821183026	0.204780954790793	1.83933782133215	0.909349499717569
0.214878078248475	0.981568030977746	0.608649216589793	0.223996741762461	1.83076107795318	0.910389209265184
0.199723052337881	0.885512486969579	0.592675143763103	0.237871996124338	1.77675555799696	0.888723784425737
0.179471836269803	0.764797057687739	0.561764698278454	0.245884788183253	1.67877149889063	0.8449662513079
0.154679846078061	0.622201991117812	0.516912561177627	0.247670436144265	1.53944313716305	0.780329788432763
0.126035775288709	0.461193142387633	0.459489059489747	0.243042757477772	1.36251068241193	0.696587267009348
0.0944047900232892	0.285906296055831	0.391431464073484	0.232159776546947	1.15352162294455	0.596410143746379
0.0605578531337002	0.100829998281158	0.31427589575941	0.215014252201136	0.916835128174824	0.481906042402767
0.0253867860705403	-0.0890565427460757	0.230014057276917	0.191930054109622	0.658340645994067	0.355949170690967
-0.0101970669343211	-0.278528258132751	0.14076648905121	0.163421778015387	0.384475266023871	0.221697556106928
-0.0452907773815152	-0.462293313364138	0.0487296552316704	0.130186447463534	0.102057373259969	0.0825106426360628
-0.0790787686027509	-0.635604175877738	-0.0439653894389974	0.0931688926870138	-0.181978286072909	-0.0581507335508192
-0.110673730433464	-0.793013988886957	-0.134981177603792	0.0532503377182911	-0.460499954012581	-0.196790449044685
-0.139314902621471	-0.929943467902056	-0.222149518819766	0.0114865464588837	-0.726664248745703	-0.330004933307335
-0.164333122221237	-1.04245890537345	-0.303409520163775	-0.03100382569826	-0.974009296703994	-0.45456091709016
-0.185162149540009	-1.12740485629773	-0.376837136812783	-0.0730758903482156	-1.19660797495124	-0.567472229532676
-0.201492850732187	-1.18313190517204	-0.441058024029804	-0.11362848701829	-1.39015026160368	-0.66648790258815
-0.212776555148556	-1.20734420394916	-0.493951274368673	-0.151532177983457	-1.54879111597671	-0.748705631923235
-0.218740013822037	-1.19931824479403	-0.534079807018263	-0.185769623450961	-1.6686031382407	-0.812112099582902
-0.219248114065344	-1.15926487065274	-0.560335364164555	-0.215436140607191	-1.74671973796489	-0.85520741027184
-0.214308715482495	-1.08829151714326	-0.571977352786558	-0.239762902880803	-1.78140015048916	-0.877037113173759
-0.204228245842381	-0.988836479524812	-0.569113972993955	-0.258266976998316	-1.77332526980205	-0.877793448081063
-0.18907073458809	-0.862851655151894	-0.551147986061587	-0.270308070271428	-1.72120825486386	-0.856781413079415
-0.169199259452874	-0.713528905282612	-0.518432504600944	-0.27553602509746	-1.62625961134661	-0.814497983805616
-0.145110849908192	-0.544690618881742	-0.471799519874713	-0.273777843419047	-1.49088246024388	-0.752023680385898
-0.117423270543536	-0.360695174836631	-0.412540244338217	-0.265045488396776	-1.31861356205127	-0.67099480650521
-0.0869293160023477	-0.166428666658127	-0.342624899304642	-0.249702336262498	-1.11486549232746	-0.573966623759469
-0.0543155899453658	0.0331934790630777	-0.263708195816576	-0.227909317898354	-0.883830775985057	-0.462911703539299
-0.0204053612693353	0.232880773519028	-0.178021894093735	-0.200157631265691	-0.63133136007655	-0.340619147827541
0.0139438839330516	0.427266796623726	-0.088006911989188	-0.167116179361264	-0.363781990567658	-0.210191921729823
0.0478649203850639	0.611074394812011	0.00378059651025356	-0.129623232457265	-0.0880031423707558	-0.0749587366837196
0.0805572508502568	0.779623357655638	0.0948374110486097	-0.0887638747582447	0.189053915322279	0.0616294063384561
0.111134944184251	0.927877563344081	0.182577718685079	-0.0455141242074365	0.460311004990901	0.196102783117854
0.138819354864141	1.05167002576375	0.264649781877649	-0.00101872774146843	0.718980122230531	0.325075133281663
0.162912964161815	1.14756402684407	0.338943503867456	0.0435358567740897	0.958702887508369	0.445345135460882
0.182817750148057	1.21297924441864	0.403642241437279	0.0869620083179228	1.17371486989958	0.553982567918199
0.198197679846596	1.24684434654464	0.457613822645981	0.128145291699484	1.35992978467298	0.648821481790851
0.208485166038118	1.24768861145848	0.499192808356079	0.165972838492937	1.51178783427442	0.727077762606062
0.213400356475091	1.2156135074847	0.527459278843553	0.199481354719921	1.62565834063105	0.786874133755708
0.212816467318612	1.15170062998179	0.541877430575672	0.227854280573352	1.69897324492915	0.826860252672643
0.206764636742816	1.05794167219117	0.542287656327776	0.250441194973013	1.73026756392333	0.846233703053805
0.19558846301991	0.937610011170859	0.529323627029281	0.26691383275609	1.72045742566095	0.845331255640018
0.179395497330715	0.793459994741137	0.502885050084474	0.276773606566435	1.66840136390531	0.823571592009412
0.158596520534149	0.629346408063749	0.463683200410774	0.279835177047004	1.57536248094538	0.78153236084822
0.133734524370081	0.449572349056681	0.412773602320432	0.276090298363341	1.44368527798904	0.720327851752541
0.1054668244631	0.258746074192898	0.351529761297757	0.265704259667914	1.27673200633586	0.641573897906534
0.0746164662518206	0.0617845381104652	0.28186118177069	0.249179700310294	1.07963727095286	0.547750853628256
0.0418852372639024	-0.136737040686908	0.205253299814884	0.226757857262007	0.85619865897297	0.440691744225507
0.00810124274089342	-0.33206843141824	0.123673918247905	0.198973608005284	0.611802901366625	0.323011865582701
-0.0258856959232627	-0.519564104471506	0.0392274737873129	0.16648633447403	0.352401290264872	0.197608429935918
-0.0592277378029845	-0.694761529486478	-0.045915806709498	0.130068763829139	0.0843555465007935	0.0675857089375081
-0.0911530431840812	-0.853704033811589	-0.129658362931093	0.0906897254366059	-0.185799811264509	-0.0638303972693264
-0.120814357805683	-0.992159080552939	-0.209843914440638	0.0491584106580194	-0.451346922912674	-0.193391475361403
-0.1474703993449	-1.10648373092457	-0.284494120902405	0.00642478903647859	-0.705714803070845	-0.317884475049381
-0.170458994657201	-1.19349344311361	-0.351819764656554	-0.0365293759958023	-0.942623817510212	-0.434231452169963
-0.189212238589045	-1.25056248974264	-0.410262777943709	-0.0787082699479371	-1.1562484792703	-0.539569937913044
-0.203416113776543	-1.27625014051156	-0.45886695162794	-0.119155669881596	-1.34230549634082	-0.631739801116843
-0.212516500330838	-1.26863945381586	-0.496119834440097	-0.156859022228522	-1.49496087170673	-0.707931538098493
-0.216231805470933	-1.22723732983277	-0.521149315457283	-0.190891042951747	-1.61020194546553	-0.766186654296881
-0.214421689801164	-1.15256752985174	-0.533395022890286	-0.220402178975732	-1.68503382803552	-0.805044108231842
-0.20709519301723	-1.04623367699014	-0.532609686604772	-0.244646073620247	-1.71756682107502	-0.823579546048567
-0.194569018996263	-0.911447638181592	-0.519263301941278	-0.263156908483106	-1.70831927539729	-0.822003995825633
-0.176929795212023	-0.751161982333796	-0.493107075162399	-0.275253156910348	-1.65589460843413	-0.799662324867385
-0.154571769330868	-0.569825155353949	-0.454638720440358	-0.280568708870018	-1.56139061808479	-0.757082817715363
-0.128034279530911	-0.372675573864193	-0.404669710568678	-0.278931813499317	-1.42711622328087	-0.695372666986558
-0.0979887146653457	-0.165523351614063	-0.344310362684568	-0.270379240322716	-1.25653022294067	-0.616183429987274
-0.0652893122367816	0.0452573627111899	-0.27517779371322	-0.25533902413045	-1.05496228504617	-0.522061006564531
-0.0306985911912647	0.25386253084445	-0.198542376200464	-0.234005717108132	-0.826557289732662	-0.414950138399647
0.00488006167163313	0.454376012516467	-0.116180591093335	-0.206922429469003	-0.577103940382679	-0.297590641230145
0.0405084503017063	0.641256197056797	-0.0300742104679352	-0.174790950387008	-0.312988211755135	-0.173005859955611
0.0752441889320777	0.809508696678507	0.0576388365858848	-0.138445488138873	-0.0409976086195398	-0.0444110537669625
0.108225714857321	0.955021116482427	0.144797720382519	-0.0989192053511233	0.23196010152065	0.0848850619412217
0.138519538541398	1.07396131605382	0.229048687874945	-0.0570753254507572	0.498867199267804	0.21160067869416
0.165316645844292	1.16348990771317	0.308102322291559	-0.0139006055613112	0.752939629202703	0.332528009388469
0.187910958837166	1.22161097504365	0.379768172451804	0.0296083978237622	0.987791925761317	0.444643063989633
0.205719967819748	1.24718691820489	0.44203712969325	0.0724614885846418	1.19760600195017	0.54518579084673
0.218446417048235	1.24052391694101	0.493484157486185	0.113729784977842	1.37820112783456	0.632135207895313
0.225589652802749	1.20137048278512	0.532230563854137	0.15241524941302	1.5239814730189	0.702876375737644
0.226948153585231	1.13091724480684	0.557103014982734	0.187609085544782	1.63121098115042	0.755654376197601
0.222486572904151	1.03122063200676	0.567370923750758	0.218467479362674	1.69721116324136	0.789218703365436
0.212337589205918	0.905172384877087	0.562772917952878	0.244230382062048	1.7204261638362	0.802849597951328
0.19694694829032	0.757067079100249	0.543896043880372	0.264398745769632	1.70168538355805	0.796939390464879
0.176544539773576	0.590313639746451	0.51083951070062	0.27822611621241	1.63993446694384	0.770999310580937
0.151652946897669	0.409527815849554	0.464531763234536	0.285268039384147	1.53654684974296	0.725677872559848
0.122920631983507	0.219751813691498	0.406290465986943	0.285262332308223	1.39405727223513	0.662157622101866
0.0911005379839518	0.0262857311906265	0.337760064508789	0.278150675488898	1.21609819355879	0.582118528232613
0.057089378021189	-0.16519505601671	0.261053752217221	0.264267613869545	1.00810267643512	0.48808313348461
0.0216691947122007	-0.349893136262797	0.177921117834567	0.243730101086676	0.774328177888495	0.381946984637778
-0.014276933004125	-0.522974877487483	0.0905070292499301	0.217023927121654	0.520622449871939	0.266361024297744
-0.0498621855365047	-0.680032478149965	0.00104171013169012	0.184820855582014	0.253406545364434	0.144234502915195
-0.0842197064874625	-0.817203236940218	-0.0882231536123539	0.147956768071945	-0.0205119567814898	0.0186529685247044
-0.116581243360534	-0.931489059799435	-0.175151128313317	0.107499962752158	-0.294234165464649	-0.107221300472268
-0.146104211380572	-1.02005524470956	-0.257543005443829	0.0643806129781899	-0.560703184893506	-0.230224369065041
-0.172066859732879	-1.08104809304002	-0.333368523716561	0.0196832611121768	-0.813110549393602	-0.347264460911816
-0.19383548832181	-1.11339929557621	-0.40077619823433	-0.0254775488409928	-1.04504865506913	-0.455418439151776
-0.210878973206065	-1.1168238879055	-0.458141906670822	-0.069986138318061	-1.25068873510819	-0.552010615308321
-0.222927528631012	-1.09244898511791	-0.504428894572002	-0.112793919551439	-1.42586882626863	-0.635094916638825
-0.229484405385242	-1.04053616473288	-0.538132201544557	-0.152809535394556	-1.56503508566762	-0.702104342763597
-0.230333144515071	-0.962709927593394	-0.558378604736186	-0.189062579032052	-1.66453592130663	-0.75132478582316
-0.225409870653275	-0.861268724082509	-0.56464849261365	-0.220689795642401	-1.72182771355132	-0.781539597899191
-0.214812113139197	-0.739126675847787	-0.556791642070184	-0.24695613427277	-1.73554462020329	-0.792059980400407
-0.19894881327606	-0.600444786615515	-0.535405084243542	-0.267430689705679	-1.70673926517383	-0.783301010426749
-0.178025325770534	-0.448088925402953	-0.500535685207224	-0.281455099968113	-1.63467806890551	-0.754818475858698
-0.152550212771385	-0.286006921159217	-0.45299392196135	-0.288694078945169	-1.52105408469022	-0.707293151949432
-0.123172914319888	-0.118432016544375	-0.393960034300206	-0.288991398922507	-1.36872778817832	-0.641936420237477
-0.0906626501951186	0.0502191439618257	-0.324957407219928	-0.282373009123949	-1.18164514468932	-0.560452528134083
-0.0559411104482151	0.215120279672251	-0.248011742098146	-0.269229337550074	-0.965497526059495	-0.465368972750919
-0.0198361638073689	0.372368041495182	-0.164876973476973	-0.249666607629018	-0.724825418539702	-0.358616700589489
0.0167242633717675	0.517927840222065	-0.0777395832493627	-0.224130431443754	-0.465670981921306	-0.242858189426905
0.0528105656127739	0.648097400892642	0.0110881198045825	-0.193216101991322	-0.19458780002379	-0.121007636945008
0.0875207932595465	0.759622037102132	0.0992558508762147	-0.157656337229309	0.0815451180803423	0.00384965502057927
0.120069454881245	0.850045052801538	0.184561192844841	-0.118404753263576	0.355820245216454	0.128560383898982
0.14959885674713	0.916961802914491	0.264731431749	-0.0762665955545009	0.621207820114321	0.249962156904448
0.175394557050809	0.95897557607743	0.337747195555309	-0.0322184687151388	0.870984296140036	0.364978884708988
0.196846258531922	0.975480515699043	0.401844010283854	0.0127130947493472	1.09887205169489	0.470714377169249
0.213459153033457	0.966656173269842	0.455558696954657	0.0574762555087602	1.29921309242178	0.56453461464486
0.225010166159132	0.934135989668464	0.498095302035265	0.101067970624923	1.46804196190057	0.644546881527201
0.2310444698719	0.878475335375602	0.528173370732162	0.142400253722228	1.6000562310763	0.708271011053336
0.231382818362255	0.801575367049417	0.5451539706579	0.180492743584929	1.69185832069593	0.754088681379924
0.225986474667261	0.705876799349845	0.548718595791718	0.214450797832738	1.74116178421597	0.780890547158835
0.214962299216795	0.594260118880052	0.538862045717855	0.243485304868279	1.74684633486428	0.788099548514613
0.198711036605608	0.470713353342951	0.516262237387746	0.267094558071228	1.71017980891898	0.776234675395414
0.177416516949349	0.337564412898438	0.480955171073467	0.284501039987578	1.63061337044947	0.744951640080428
0.151551229686385	0.198076125709679	0.433656918970544	0.295239197015073	1.50995175907823	0.694996293677049
0.121723048144621	0.0556363457734985	0.375383158234425	0.299001513397706	1.35110366499349	0.627613394644343
0.0886627629288991	-0.0862856545104185	0.307444420573912	0.295646217320766	1.158007880592	0.544509345224414
0.0532642550177356	-0.2238182649354	0.231612975454106	0.285388015208796	0.936319142541479	0.448192442656613
0.0163503580144577	-0.354049469117244	0.149447990409991	0.268157124940877	0.690509336255793	0.340548911688827
-0.0211357554329284	-0.473875575386163	0.0629533175754525	0.244246642397934	0.426554433075359	0.224185253581918
-0.0582252906120209	-0.580428943964518	-0.0256801902381411	0.214132119263122	0.150972655766385	0.101962288386143
-0.0939553359119678	-0.671164204832074	-0.114140753317039	0.178470525415924	-0.129336357079331	-0.0230725571003705
-0.127465491114678	-0.74421815929357	-0.200204916333631	0.138186274293016	-0.407364035910065	-0.147774114358553
-0.157809817772832	-0.79758543934817	-0.281388982744151	0.0941243896488284	-0.675916364872919	-0.268966743793668
-0.184189771768083	-0.830212071088456	-0.355411532068691	0.0473537144936141	-0.92803403817009	-0.383530710550821
-0.205923163780369	-0.841753963145616	-0.420183084613633	-0.000955613059764514	-1.15715320072255	-0.48850261980895
-0.222464372680301	-0.832578545241944	-0.473888376347263	-0.0495665931441533	-1.35730570075885	-0.581166179102315
-0.233571811588883	-0.804485646564869	-0.515424448156334	-0.0972661430224039	-1.52422621930879	-0.6595438430425
-0.238791419046362	-0.757967678945351	-0.543195212178214	-0.142734369362168	-1.65235690153651	-0.721078212829075
-0.237976538716728	-0.694806664440293	-0.556373729867051	-0.184769137664976	-1.7381197136053	-0.764092782077635
-0.231145974020635	-0.617184421301108	-0.554587523951344	-0.222275168728061	-1.77915914570143	-0.787453677093798
-0.21848293815642	-0.527554363094125	-0.537929436771989	-0.254297646585	-1.7744245202	-0.790604715641166
-0.200480536002694	-0.429335316602123	-0.507333732790066	-0.280210391212748	-1.72541308129491	-0.774141385815544
-0.177405502146483	-0.323973178188219	-0.463212485573452	-0.29917229583952	-1.63196119157553	-0.737852987658412
-0.149807360469735	-0.21367397134597	-0.406750496452624	-0.310708512250005	-1.49639497150894	-0.682666978680037
-0.118356323303282	-0.100597444980503	-0.339481556114195	-0.314553416990198	-1.32226353307993	-0.610055734281229
-0.0838275654283638	0.013127096401471	-0.263237884299139	-0.310648298414523	-1.11423057856009	-0.521988549232602
-0.0471424607389741	0.124984009063017	-0.180261999613268	-0.299308062117639	-0.878717218073398	-0.421254446862553
-0.00913254430563821	0.23340944569785	-0.0925385371853718	-0.28059779061861	-0.620943531979237	-0.310024068886239
0.0292654011048323	0.336540411860019	-0.00236816839034626	-0.254935768551549	-0.347549045936932	-0.191152478715503
0.067097169594109	0.432562125013022	0.0878837501304458	-0.222906897073223	-0.0655829415806582	-0.0676959096087992
0.103415658624764	0.51972485505979	0.175851553830754	-0.185252219869903	0.217698541269709	0.0571750570202626
0.137373942660963	0.596649423337991	0.259388138281518	-0.142945427248319	0.495124893838869	0.180276982295822
0.168022316694529	0.661472228261827	0.336121236517497	-0.0968691796276589	0.759564794755253	0.298486884180056
0.194552011505691	0.712954411456913	0.403974787552959	-0.0481093889513096	1.00432001299364	0.408827388687643
0.216260834770679	0.750230497992145	0.461114058724137	0.00215138515745681	1.22326378063122	0.508554787300097
0.232576328062657	0.772821793449903	0.506008181324353	0.0526565976650389	1.4110008387083	0.595231290046668
0.243233401190066	0.781395341251613	0.537874766238888	0.102150553144661	1.5639154194368	0.667187959134638
0.24774536058767	0.774997612117451	0.555382992756966	0.149263562867813	1.67716137381172	0.722201110980955
0.245947906086353	0.753758436600933	0.557977756037842	0.192715563714564	1.74784831400151	0.758907353828338
0.2378574270947	0.718039633693005	0.545543886025158	0.231317496245305	1.77425340093869	0.776451760991773
0.223673527837828	0.66837762530886	0.518419477980011	0.264016473899035	1.75587173081591	0.774507972459584
0.203931123866868	0.606297511563678	0.477794582142818	0.290084884134334	1.69463195302694	0.753835306094303
0.178945348636328	0.531356845434671	0.42429786674403	0.308638490840408	1.59069997343729	0.714343524834451
0.149333255035615	0.444081368457433	0.359343255626233	0.31918800028746	1.44660448309702	0.657006547219067
0.115843690078788	0.345243928323675	0.284699817496908	0.321500433637193	1.26598365408024	0.583282437911874
0.0793371784516977	0.235982887099231	0.202442523361576	0.315597346281081	1.05348911291677	0.495072348686423
0.0408243165382849	0.118329030490631	0.115070282995535	0.301905033909747	0.815446262692905	0.395046905887132
0.00122057525457333	-0.00615871189506117	0.024787410793948	0.280655691166289	0.556915377335929	0.285239494405626
-0.0384607380061698	-0.135083248414664	-0.0659129637335326	0.252446531165151	0.284327352581151	0.168334631387747
-0.0771994131514984	-0.265574248078208	-0.154532182474397	0.218043385036891	0.0044992825148462	0.0472064355845543
-0.113995364563332	-0.394351041606913	-0.238655616256422	0.178352910642638	-0.27554657790316	-0.0751537742966416
-0.147967729706803	-0.518092134313752	-0.316191812076403	0.134481627768227	-0.548855066063155	-0.195726952450249
-0.17814126231518	-0.632733942534065	-0.384948065189072	0.0874098090703721	-0.808481675202615	-0.311517409955998
-0.203709604864876	-0.734713072062706	-0.443154700981458	0.0382757994309599	-1.04789014390245	-0.419644005169592
-0.22399770333371	-0.820848632029377	-0.489398710530966	-0.011731190606931	-1.26108187257522	-0.51741606469821
-0.238485758855502	-0.888493535791808	-0.522661322262465	-0.0613911702018473	-1.4427561388845	-0.602402944957977
-0.246991297793616	-0.936388437371905	-0.54274571713308	-0.109517760415251	-1.58935919264546	-0.6728949031859
-0.249118677977271	-0.962119297620292	-0.548871349185057	-0.154850475095669	-1.69608705601848	-0.726599221068669
-0.244820230366879	-0.964808387662838	-0.541022421660728	-0.196232782762474	-1.76008886243948	-0.762056642317533
-0.234241057247057	-0.94433781033404	-0.519552939503316	-0.232607294205466	-1.7796810236847	-0.778304811629652
-0.217712818472867	-0.901298258913924	-0.485168055453544	-0.263050811621098	-1.75440246429795	-0.774912416703398
-0.195897969947945	-0.83772575802307	-0.439332493380186	-0.286945454795075	-1.68622893655652	-0.752539322556064
-0.169218541420629	-0.754207033396972	-0.382740563682752	-0.303519912675234	-1.57539781338595	-0.711050730016385
-0.138377071455085	-0.652530150332796	-0.31676651562085	-0.312369686915331	-1.42452495348374	-0.651401307506301
-0.10417809096128	-0.534880447256358	-0.243017460861069	-0.313322261502541	-1.23736035578602	-0.575072884025243
-0.0675044528295	-0.403818984949048	-0.163302695634053	-0.306434457649518	-1.01869703785654	-0.48403597883011
-0.0293531817237656	-0.262688586572925	-0.0797937043356127	-0.292135178068036	-0.775032641111555	-0.381066597711872
0.00940111908963131	-0.114132463691844	0.00573268673851708	-0.270659645808319	-0.511638595566114	-0.268363532887008
0.0478168529040045	0.0386938603409341	0.0912306875040415	-0.242590402563421	-0.235167854232031	-0.148789387362371
0.0849673936405845	0.192483553045034	0.174651885662191	-0.208670504177428	0.0473342680056271	-0.0254074212319133
0.119960205594802	0.343803544926145	0.254002461966643	-0.169778279507129	0.32862999967227	0.0986063529010181
0.152028845945304	0.489315224432861	0.32754904811986	-0.126982185149327	0.601584737178017	0.220069514977415
0.180305157365514	0.625207957757954	0.393368660150896	-0.0812305651364577	0.859137677164099	0.335859297641906
0.204082526691545	0.748132473448537	0.449858347824939	-0.0336230674346492	1.09474737424389	0.443029509133349
0.222768686843139	0.855035990476653	0.495650195045773	0.0146973254947175	1.30253012257936	0.538892935523628
0.235903926361506	0.943237887497489	0.529643838662479	0.0625675933791434	1.47742495256054	0.621095063318224
0.243338747368369	1.01115307607136	0.551446242058848	0.108871629877763	1.61624350649351	0.68807300774374
0.24468310780172	1.05606806885176	0.559967108142611	0.152427711249531	1.71461123769849	0.73773908287438
0.239869201205095	1.07655419313462	0.554818158238419	0.192163416344759	1.77018706800206	0.768887018437135
0.228999274235844	1.07184733092651	0.535947726404174	0.227102137214563	1.78181722522106	0.780833743871638
0.21234507211304	1.04187683465652	0.503659328914053	0.256388040301466	1.74954155865024	0.773430525648878
0.19049957167591	0.988044963000192	0.459065608297555	0.279442760980489	1.6757820218323	0.747605257778034
0.163814064523047	0.910544474973203	0.402548144063699	0.295513030543648	1.56105510262496	0.703435938252928
0.132928781708287	0.810877910635595	0.335257373283443	0.304175926764919	1.40812916214943	0.642028905118786
0.0986014348450978	0.691134495903964	0.258669098497794	0.30520861579216	1.22074931734943	0.564941460976435
0.061688764959001	0.553970402455701	0.174558227444959	0.298593243226742	1.00354920074983	0.474137653559966
0.023187104455944	0.403047362320952	0.0851816548951004	0.284662060801158	0.762736557238909	0.372305477369976
-0.016013068331966	0.241352772212518	-0.00755845390899112	0.263580028068578	0.503165310447459	0.261483067357973
-0.0549348112398595	0.07248568281895	-0.101392633715502	0.235873364092329	0.230987588064781	0.144302423268275
-0.0926044514841065	-0.0997673907065901	-0.193968101623979	0.202260294098522	-0.0472932297703583	0.0235476613956859
-0.128078012136645	-0.271484231576814	-0.282908289473878	0.163630107251179	-0.324975311108134	-0.0979101900479741
-0.160537646595547	-0.438759457271163	-0.366004089380408	0.121087204712249	-0.595425492158817	-0.217206146609109
-0.189080348393127	-0.597431794637976	-0.440847006373563	0.0756580799168235	-0.851941992454438	-0.331478591607991
-0.212978250149982	-0.743748485297654	-0.505306287217152	0.0285294338780673	-1.08824340925094	-0.438005927679247
-0.231634807755448	-0.874261950885764	-0.557489911363368	-0.0190718646009048	-1.29855973457197	-0.534255447716577
-0.244601543436763	-0.985887703646526	-0.595815691320647	-0.0659183060567396	-1.47778555523196	-0.617941913160861
-0.251750372307186	-1.07657306727679	-0.619495623447095	-0.110857957880347	-1.62255820895902	-0.687491215966003
-0.252721574590927	-1.14319792302179	-0.627168087063271	-0.152719080064949	-1.72812519460027	-0.740680736777498
-0.247477398627352	-1.18381537278426	-0.618336293423181	-0.19047087551674	-1.79168889432363	-0.776096033372003
-0.236144387195248	-1.19709383826028	-0.593024482110336	-0.223208563691804	-1.81157307539827	-0.792777655039214
-0.219007797525266	-1.18236956355055	-0.551801048001509	-0.250169652668568	-1.7872737735056	-0.790254901210081
-0.196661738298322	-1.14047888288124	-0.496239884231297	-0.270870055402409	-1.72070198067866	-0.769115026611191
-0.169440542641077	-1.07106732106645	-0.427272713707404	-0.284680207513667	-1.61189739077903	-0.729099944748749
-0.137955498964725	-0.975146143256785	-0.346698717847143	-0.291290591719037	-1.46325010950477	-0.671010749762906
-0.102926178059456	-0.854426815850328	-0.256672698441983	-0.290585489229675	-1.27823412281416	-0.596151626215602
-0.0651674674835613	-0.711349252371533	-0.159624640200439	-0.282644321891366	-1.06132688428412	-0.506302447794597
-0.0256403291885379	-0.549592921855927	-0.0584119470539689	-0.267878257382134	-0.818685697084814	-0.404038083524169
0.0148002361464115	-0.372314150657512	0.0446173435924303	-0.246527288120719	-0.555238465952185	-0.291391220832913
0.0551967532916208	-0.1835192912648	0.146882847479893	-0.219173657171392	-0.277291887915174	-0.171062719294629
0.094576939420299	0.0123872064974839	0.245877131596123	-0.186568637947846	0.00841935796515155	-0.0459829915336158
0.131976951052564	0.210677141297106	0.33921923139751	-0.149604798027528	0.29489815614563	0.0807641183416491
0.166532392622296	0.406459000654124	0.424831593009547	-0.109360868537369	0.575177789201702	0.20605821573299
0.197281613943848	0.594557784400248	0.500528251656105	-0.0667855256521436	0.84214722283218	0.326725093860791
0.223419454012935	0.770119602417996	0.564476947726965	-0.0229645255442545	1.08911255296377	0.439727280251988
0.24425996794041	0.928611179756896	0.61511693720975	0.0209994961282998	1.30988512327937	0.542222898406902
0.259258630377028	1.06594746466322	0.651192647076243	0.0640158343053185	1.49895185321994	0.631643207915404
0.268188329900829	1.17920038229817	0.672221739504093	0.105060130944085	1.65257914664303	0.706173993232691
0.27060259931951	1.26465111192495	0.67703716325332	0.143101735246993	1.76567346952974	0.763402788122923
0.266391709533926	1.31993898337467	0.665265698991252	0.177225013965384	1.83518821404066	0.801794364174943
0.255630862135001	1.34356267283796	0.636959525398014	0.206619715611881	1.85929025655213	0.82033665782115
0.238577803203838	1.33492928355782	0.592623749405506	0.230598637027071	1.83741843270175	0.818572195776828
0.21582338264785	1.29515047728634	0.533701211449563	0.248735514982896	1.77151878825561	0.797152923953892
0.187723596823746	1.22433850987737	0.460928734967651	0.260460345437347	1.66177549377502	0.755952890732026
0.154932902973974	1.12404367327213	0.375901553128648	0.265525368939791	1.51080857732696	0.695939602087517
0.118230613305207	0.996535697761024	0.28059540655799	0.263882963550451	1.32238933601133	0.618609902225721
0.0785018932058184	0.844767190980179	0.177323873191195	0.255684738846843	1.10133518831181	0.525948292507311
0.036783777966571	0.672859517130816	0.0689060533297274	0.24141563704694	0.854139147436154	0.420720522635758
-0.00599736094593797	0.484224313540223	-0.0421978742585481	0.221363794730036	0.586101946148821	0.305164125431384
-0.0488190434295646	0.283032984184757	-0.153203023527262	0.196141859893628	0.303840436674213	0.182144458220939
-0.0906527816767309	0.0737524300321977	-0.261298666993151	0.166497514415335	0.0143369064875256	0.0547191843455879
-0.130487163924272	-0.138894623242091	-0.363727588517123	0.133278701447297	-0.275242900414757	-0.0739443896020857
-0.167413819933149	-0.350001876961407	-0.458022727680676	0.0974854052501521	-0.557868759891681	-0.20069591187768
-0.200437400944682	-0.55447004733274	-0.541556254930685	0.0599259985901461	-0.826413640712549	-0.322359549985214
-0.228720912281046	-0.747384235890035	-0.612136588169925	0.0215209719705135	-1.07429258357194	-0.435952911120166
-0.251546067126163	-0.924046164308067	-0.667935868178939	-0.0168142059855472	-1.2955094830607	-0.538726532232897
-0.268333147252706	-1.08009727477101	-0.707548807794445	-0.0541860717455191	-1.48480273172324	-0.628228615082839
-0.278813778953168	-1.21222184114232	-0.730480723553863	-0.0897602388013075	-1.63871487989965	-0.702766475206719
-0.282503372220464	-1.3162954870357	-0.735649193503995	-0.122702212777588	-1.75242465582993	-0.760053566501298
-0.279257058187609	-1.38948833075372	-0.722883861755234	-0.152274304394102	-1.82313467965942	-0.798662975805283
-0.269122024476664	-1.4298278735784	-0.692513597713828	-0.177824883665366	-1.84920194493796	-0.817663463580998
-0.252338777585732	-1.43628503098347	-0.645354143225134	-0.198800275704372	-1.83017286686734	-0.816643166591236
-0.229492778954751	-1.4096307326322	-0.583137489151254	-0.214877388588274	-1.76798375911309	-0.796249382155536
-0.200954203884881	-1.34965290442453	-0.506872995614369	-0.225548580918457	-1.66276210656903	-0.756344194116321
-0.167408152290673	-1.25774622021947	-0.418335784202856	-0.230588220624958	-1.51696600696995	-0.69784104671601
-0.129679951273654	-1.13615030245041	-0.319582908066431	-0.229923827364638	-1.33413824728782	-0.622161552369005
-0.0887127331399537	-0.987899136625268	-0.212906886943437	-0.223633955654154	-1.11882728708825	-0.531204919991752
-0.0456054673589808	-0.817327648742541	-0.100984385761338	-0.21209248572074	-0.877216930390319	-0.427643318601537
-0.00135750158458205	-0.627986338352782	0.0138575421549102	-0.19542653067178	-0.614385545007708	-0.313656895222139
0.0429411211093722	-0.424306515781684	0.129035883555917	-0.174073042916769	-0.336729217591078	-0.192058521229583
0.0862003228178738	-0.211015231750334	0.241938688871509	-0.148602115963294	-0.0510566358677826	-0.0658741441825344
0.127355980460515	0.00695394822147481	0.34996523691306	-0.119700736938044	0.235586706188435	0.0617392401515179
0.16546245992506	0.224567608701831	0.450757119872949	-0.088245431145038	0.51626731180365	0.187630824550473
0.199487051847942	0.436750722563562	0.541625659396407	-0.0549487357004887	0.783843039318869	0.308595026774128
0.228573546071497	0.63869215577203	0.620246425332705	-0.0206776079225267	1.03172022430474	0.421629030689516
0.251997206302753	0.825888070584517	0.684560919820474	0.0136733030327529	1.25388614946195	0.523975361709737
0.269184041016508	0.994230456476075	0.73285365840216	0.0472106480396793	1.44506826537028	0.613196923712436
0.279884304962911	1.1407063596017	0.764268386187951	0.0790935811034739	1.60183036972776	0.687655087937585
0.283637213597197	1.26132278793538	0.777340524984353	0.108492327170348	1.71934135003494	0.745125452719457
0.280332464539703	1.35333016635671	0.771539779701538	0.134697034676332	1.79482191793868	0.784277240591166
0.270057869981657	1.414679664134	0.746885585708785	0.157111356986652	1.8266415727176	0.804289141957914
0.253097627001197	1.44407459957489	0.70395907820931	0.175261781390314	1.81433320515742	0.804855062967335
0.230076004898521	1.44188059661191	0.644318480985087	0.188924628922639	1.75976291646572	0.786706603738581
0.201409302663684	1.40713017314987	0.568965317618755	0.197686347515662	1.66293082389406	0.749728107919952
0.167817396632729	1.34043308118923	0.479731490573934	0.201405209351399	1.52607229154363	0.694787580979385
0.130150942635823	1.24318502135751	0.378810647343548	0.200067813545019	1.35240854817525	0.62317672630369
0.0893674186519892	1.11757447398795	0.268693979461148	0.193779084349829	1.14607172558486	0.536578611360612
0.0465597953336307	0.967168786806829	0.1522690750807	0.182906471361352	0.912713532327361	0.437360850437497
0.00273157839359581	0.794757391419853	0.0321635742335763	0.167533262252686	0.656930280538666	0.327377424451233
-0.0410423856289894	0.604190055024305	-0.0887712463353646	0.148025562507855	0.384601437425898	0.209084476689255
-0.0836972926717975	0.399743805662607	-0.207681387543787	0.124865443904624	0.102067860081714	0.0851704327382448
-0.124203541867939	0.186016601127749	-0.321770056045353	0.0986460628069091	-0.183995252149386	-0.0414868438415973
-0.16166655339752	-0.0322354076213701	-0.428549452855388	0.0701527349132022	-0.46693550619409	-0.167949697977605
-0.19509203534452	-0.250084090402693	-0.52525861329615	0.0400243788113261	-0.739590074653393	-0.291040789391115
-0.2236742348767	-0.462813082806122	-0.609581598135112	0.00906747157411751	-0.995196943878959	-0.407675652527742
-0.246741775134383	-0.665944209848957	-0.67953594737468	-0.0218663747699241	-1.22738016140522	-0.514882697025418
-0.263774082797181	-0.855305695022172	-0.733533776616928	-0.0519106023231571	-1.43032877463686	-0.609894344949668
-0.274575003319771	-1.02777377453479	-0.77086661602654	-0.080239613887977	-1.59996069935421	-0.690673842061849
-0.278718564817654	-1.17887934028912	-0.790228594133505	-0.106028060048886	-1.73063123844533	-0.75449564118664
-0.27611604157532	-1.30523477991254	-0.791208041455252	-0.12857042408474	-1.8187432884553	-0.799533869491904
-0.266856165488661	-1.40388811591334	-0.773872944257039	-0.147280907334895	-1.86187680934506	-0.824501825722729
-0.251200503462535	-1.47236389062419	-0.73875436678793	-0.161710649759666	-1.85886430679016	-0.828697762704961
-0.229725265440437	-1.50968682359378	-0.687244715218701	-0.171678677092178	-1.81101065193938	-0.812562486616705
-0.202779835433785	-1.51311307404452	-0.620055091918223	-0.176850429657328	-1.717947481697	-0.775813796195188
-0.170997123125995	-1.48145383648559	-0.538624231552434	-0.17718998054851	-1.58174852655446	-0.719294522010933
-0.135129446427314	-1.41430163955719	-0.444672040293169	-0.172819811224803	-1.40569215149042	-0.644412899048398
-0.0960329673696628	-1.31216426016793	-0.340172957749977	-0.164005744597945	-1.19417671874779	-0.553099309433411
-0.0546983962419897	-1.1772218202081	-0.227502626331269	-0.15128852370269	-0.95327756805054	-0.448065230074051
-0.0120561092578672	-1.01113700337788	-0.108820942430468	-0.134931846816671	-0.688211781436622	-0.331612213023389
0.0308788795009314	-0.817172634073593	0.0133866205989752	-0.115460623484477	-0.405546488214873	-0.206670829067042
0.0730796360062502	-0.599566856936668	0.136494472445929	-0.0934779856411059	-0.112337348120587	-0.0763987337284642
0.113532365423606	-0.363450996398056	0.25776847598949	-0.0696421541274937	0.184058673230298	0.0559028480410688
0.151347707781288	-0.114603424311283	0.374616213594289	-0.0447358249081549	0.476421029489078	0.186965678720616
0.18549717459624	0.14038891936214	0.483954195809458	-0.0193102051829416	0.757081518831449	0.313356709789828
0.215136032463241	0.394770587656692	0.582989079364192	0.00599629255944302	1.01893867995172	0.431858986626566
0.23954497264488	0.641746209082483	0.669113780699449	0.0305739068892319	1.25543333242367	0.539482625463645
0.258150425604534	0.874715346132794	0.7400012119255	0.0538560663599735	1.46072360884649	0.633545610805716
0.270708441135227	1.08832729341007	0.794158357228326	0.0753494048300944	1.63086203491861	0.712194631800968
0.276728143019241	1.27580988559793	0.829397542335071	0.0945813979877472	1.76037928303352	0.772918811812277
0.276064973717826	1.43195777930558	0.844488654568328	0.111183286095868	1.84595092181557	0.814149045507001
0.268756005739733	1.55250837185558	0.838765986323823	0.124868127721164	1.88547709495826	0.834866419609383
0.25501724516863	1.63427265379295	0.812162144725324	0.135427535291161	1.87813554707274	0.834631294885774
0.235388344603411	1.67629109286944	0.765669208699861	0.142845988196879	1.82561611745194	0.814147226626896
0.210187308801329	1.67620642128456	0.699762085713364	0.14687910924872	1.72785194527843	0.773328898760276
0.1800272639098	1.63384230505034	0.61590129434016	0.147496666868647	1.5872326993443	0.713204581594731
0.145648869365267	1.55020744274816	0.516065677453326	0.144750435733565	1.40732864952883	0.635339575025567
0.107901890981219	1.42747287493111	0.402706878047073	0.13876950260798	1.19279766028194	0.541792315420767
0.0677681463190171	1.26955004160533	0.278852887448453	0.129904916691858	0.94994858577629	0.435384929353906
0.0261746727250363	1.07975789769956	0.147452576170365	0.118195839103383	0.684133526023649	0.31846160531381
-0.0158746819247362	0.862840743630479	0.011832388885179	0.10391514317663	0.4020149799899	0.193975005448613
-0.0573724519594617	0.624221955953568	-0.124552114131338	0.0874043167788366	0.110669968298434	0.0650645601600588
-0.0973335012181453	0.369860588375505	-0.258212400602167	0.0690641339829008	-0.182606943341293	-0.0650305256924946
-0.134910787949626	0.105903540999536	-0.385950919445803	0.0494356778460836	-0.470762833669915	-0.193154863138058
-0.169107325097833	-0.160841423184096	-0.5041944482423	0.0288556803428183	-0.746346397312887	-0.316019744197415
-0.199112397006166	-0.423710480409614	-0.609874138471968	0.0077758746508658	-1.00254838206747	-0.43058807847826
-0.224232002477833	-0.67618612805991	-0.700295166648069	-0.0133452520334345	-1.23315420559125	-0.534076133937902
-0.243903980407846	-0.91206331600282	-0.773209711027681	-0.0340533330884363	-1.4326998921389	-0.62402464441005
-0.257884400860837	-1.12653000097806	-0.827363787900449	-0.0539231913410738	-1.59766883560682	-0.698830758144569
-0.265649035253575	-1.31315394063454	-0.860835027009264	-0.0725158010388539	-1.72291079682291	-0.756173888988058
-0.267011168422093	-1.46712024980946	-0.872744129061393	-0.0894533634320582	-1.80541478860067	-0.794672832021011
-0.261953499173412	-1.58451415634534	-0.862797600296928	-0.104402449432843	-1.84333495927339	-0.813464552560756
-0.250629874410252	-1.66244970123543	-0.831294056031738	-0.117074557890186	-1.83602950414368	-0.812224808334042
-0.233518242103081	-1.70025599805346	-0.779595165697467	-0.127336630492252	-1.78532397797876	-0.791746592233476
-0.210864764876769	-1.69575211750178	-0.708439959193122	-0.134824736187224	-1.69110368931726	-0.751932596240052
-0.183221733791739	-1.64896732382381	-0.619543003443224	-0.139360105469127	-1.55565802519104	-0.693768679836938
-0.151274239572077	-1.56109540279782	-0.515099480508867	-0.140832414042801	-1.38237169365168	-0.618730116678169
-0.115820390521414	-1.43446227744197	-0.397741073977452	-0.139201101082239	-1.17564114464083	-0.528744053511655
-0.0777927988756716	-1.27307044101046	-0.270654574994167	-0.134637310249255	-0.941467598225969	-0.426476793052254
-0.0380678378346256	-1.08033080950272	-0.136872715548063	-0.127027379389648	-0.684810153526235	-0.314074610359765
0.00239575593414917	-0.861068354670722	0.000221273586371087	-0.116488018646035	-0.411936529744001	-0.194292292006208
0.0426308382166019	-0.620775991262471	0.137158213317317	-0.103218252220415	-0.129531604130797	-0.0700728885509841
0.0816847684083426	-0.365473906228212	0.270478400318929	-0.0874964852882525	0.155476469979222	0.0555304242126986
0.118734051643177	-0.101344909026316	0.397067268834598	-0.0697675630866983	0.436359997228696	0.179533782766546
0.152783186012225	0.16472993596318	0.513427381084244	-0.0503056404864011	0.705916040952126	0.298794339568942
0.183005357984986	0.426004702578035	0.6166033475709	-0.0295300035533374	0.957502635501081	0.410396716267127
0.208670250541829	0.675876879916154	0.704024602971885	-0.00790176467909219	1.18498409203653	0.511653065440337
0.229161069572711	0.908071667081182	0.773567788791784	0.0140870363212936	1.38288783209672	0.600173222265349
0.244170435742732	1.11774086946064	0.824132721938799	0.0359323396639311	1.54762514119501	0.67440108825221
0.253090590637845	1.29848150333586	0.853848902322256	0.0571104581763223	1.67386670743918	0.732016257442856
0.255656748351107	1.4455828884405	0.861917924267677	0.077131088455864	1.7583741616913	0.771603531588358
0.251780726053225	1.55531426137384	0.848125166421377	0.0955367371252196	1.79903465396619	0.79222332788758
0.241558341515942	1.6250473310897	0.812853969328533	0.111910892902194	1.79492079960245	0.79342985738513
0.225431854575265	1.65442933604833	0.757595815994061	0.125985040737043	1.74759535370592	0.775858491242952
0.20361500529709	1.64162270603826	0.68315920215067	0.137291032168054	1.65665436550749	0.739196011302969
0.176652916328218	1.58704793524073	0.591382978480597	0.14553780801633	1.52414505528433	0.684187658360413
0.145240168158221	1.49229309264175	0.484606890455216	0.15050700814404	1.35325868967212	0.612053998750869
0.110197995782422	1.36005348852429	0.365621269000362	0.15205361381364	1.14826150883457	0.524474664785809
0.0724958361875273	1.19467493409057	0.237792356205582	0.150240442322391	0.915118901141574	0.42390817272154
0.0330446131339062	0.999774345843234	0.104282539027355	0.144867813512784	0.658788346924683	0.312325817220277
-0.00715348516236081	0.780356155987017	-0.0313956869892318	0.135957814824462	0.385636311984137	0.192387966073122
-0.0470863202106176	0.54200893128894	-0.165675708342938	0.123621746868065	0.102526042105722	0.0670307904254221
-0.0857579029750171	0.290747667600428	-0.295045059843724	0.108065367252754	-0.183365035284564	-0.0606047533892869
-0.122308406157242	0.0326682869182984	-0.416390459480959	0.0896796303151197	-0.464992822770076	-0.187348360029142
-0.15571023748853	-0.225642455738608	-0.526290489433071	0.0687359622373019	-0.734832532370899	-0.309802428268027
-0.18511626030182	-0.477784272602768	-0.62193498000684	0.0456867159738713	-0.985892212393875	-0.424725926621991
-0.209789204080923	-0.71757675818666	-0.700976448118755	0.0210741309778687	-1.21170272252248	-0.529065898988344
-0.229120028352056	-0.939209512651327	-0.761591923878757	-0.00447942887893643	-1.40650604462069	-0.620057326413409
-0.242829836971878	-1.13826550444483	-0.803071472516818	-0.030296630339122	-1.56650951167088	-0.695790669623331
-0.250336455310815	-1.30878852168465	-0.823943646502894	-0.0556385927233087	-1.68627986235112	-0.753647986775914
-0.251412803895321	-1.44635737714228	-0.823861901282933	-0.0797760182776009	-1.76258674346698	-0.791992559907785
-0.246011282664129	-1.54736658001582	-0.80306845597024	-0.102005774352914	-1.79345263039051	-0.809765112923209
-0.234267097812903	-1.60912893817909	-0.762373956534077	-0.121679575658771	-1.77821486514784	-0.806517599663104
-0.216663094271562	-1.63104765982867	-0.703673327851292	-0.138321621008656	-1.71883878534494	-0.783010111846413
-0.193434284666696	-1.61092665297425	-0.627974644103266	-0.151334183148635	-1.61538520674796	-0.739167147282723
-0.165144361650571	-1.54875118318607	-0.537230339572445	-0.160349773257467	-1.47044177665136	-0.676074236062225
-0.132501644189135	-1.44568047610228	-0.43374953107781	-0.165145834300389	-1.28777026859166	-0.595370238460648
-0.0963399731449757	-1.30406550519943	-0.320143327125994	-0.165646635951948	-1.07219959423928	-0.499199883528798
-0.0576452377174341	-1.12807727427913	-0.199497192858751	-0.162032729323703	-0.830237039470138	-0.39050590028837
-0.0173485391138265	-0.921295782379843	-0.0744810088893609	-0.1543247413109	-0.567240532975286	-0.271698800590484
0.0235193564681211	-0.688944698224683	0.0519306246657504	-0.142781745680643	-0.289890327913214	-0.145824436316515
0.0639106494857785	-0.437028033255584	0.176749919004825	-0.12776587015583	-0.00523459839009808	-0.0161163131459497
0.102789068444989	-0.172118294741841	0.297037670786147	-0.109724070680151	0.279501041826218	0.114093560504026
0.139255893788852	0.0990248883496222	0.410196458117924	-0.0892442365857661	0.557340558353577	0.241548002636292
0.172244701947376	0.369241547321578	0.513247261189823	-0.06677505821725	0.820992710472828	0.362896740336598
0.200878833777659	0.631527675818814	0.603687634192195	-0.0428680688890744	1.06377192134378	0.475031785809924
0.224404182468468	0.879160790925999	0.679333664960106	-0.0180916540459414	1.27958356374864	0.575109748439176
0.242210685750289	1.10586441295366	0.738376319302368	0.00697964718716005	1.46308439718226	0.66062845523442
0.254036822982682	1.30678736515608	0.779997713451344	0.0317817307660865	1.61091578438443	0.729970298798007
0.25933282641617	1.47568308172338	0.802450645767937	0.0557492913041156	1.71805439317118	0.78081859064434
0.257918537128336	1.60779390886325	0.805031986008012	0.0783639529752966	1.78164671105111	0.811826495369536
0.249805781004829	1.69916653368069	0.787569032851213	0.0991498144311007	1.80004238263335	0.822200909131106
0.235199477221741	1.74676232431194	0.750440326434252	0.11767807959862	1.77284805988983	0.811727631130806
0.214659529681543	1.74963077762489	0.695157175773056	0.133649397103524	1.70226340555807	0.781373792393275
0.188505076872506	1.70538323948714	0.62233927350325	0.14661895748456	1.58846179815998	0.731205989670606
0.157385745034159	1.61396146580168	0.533660914144405	0.156294085079068	1.43411850585598	0.662425506982643
0.122095360411568	1.47672028936206	0.431255892035415	0.162451501416772	1.24303898843481	0.576748747883751
0.0835496190408301	1.29650386687709	0.317669836109342	0.164938973293788	1.02006025826745	0.476359342456604
0.0428105387340018	1.07831661340145	0.19605795392688	0.163779121365284	0.771697813402929	0.364210127423466
0.000871783140894969	0.826893276735426	0.0691818763011518	0.158817709907666	0.503233635737981	0.242660275709335
-0.041183383554225	0.549003610569603	-0.059777251507188	0.150091067744977	0.221294689838044	0.11468212263422
-0.0822690118371286	0.252492942773182	-0.18756757773028	0.137730052604171	-0.0671198803066223	-0.0165891767916309
-0.121326639524101	-0.0540284027607996	-0.310956107569435	0.121965808333025	-0.354820863209112	-0.147934273443175
-0.157446046862308	-0.361646814840405	-0.427020908530188	0.103196904483167	-0.634833337045474	-0.276208076101949
-0.189580438993189	-0.661230740302846	-0.532557770524359	0.0817589531229886	-0.899880877572794	-0.398162848636729
-0.216881381795823	-0.943929302861826	-0.6248492698602	0.0581343957759281	-1.14325694919359	-0.51076973030755
-0.23863636283774	-1.20149827841549	-0.701556152660477	0.0328792470020197	-1.35882026823842	-0.611227452290317
-0.254288924177925	-1.4265935185758	-0.760785101224383	0.00660752405229687	-1.54115499031196	-0.697029584862827
-0.263635614874222	-1.61384960823075	-0.801703499874574	-0.0200329257270189	-1.68680662574982	-0.766506640242838
-0.266209976850045	-1.75715953546667	-0.822639549126046	-0.0463628253963517	-1.79063818145656	-0.817234060535743
-0.261918298593488	-1.85257239285654	-0.823029112704604	-0.071727883164761	-1.84968684898099	-0.847727864953068
-0.250865579620913	-1.89758818141021	-0.802888877010278	-0.095504095214496	-1.86220548077353	-0.85703700216076
-0.233353540440383	-1.8911890883335	-0.762813519943217	-0.11710974591662	-1.8277303633495	-0.844786242553526
-0.210038399765733	-1.83494608620231	-0.704560345370353	-0.136084310961719	-1.74844833409178	-0.811800507319518
-0.181331247612475	-1.7291086740881	-0.628893739176381	-0.151852127349318	-1.62453755333663	-0.758034431918523
-0.147965569216165	-1.57642943187069	-0.53762439855837	-0.163988544172993	-1.45876427656207	-0.684634467292365
-0.110806185489714	-1.38098396590905	-0.432963269412714	-0.172156309049436	-1.25510741639904	-0.593330514709733
-0.0708233057675722	-1.1480725998603	-0.31746440046904	-0.176116875681733	-1.0186658208207	-0.486396308091824
-0.0291201767750453	-0.884792759386227	-0.194258767141847	-0.175836804904699	-0.756324934062953	-0.36695336727006
0.0133016537634852	-0.59736749258235	-0.0659342854115868	-0.171171486718654	-0.473762409346455	-0.237601663020197
0.0553629634948417	-0.293577514868687	0.0645017080536173	-0.162204842756658	-0.178068677212486	-0.101610379143795
0.0959980871745451	0.0182411222578333	0.193983041620589	-0.149161631798603	0.123267632047524	0.0375495955176261
0.134182939616469	0.329464596307064	0.319445993634106	-0.132405404869536	0.422572160158815	0.176307276646684
0.169046933629467	0.63163122609646	0.438085360660161	-0.112489921796332	0.712403431068164	0.31117213456566
0.199609952889592	0.916287472981121	0.546771320004713	-0.0899148770655938	0.98513163214357	0.438593934161684
0.225089646318765	1.17556926869875	0.642776282772018	-0.0653094718658069	1.23378330439628	0.555301651450952
0.244845105449267	1.40244291567447	0.723666519215217	-0.0393400701986155	1.45206973290161	0.658331779170645
0.258395341613699	1.59096452544684	0.787371457060937	-0.0126789850333986	1.6345547548007	0.745106804045339
0.265607538361321	1.73742911473158	0.832813017039232	0.014027370854894	1.77786354815875	0.813967053266253
0.266100545047461	1.83729088810053	0.858005488801085	0.0401636104952355	1.87710443282131	0.86261777823134
0.259852085569273	1.88831947509754	0.862052009949584	0.065183309969263	1.92962386523895	0.889769542253762
0.247027432214661	1.88976608237564	0.844634774081332	0.0886029590818149	1.93404101084319	0.894722004575936
0.227973536803246	1.84233350908812	0.806038555885102	0.109995658892001	1.89028448290508	0.877382795938335
0.203370108898462	1.74926453668195	0.747755182149177	0.129050759447122	1.80090516900399	0.838849757054371
0.173643695454244	1.61216040430144	0.670367574513278	0.14532123692678	1.6664789685691	0.779376266741648
0.139522764959167	1.43489947860076	0.575599499788515	0.158467624399895	1.4900958501067	0.700355719449004
0.101853672730679	1.22234536269985	0.46568225891559	0.168187687175801	1.27599862006074	0.603715895708513
0.0615790692131902	0.980205514511669	0.343301088371259	0.17422340178182	1.02948619633341	0.491871913901236
0.0197727529288537	0.715563732854853	0.211819846454904	0.1764661186385	0.757584436450514	0.368025485479488
-0.022599343955997	0.434281767990566	0.0741641141705777	0.17464936594992	0.4660580786431	0.234814675051926
-0.0644867182640117	0.143403163903043	-0.0662509725322483	0.168691671704714	0.162039667255894	0.0954972355523138
-0.104847572540916	-0.14978746768217	-0.205902720553128	0.158620282674308	-0.146968582860234	-0.0464999853502159
-0.142677737773545	-0.437967897256057	-0.341252240856909	0.144582711478574	-0.453292477874534	-0.187669910434982
-0.177116624052404	-0.714221674714123	-0.469017047306159	0.126911765340588	-0.74944875119302	-0.324576458319966
-0.207214492595492	-0.971558535819355	-0.585668629303494	0.105909648759321	-1.02785444331718	-0.453761003280252
-0.232211500156018	-1.20361005204992	-0.688147308274886	0.0820502905736255	-1.28153120075402	-0.572019825662522
-0.251489672193599	-1.40472769881924	-0.773783101116594	0.05590481725563	-1.50416335660878	-0.676439913860344
-0.264589398321601	-1.57016273225975	-0.840376377166377	0.0281242998333769	-1.69026293248809	-0.76447284312059
-0.271387416709377	-1.69722217162343	-0.886807023952294	-0.000585529149520066	-1.83632681241187	-0.834439194597048
-0.271520410917438	-1.78189645887175	-0.911207469853532	-0.0294679465560849	-1.9374465831956	-0.884062302912133
-0.264962548308299	-1.82220383673024	-0.912879899188277	-0.0577573242426762	-1.99089845881109	-0.912028084566964
-0.251859430261557	-1.81731331757416	-0.891783732504803	-0.0846941894135869	-1.99523523842792	-0.917594846582593
-0.232522386861013	-1.7675590676844	-0.848532286854914	-0.109545353149939	-1.95033159903789	-0.90061630440293
-0.207579989131338	-1.67563512521033	-0.784954651325508	-0.131691141077102	-1.85867747702966	-0.862113289548398
-0.177406934511574	-1.5423789864523	-0.701990146814371	-0.150414407715925	-1.72088266133703	-0.802300872516467
-0.142675211580309	-1.3708721556483	-0.601665884637757	-0.165160848693421	-1.54007402271453	-0.722525913556086
-0.104181361129752	-1.1652145991662	-0.486449924795043	-0.175492624011437	-1.32056299244459	-0.624683180679453
-0.0628323413875516	-0.930458183911455	-0.359178623690842	-0.181107791102247	-1.06774749403893	-0.511173912145599
-0.019685322915483	-0.673168823594906	-0.223265495002879	-0.181945955960538	-0.788779332733281	-0.385207520343555
0.0242841069441254	-0.39892365486229	-0.0816048353865965	-0.177884370499573	-0.489575559602123	-0.249460447261052
0.06799360247541	-0.114616644936147	0.0625191892300108	-0.169064527893021	-0.17743003282757	-0.107252207949632
0.110347033239546	0.17248509538231	0.205784268534853	-0.155796204263022	0.139984355890809	0.0379058756847871
0.150266507372628	0.454987838365346	0.344891091366094	-0.138544464505463	0.454817062816313	0.182404950756414
0.18680277696843	0.725932513650916	0.476802855464096	-0.117970479032112	0.759394420142109	0.322690883813543
0.218906965835359	0.978118375250347	0.598192179283174	-0.0946783207350086	1.04596869044279	0.455199653694721
0.24571718387929	1.20506605389573	0.706138994297177	-0.0694078293564264	1.30740297449044	0.576626879581589
0.266515554959804	1.40107215846508	0.798014637936164	-0.0429320834482693	1.53723435451088	0.683973995439498
0.280750641408127	1.56139510639087	0.87154107856883	-0.0160214320826068	1.72983787060641	0.774626184029143
0.288118574465122	1.68264162811117	0.925064796467041	0.0105909378617903	1.88096662735381	0.84659474235673
0.2883191628512	1.76176960447853	0.956770066025224	0.0362312266914766	1.98631123467806	0.897884518733832
0.281339861836491	1.79720970271247	0.965663543675193	0.0603094741843519	2.04331023718621	0.927292626378262
0.267351949764043	1.78837668104099	0.951280718869096	0.0823273640500393	2.05058451345806	0.934157819851258
0.246690330394032	1.73553773409244	0.9136739773302	0.101878977081596	2.00788272952527	0.918333579004108
0.219906037237672	1.64021959224872	0.853634237068892	0.118680859475475	1.91656664797246	0.880404831309894
0.187504808525843	1.50349993635092	0.771883573955519	0.132430288775165	1.77769048817503	0.820812490620793
0.150241798038243	1.32815255393108	0.670068581617852	0.142946804706803	1.59427993182912	0.740882599659866
0.10902662977985	1.11813546841425	0.550477417485711	0.150111904755222	1.37064506361668	0.642511255602329
0.0649071954472045	0.878620000520718	0.416007171613227	0.153857430550311	1.11230200844856	0.528127976127775
0.0190664466472663	0.616280497943055	0.270171803324947	0.154208593613311	0.826121774882116	0.400769244160431
-0.0273275792798511	0.337654577383699	0.116620281134739	0.151106447122408	0.518925705236967	0.263433118473511
-0.0730543497735502	0.0504513279609962	-0.0406270863655157	0.144624452990003	0.198543970412543	0.119583583317875
-0.11693290371531	-0.237358145452418	-0.197480636827737	0.134911322813826	-0.126919094605078	-0.0271792499350307
-0.157866983360154	-0.517931941331963	-0.349940217376979	0.122193141805825	-0.449382773671989	-0.173247341476502
-0.194902725767175	-0.783799467728454	-0.494297724335637	0.106802175406466	-0.761100820917614	-0.315137946982766
-0.227124413904095	-1.02819896725779	-0.626876393023124	0.0890495642114003	-1.05449406735449	-0.4494305811551
-0.253775949167645	-1.24489378484887	-0.74442338021657	0.0693514814835059	-1.32256094070773	-0.572938897423194
-0.274208047055019	-1.42823789427952	-0.843995553717898	0.0481710136361473	-1.55879755357111	-0.682682205020775
-0.287874782154584	-1.57324082380887	-0.922981015215517	0.0260016332107351	-1.75726249567021	-0.775917100276141
-0.294423502453138	-1.67609811161849	-0.979392841510959	0.00335097467062479	-1.91316745026392	-0.850404708920501
-0.293474519976731	-1.73333406532804	-1.01120441540283	-0.019261366732014	-2.02155240934376	-0.903811071644981
-0.284980105222857	-1.74358124301684	-1.01744209987855	-0.0413184877686173	-2.07943385651578	-0.934674892504969
-0.269171692109022	-1.70741905646677	-0.998021183223569	-0.0623081359369022	-2.08546869270056	-0.942254983008928
-0.246567757620935	-1.62738103405614	-0.953773407558114	-0.0817300101566149	-2.04002112700165	-0.926563399615748
-0.218009061275363	-1.50815996898407	-0.886580228530672	-0.0991438412083376	-1.9455600185762	-0.888556263162485
-0.184331879241881	-1.35413030254157	-0.798369805367862	-0.114061615215471	-1.80444777255665	-0.829136059157225
-0.146570673575255	-1.17082522141243	-0.691814846807647	-0.126118263096956	-1.6207916187771	-0.750016892457763
-0.105772732220559	-0.963573982427598	-0.569791331627654	-0.135043497374916	-1.39936181767702	-0.6532453043767
-0.062929871670864	-0.73706543333391	-0.435195778565624	-0.140668990378034	-1.14529933348473	-0.541076618966617
-0.0189808914469611	-0.495698716772435	-0.290978568582429	-0.142972924816205	-0.864322170253097	-0.416073612548649
0.0252519933814356	-0.242560070255453	-0.139869295403987	-0.141887837430028	-0.561737370995719	-0.280636746835278
0.0688995192660845	0.0183140452004682	0.0150734044575263	-0.137489455169235	-0.243965965286102	-0.137701015970611
0.111021388624589	0.281860545198596	0.170449008487903	-0.12991139401496	0.0816625230337317	0.00937574467159602
0.15058551793452	0.54174273542266	0.322484145740305	-0.119327991757834	0.40692714584887	0.156830256418264
0.186539474767646	0.790610012513859	0.467252224617687	-0.105984210434468	0.723127141455891	0.300679560407561
0.217768826493032	1.02074493934649	0.600613275548422	-0.0900707754967353	1.02126497075765	0.436814024952654
0.243367701242203	1.22508351045392	0.718956269677111	-0.071894043715338	1.29318313718842	0.561488532537501
0.262694599452442	1.39806170271298	0.819384396061666	-0.0518430085742511	1.53203202203023	0.671533034601412
0.275421021148696	1.53607648356146	0.899868243227793	-0.0303923552097258	1.73260195550085	0.764502912471294
0.281581321098069	1.63778472527615	0.959418573650395	-0.00809148063133813	1.89174422012279	0.838878081096441
0.281205524018752	1.70189478004698	0.997027499703346	0.0144704670869859	2.00633667202008	0.893158899397252
0.27451446635672	1.728020826198	1.01230177816295	0.0366924817448933	2.0746856041045	0.92651875292606
0.261707772401575	1.71528463197141	1.00487690619725	0.0579992653053448	2.09542381063346	0.938319920244641
0.242910544149488	1.66196216458738	0.97429401788557	0.077865524748639	2.06727451744236	0.92801040104197
0.218279284385936	1.56642118122749	0.920353825964116	0.0958589448105909	1.98977807716244	0.895447755912471
0.187870477660025	1.42613135094189	0.842653714013959	0.111506534003287	1.86190228823195	0.840228578452536
0.152095395991501	1.24142090866165	0.742020637462341	0.124426700965852	1.68512570746409	0.76307761263118
0.111758668215745	1.01585903909575	0.620594188640479	0.134268604464328	1.46334751951527	0.665774590999167
0.0680922512514973	0.756605691013619	0.481935026410342	0.140708447793194	1.20304212739072	0.551210449227767
0.0226847779029758	0.474094124699139	0.330872038409795	0.143517915914398	0.913115128225254	0.42333301261433
-0.0227966436724137	0.179250918622908	0.172599267460351	0.142409668438514	0.602834965356574	0.286203095188899
-0.0667696946085991	-0.117005929931039	0.0123647146439554	0.137304475145417	0.281904625419871	0.144087675045989
-0.107985368234881	-0.405926536246998	-0.145292187971363	0.128297632391158	-0.04102304212347	0.000804622213467404
-0.145639545864141	-0.681787408037499	-0.296893062458336	0.115667794305019	-0.358951152495825	-0.140537695197863
-0.179373021649249	-0.941650705746643	-0.440061869544008	0.0998935183949244	-0.666581879965356	-0.277559849942603
-0.208949082164596	-1.18358046972791	-0.572752485352852	0.0814609844171741	-0.959141861894708	-0.408116614739299
-0.234176110325212	-1.40509530360855	-0.693033240249843	0.0609693010100792	-1.23187287539415	-0.530075934614266
-0.254638116891128	-1.60135355382249	-0.798420148170795	0.0390215109731112	-1.47896061810359	-0.640863429062558
-0.269602257482018	-1.76451517715249	-0.88566908265893	0.0161882802530869	-1.69320881070893	-0.737321826194489
-0.278182030374469	-1.88504549971836	-0.951282673086129	-0.0069926227917259	-1.86703125187016	-0.816145743682294
-0.279308227340504	-1.95215506798847	-0.991370431014937	-0.0300043044034196	-1.99195140039967	-0.873613712241721
-0.27238313364139	-1.95858934404778	-1.0035556878733	-0.0522944538914699	-2.06228515674602	-0.907217542923218
-0.257456026079608	-1.90236445985065	-0.987428048813702	-0.0732490277076375	-2.07586159320774	-0.915950416653318
-0.235327329346488	-1.78772435469209	-0.944820774844448	-0.0921922849515186	-2.03455309591417	-0.900534359683837
-0.207489296786914	-1.62475771502313	-0.879687222438601	-0.108462221020897	-1.94426979961473	-0.863443500903112
-0.175546959828162	-1.42478558568583	-0.796299673094639	-0.121371699057773	-1.81137665526645	-0.807306594145084
-0.14107393710748	-1.19922793626448	-0.699062395175517	-0.130441956314676	-1.64305944269185	-0.735161736950667
-0.105143965685246	-0.955813839405317	-0.591133063833848	-0.135435905763733	-1.44478140474323	-0.649350269825586
-0.0681496814159707	-0.697082607916358	-0.473899623661648	-0.136386196689736	-1.21936886667463	-0.551128045434617
-0.0299230822523718	-0.421446760376007	-0.347339355204467	-0.133613958466584	-0.967712435446916	-0.440976180124722
0.00996484061171581	-0.12503118083304	-0.210637787272136	-0.127454161319851	-0.689290932488676	-0.318759439231616
0.0516226137060377	0.193076719280137	-0.064000577210868	-0.118362177562509	-0.385768438187718	-0.185316758825636
0.0944149440868497	0.527647665336091	0.0902480122016877	-0.106741249627454	-0.0626367222947462	-0.0431301553585158
0.136762430832776	0.865737005271962	0.247106251489259	-0.0928823650733135	0.269896064878205	0.103306192415982
0.176342827528109	1.18812337765453	0.399421489230076	-0.0770155956038289	0.597830861714852	0.247885713034852
0.210438158130845	1.47288545729321	0.53888931127738	-0.0592291344579576	0.905283957676394	0.383711274446241
0.236806418613304	1.70152442371961	0.658383396562161	-0.0397642649942243	1.17835768064061	0.504738407269234
0.254264837049783	1.86394007192002	0.753591071121038	-0.0190594261862845	1.40803716892412	0.607011523212311
0.263028776066384	1.96117102612394	0.823974120200165	0.00220963292330217	1.59188175541181	0.689385313210307
0.264672918934966	2.00492486573365	0.872738181432747	0.0231684044180904	1.73409008367854	0.753568610224333
0.261270529254839	2.01124971525602	0.904392016405073	0.042903680079425	1.84107962882878	0.802198241376478
0.25486365523327	1.99554596843723	0.923475696404327	0.0606040546635234	1.919632575441	0.838110699067441
0.246497989839488	1.9650025523012	0.931890059694185	0.075735377985705	1.97219843392631	0.862326819563117
0.235685866184648	1.91428349735896	0.927429901897472	0.0881334275880026	1.99432673170962	0.87295663342218
0.220506803711964	1.8263456574074	0.904123648148455	0.0980166847508322	1.97533437865581	0.865498381525043
0.198017970704085	1.67593062528284	0.853143331729808	0.105732079459896	1.89928866747054	0.833172802412085
0.165678501237776	1.44101280302851	0.767013604670543	0.111679196771431	1.75285559417573	0.770344675369168
0.122509697580393	1.11232982608107	0.64277729382265	0.116044501021741	1.53060069291568	0.674744947475033
0.0700389547882663	0.701153676649778	0.48467455084276	0.118649893468915	1.23970791321272	0.549475608368092
0.0125934663615464	0.241949562136052	0.305105250578745	0.118992234751625	0.901934531657026	0.403860027244025
-0.043335156589995	-0.213068490769826	0.122770614850248	0.116193563391704	0.550114189913825	0.25189987695511
-0.090335740827013	-0.603370243079262	-0.0404690793290842	0.109503403185194	0.223465102084533	0.110359014937286
-0.121848642489934	-0.874589384185951	-0.164573563857694	0.0985472373710168	-0.0411172298626807	-0.00495771648392237
-0.133844326592363	-0.992212137386485	-0.236078374502992	0.0835863679190563	-0.217372369152535	-0.0827423602661026
-0.125980348901307	-0.950935599352168	-0.251494288765479	0.065668417883112	-0.295783376587765	-0.118789163773042
-0.101636899879854	-0.776084010185054	-0.21778258824568	0.046385573342094	-0.284976281840822	-0.116619295933781
-0.0673048509358309	-0.518036582653849	-0.150900685955753	0.0277635306974644	-0.209526906037545	-0.0865554796236223
-0.0309349596516467	-0.239486499610521	-0.0715507753428709	0.0117935981574657	-0.103135412275216	-0.0428438877134883
