-9.03693224269111e-19	-8.04030598499055e-19	-1.38585842489179e-18	1.47905208036908e-19	6.41914129405638e-19	-4.35789804563658e-19
1.66288216666123e-05	-5.14487757352623e-05	8.76422371865009e-06	2.89918079007675e-05	1.47040020715313e-05	-3.22670521455286e-05
4.61917266516333e-05	-0.000127445227555746	2.38927971914407e-05	7.74252787622997e-05	4.41911665446538e-05	-8.56027240091896e-05
9.10398720389372e-05	-0.00022539005600017	4.54175150435554e-05	0.000147478000969741	9.49104679028091e-05	-0.00016267812554029
0.000152289563632063	-0.000341599023879375	7.25162829326978e-05	0.000239186794525377	0.000173526368679803	-0.000264692792353629
0.000229266889366457	-0.000473075788710239	0.000103414651563562	0.000350050800468425	0.000285843200322204	-0.000391210562226989
0.000314134337334099	-0.000651483454568708	0.000132762808588462	0.000480241737611799	0.000441434682055725	-0.00055052521966836
0.000405136426357422	-0.000836779776439857	0.000156452126307242	0.000615120330711195	0.000633506132334521	-0.00072529956980408
0.000492137707031777	-0.00101114685900719	0.000164112643434511	0.000741240415588422	0.00085504875358258	-0.000902947746651522
0.000558236903102059	-0.00115702131735251	0.00013872821475109	0.000843734077810843	0.00109490551431414	-0.00106921798472394
0.000579025665991526	-0.00126010265500416	5.61764894056143e-05	0.000908184095368683	0.00133880918551344	-0.00121011303258673
0.000491028899217929	-0.00134094407727983	-0.000157976698464313	0.000926088120301862	0.00158761463768898	-0.00132534873773627
0.000299616774466815	-0.00135761971256922	-0.000480506855723182	0.000884481086703569	0.00180355235990119	-0.00139110097791993
-1.06292209657491e-05	-0.00129053728280569	-0.000915009737751248	0.000777323103831227	0.00196056865612006	-0.00139447323586146
-0.000450741899630748	-0.00112151247073486	-0.0014593037732674	0.00060347047721499	0.00203504011996644	-0.00132595105278087
-0.00102679813593339	-0.00083635936797539	-0.00210729361935703	0.000366908817571938	0.0020093938923127	-0.00118060869501575
-0.00178186640554223	-0.000433788856783108	-0.0029146503593339	7.5188428527319e-05	0.0018938375127567	-0.000964225721896758
-0.00265150552692159	9.43006272388699e-05	-0.00378671961722288	-0.000257561380306325	0.00166527527376233	-0.000674885871223109
-0.00358635073800669	0.0007433635962451	-0.00466385561912122	-0.000615388041438304	0.00132200076020885	-0.000318117129560124
-0.00452208699023795	0.00150062322314219	-0.0054781277981881	-0.000981186299278819	0.000869910017733859	9.79592526169186e-05
-0.00538474582485935	0.00234488112549378	-0.00616081471306758	-0.00133817663943795	0.000322730602829334	0.000563141446743794
-0.0061239513727443	0.00327239769742056	-0.00669479284591688	-0.00167719737160577	-0.00028868948658553	0.00107101460444635
-0.00662903789476942	0.00421572081320124	-0.00696730198439241	-0.00197749977784233	-0.000951119762274033	0.00160185500596867
-0.0068130438044632	0.00511935882371906	-0.00690439474965411	-0.00222483991767937	-0.00164242269576079	0.0021386587843113
-0.00659972662949803	0.00592693545703798	-0.00644099921643162	-0.00240772321143523	-0.00234073576629581	0.00266415694281896
-0.00593177605123318	0.00658803873088926	-0.0055268485961109	-0.00251820360708554	-0.00302539209155013	0.00316183969761485
-0.00476954652763551	0.00710899695537884	-0.00412730643009913	-0.00255997688621038	-0.00368359787974142	0.00363094751449359
-0.00312258129494533	0.00740839739164474	-0.00224065756715301	-0.00252361059136572	-0.00429085017062238	0.00404010378275513
-0.00102759958983943	0.00744846478601086	0.000112419683692992	-0.00240822450070119	-0.0048288829740722	0.00436859511580709
0.00144739847949078	0.00720484903530933	0.00288584817800503	-0.0022160451009302	-0.00528201018663939	0.00459711990507397
0.00420766579789915	0.00667000719497843	0.00600897637352033	-0.00195266741078136	-0.00563799568328259	0.00470958587586847
0.00717923323876907	0.00589182312544832	0.00944450779168477	-0.0016310498424762	-0.00590929899956037	0.00470917505343879
0.0101809090375684	0.00484884852765976	0.0130056514522318	-0.00125731004131619	-0.00606537904999083	0.00457090926859322
0.0130514273763737	0.00355501589923468	0.0165229091244257	-0.000841561694160786	-0.00609227257281539	0.00428407266083783
0.0156308508431511	0.00203060658373013	0.0198129582579505	-0.000393925599953859	-0.00597877713181722	0.00384229294380451
0.0177735874509639	0.000302781632391996	0.0226929605786351	7.61339733878329e-05	-0.00571849518086977	0.00324490156099558
0.0194102264998055	-0.00158998917423157	0.0250720717411251	0.000563011870610437	-0.00533539415466948	0.00250332371351155
0.0203875115469387	-0.00361240380286857	0.0267085453310377	0.00105631921768087	-0.00480413482090058	0.00162321660189984
0.0206193180986652	-0.0057218573584622	0.0274427462771745	0.0015487133567156	-0.00411932504102516	0.000619831254305038
0.0200540463187894	-0.00787342767831023	0.0271528382802651	0.00203382993595346	-0.00327821897902313	-0.000486557702467487
0.0186794216559319	-0.010021289224688	0.0257682696871919	0.00250600392715926	-0.00228233878874531	-0.00167106516370268
0.0165547008785719	-0.0121561387495923	0.0233308713485408	0.00296941007688587	-0.00115198257392182	-0.0029131224605634
0.0137078129895007	-0.0141868331829008	0.0198238147239544	0.00340578812926473	0.000116751671252957	-0.00417010240442203
0.0102182764258241	-0.0160458262621611	0.0153188889548016	0.0038018347550032	0.00151365768528181	-0.00540248927004238
0.00618946266277483	-0.0176659589284586	0.00993259678664449	0.00414275403797729	0.00302331841959853	-0.00656986622554556
0.00174408288456481	-0.018985082275071	0.00382081512610512	0.00441367794357063	0.00462350869113934	-0.00763334719406149
-0.0029910241606113	-0.0200084780617655	-0.00283555557348694	0.00461372900167234	0.00629050511381387	-0.00857610386244631
-0.00785875788285166	-0.020616761883697	-0.00981929987818049	0.00471613228439605	0.00797677610109455	-0.00934446862268866
-0.0127071132935063	-0.0207367694684364	-0.016907144167132	0.00470545444288965	0.00963054065185462	-0.00990209133441223
-0.0173895310427051	-0.0203031585725545	-0.0238768566715007	0.00457007418403641	0.0111929666989715	-0.0102184676398557
-0.0217717150703096	-0.0192663203073891	-0.0305174275998577	0.00430408035489771	0.0126013186252927	-0.0102714235084848
-0.025784939336351	-0.0176463048783793	-0.0367032176627753	0.00391600055715525	0.0138165025958419	-0.0100665314471621
-0.0292703730892005	-0.0153826750559578	-0.0421803522399499	0.00340398230098288	0.014748621013739	-0.00957932303910228
-0.0321193430355316	-0.0124723510068342	-0.0467614891144061	0.00277685934966433	0.0153297450778176	-0.00880608162669937
-0.0342411037204318	-0.00893857644890153	-0.0502835607554967	0.00204769470508733	0.0155020075829568	-0.00775113725502235
-0.0355668636837689	-0.00483514473622673	-0.0526160671203303	0.00123304764282817	0.0152236782810138	-0.00642782402970594
-0.0361118011458108	-0.000251303825322866	-0.0537572155142646	0.000347721206831931	0.0145020082238385	-0.0048643875044954
-0.0357769615275349	0.00470189656084071	-0.0535394355529548	-0.00058203427598373	0.0133026036895291	-0.00308588224887313
-0.0345203804562841	0.00988750368011629	-0.0518896263466128	-0.00153217304499259	0.011631177074718	-0.00112888754674453
-0.0323148213375728	0.0151534242459799	-0.0487677062929496	-0.00247903425674656	0.00951323967917756	0.000963491327606086
-0.0291530655566512	0.0203412491517959	-0.0441749774383579	-0.00340056418681281	0.00699456088994518	0.00314247997582229
-0.0250876505696166	0.0253425988916392	-0.0382195588916525	-0.00429304338872356	0.00415655897626308	0.00536641033238135
-0.0201195455525678	0.029950666332411	-0.030921759928056	-0.00511914010808919	0.00105899400029657	0.00756366394389202
-0.0143005123255892	0.0340041425411863	-0.0223839535811374	-0.00585397296567323	-0.00221652575671617	0.00966823218042991
-0.00771061498414229	0.0373609262472544	-0.0127464098633834	-0.00647467567934531	-0.00558229848804637	0.0116141543527961
-0.000462391587549902	0.0399066514297618	-0.00218906140967045	-0.00696231443390847	-0.00894716836297158	0.0133391146833519
0.00731054955910742	0.0416335226792256	0.00907869074499963	-0.00732225974401563	-0.0122248692368844	0.0148106533966433
0.015408737760705	0.0423995859577165	0.020786885666213	-0.00752286917271135	-0.0153177739382584	0.015953114263379
0.0236104545748818	0.0421395034804292	0.0326400304932834	-0.00755000230586058	-0.0181363728970428	0.0167157089717275
0.0316696631132879	0.0408127414906174	0.0443181396469831	-0.00739411701151867	-0.0205983174117039	0.017058479311989
0.0393267395164818	0.0384087080140614	0.0554867491449961	-0.00705180020128842	-0.0226315253311108	0.0169555684156194
0.0463764913050089	0.0350058931796482	0.0658853256397562	-0.00653723686288216	-0.0242030483171426	0.0164182006534904
0.052496159656695	0.0305894636118905	0.0750833674013573	-0.00584714347632639	-0.0252342355854323	0.015426638286951
0.05741922638076	0.0252102089084193	0.082716612529151	-0.00499046819907206	-0.0256779235238447	0.0139895743444242
0.0609099085724313	0.0189446176278466	0.0884490237556959	-0.00397995881023985	-0.0255017061810197	0.0121286276120211
0.0627798219165408	0.0118981403685109	0.0919953162262779	-0.0028320692202182	-0.0246911107442894	0.00987872109862508
0.0629670482483404	0.00420890610427249	0.0932417200394449	-0.00156200813796953	-0.0232840245696981	0.00729334637048206
0.0613274059606518	-0.00396016917181378	0.0919289646113821	-0.000199294477346286	-0.0212639679715152	0.00442496376851816
0.0578276689907704	-0.012419464269343	0.0879524395019581	0.00122654454229809	-0.0186526477170858	0.0013390520554818
0.0525007919425584	-0.0209603861703788	0.0812992887371486	0.0026832684775162	-0.0154863398455767	-0.0018920977494782
0.0454492806438438	-0.029362382003042	0.0720592397362969	0.00413680522363373	-0.0118173096422471	-0.00519117426281725
0.0368813098158957	-0.0374569600842953	0.0604924358013099	0.00557157207598454	-0.00773379932647477	-0.00849218860637148
0.0269826432581139	-0.0449502016649111	0.0468119175138247	0.00692665377073941	-0.0032955148282725	-0.011694523114061
0.0160133048604693	-0.0515936287754595	0.0313558011122563	0.00815309585595233	0.00141214761786949	-0.0147069629920482
0.00426979531528096	-0.0571552095200516	0.0145253545436348	0.00920205316041523	0.00629333534270236	-0.0174403506147483
-0.00792470049823868	-0.0614334720748989	-0.00322900468475986	0.010028507446108	0.0112419041617261	-0.0198115274237737
-0.0202462066903632	-0.0643536348238308	-0.0214362899225726	0.010619797557089	0.0161479202618937	-0.0217742381872748
-0.0323323855270549	-0.0656971579779924	-0.0395818710985779	0.0109161178584376	0.0208805118797882	-0.0232319402788913
-0.0438384398262361	-0.065349696745879	-0.0571619420841626	0.0108847413936997	0.0253075259808042	-0.0241189769642801
-0.0544393921388875	-0.0632463548392155	-0.073692955035098	0.0105048024997869	0.0292959062180222	-0.0243842689840603
-0.0638423251335972	-0.059380706335317	-0.0887277277346432	0.00977092249970436	0.0327171739356903	-0.0239959410698939
-0.0718574609535488	-0.0538733322896295	-0.101953808675766	0.00871177917440539	0.0354814500439606	-0.0229691590810307
-0.0782029136591881	-0.0467627952926452	-0.112920210636446	0.0073366086255642	0.0374502177514257	-0.0212876827120352
-0.0826855853175616	-0.0381837687812375	-0.121291197220455	0.00568076312937409	0.0385231675348215	-0.0189740574603001
-0.0851621169128935	-0.0283167925924313	-0.126794107104255	0.00379187571978279	0.0386243101861596	-0.0160719364075024
-0.085545519477992	-0.0173861681027337	-0.129232450101262	0.00172805136207201	0.0377090367978453	-0.0126463860377784
-0.0838817686435468	-0.00565897199378062	-0.12860716594779	-0.000447387206154952	0.0358038919373633	-0.00878916521198711
-0.0801086768082754	0.00657352957384518	-0.124754962413879	-0.00266033854576598	0.0328941535347483	-0.00459461561700612
-0.0742635690401429	0.0189960413730957	-0.117670622142799	-0.00483734849051855	0.0290235472178612	-0.000173847028900894
-0.0664299304869324	0.0312830540817853	-0.107430872071832	-0.00690748231792621	0.0242682149945723	0.00435484057383942
-0.0567408795823926	0.0431097045411068	-0.0942029917007264	-0.00880564731468613	0.0187361717645955	0.00887053455673264
-0.0454215779626213	0.054223018014393	-0.0783195122111209	-0.010496617992616	0.012585949584715	0.0132702714418119
-0.0326549159479105	0.0642504244335371	-0.0600417364462227	-0.0119058897692744	0.00595190657665263	0.0174197172278748
-0.0186947326436754	0.0728843060648414	-0.0397548101865676	-0.0129827376063763	-0.00100098649243756	0.0212033004118065
-0.00383322429597096	0.0798493371616352	-0.0179066162925144	-0.0136865441147625	-0.00809847456679428	0.0245162602836048
0.0116009178669019	0.0849159508565111	0.00499991918557755	-0.0139895095917395	-0.0151615474670565	0.027268384584589
0.0272645153607337	0.0880035551971904	0.0284318971233075	-0.0139083351399378	-0.022016119681892	0.0294170894961733
0.0427470143519936	0.0888819361085022	0.0517918429221394	-0.0134072097029131	-0.0284804824067269	0.0308680719371008
0.0576326719620006	0.0874416913227317	0.0744763903576238	-0.0124836644283028	-0.0343852070331193	0.0315638878633572
0.0715012499813146	0.0836330842799717	0.0958846062597768	-0.0111480991484109	-0.0395743392829742	0.0314635269302385
0.0839441001532725	0.0774755609076015	0.115437144905667	-0.00942610274254951	-0.0439101110148946	0.0305457900360997
0.0946476737039166	0.0691367719363536	0.13268861836656	-0.00738206376689601	-0.0473066512334569	0.0288402478720792
0.103187937052253	0.0586928911310756	0.147032768443489	-0.00504480372111604	-0.0496352047970375	0.0263358147814752
0.109238105921887	0.0463361912868875	0.157989800590294	-0.00247061706927131	-0.0508128095895279	0.0230630717970401
0.112536726112445	0.0323193288730283	0.165157575737538	0.000274857589726726	-0.0507840790093705	0.0190748401368793
0.112905544876814	0.0169551078558423	0.168234811700345	0.00311756390919444	-0.0495254853144688	0.0144483133515325
0.110340244284592	0.00062385602920454	0.167160514604836	0.00597452727653372	-0.0470854473679957	0.00929527981694725
0.10476184981838	-0.0162701991480888	0.16172931423222	0.00876350773072325	-0.0434615630876851	0.00372934135546899
0.0962414146632482	-0.0332795988983535	0.151945531370601	0.0113999887505002	-0.0387079661172257	-0.00210958090432723
0.0849436944642561	-0.0499366157942072	0.137942432306428	0.0138023986343615	-0.0329074132765515	-0.0080669279392399
0.0711274962824039	-0.0657689697554261	0.119990722400408	0.0158953981161304	-0.0261720698022814	-0.0139785309447973
0.0551845543097461	-0.0803776900444471	0.0985758717803738	0.0176336531331259	-0.018665478755094	-0.0196924291812973
0.0374844723207247	-0.0932521981618379	0.0741358368215521	0.0189361190072971	-0.0105259338236291	-0.0250226799866813
0.0184871921613077	-0.103964534377874	0.0472666602906767	0.0197488175722112	-0.00192775302791452	-0.0298023110132446
-0.00130615228546325	-0.11214377670339	0.0186456333102359	0.0200328011005879	0.00693861988753969	-0.0338790607745531
-0.0213685540886339	-0.117495824271555	-0.0109878957181943	0.0197677220139549	0.0158691409053088	-0.0371227191239977
-0.0411803628500165	-0.119920327264432	-0.0408686413620002	0.0189869022831989	0.0246557914831067	-0.0394646405020195
-0.0601915233840326	-0.119183145223149	-0.0701857563345883	0.017669276732244	0.033069987252069	-0.0407901115225055
-0.0778852863908921	-0.115215822132922	-0.0981470871802369	0.0158339032905128	0.0408878885832511	-0.041038812622258
-0.0937848768260463	-0.108044554199536	-0.123997630077413	0.0135150291242732	0.0478925101031308	-0.0401820619668077
-0.107470020645529	-0.0977958355638773	-0.147044902123313	0.0107622564156637	0.0538815706439932	-0.038225499404505
-0.118662166272468	-0.0847822850562039	-0.166781383636681	0.00766635647251138	0.0587073349643974	-0.0352428245907512
-0.126996035072398	-0.0692144653527984	-0.18256769550946	0.00426798004289084	0.0621781045040473	-0.0312657883002409
-0.132234415493792	-0.0514390448814048	-0.193939023544339	0.000632761035935092	0.0641594820476213	-0.0263779427132242
-0.134221521066218	-0.0318661681873862	-0.200545528840879	-0.00317030786145964	0.0645575909127466	-0.0206877359086742
-0.132890068975104	-0.0109633302397545	-0.202168678739629	-0.00706847532440921	0.0633263904745708	-0.0143274978610886
-0.128352211400949	0.0107344238526875	-0.198865877188417	-0.0109779238436378	0.0605115812648431	-0.00746450832735056
-0.120606311636102	0.0326989450612646	-0.190530468260766	-0.0148249763138209	0.0561218086854359	-0.000254321071901646
-0.109792326483922	0.0543699227850074	-0.177284517149408	-0.0185269970954312	0.0502423243801404	0.00712486422972768
-0.0961218940387188	0.0751850049116638	-0.159377393850762	-0.0219971790667526	0.0430030507646177	0.0144869955001417
-0.0798787173136406	0.0945950056692276	-0.137188688843653	-0.0251445815287997	0.0345762243240103	0.0216424924888949
-0.0614671621409328	0.112139492045685	-0.111312987339181	-0.0278917472407481	0.025195349853905	0.0284178836826834
-0.0412387107718135	0.127261030073711	-0.0822577483082915	-0.0301216589321947	0.015070482661057	0.0346115049253488
-0.0196368306280046	0.139498145799666	-0.0506897769501526	-0.0317304727206415	0.00444858486128575	0.0400427587780037
0.00285123705409892	0.148456346242711	-0.0173498454710475	-0.0326207507573699	-0.00641180583563688	0.0445474136231025
0.0257017149313709	0.153825654251518	0.0169623247171145	-0.0327087274988583	-0.0172468165574264	0.0479843653141637
0.0483840165538826	0.15550217915525	0.0514211752327538	-0.031962678902618	-0.0278002266101623	0.0502769270144413
0.0703067431298864	0.15324070089282	0.0851466079077465	-0.0303057469607062	-0.037806534498257	0.0512998828883586
0.090890492126015	0.146977842334558	0.117270066214802	-0.0277127230918327	-0.0470189612120918	0.0509880378878571
0.109572142423417	0.136757912136643	0.146950158643343	-0.024191661411605	-0.0552100563238807	0.0493131145321151
0.125825161466763	0.122742296938109	0.173398523843507	-0.0197886667165042	-0.0621776245187055	0.0462881075847606
0.139260524497238	0.105308564151867	0.196017641478978	-0.0146199765679149	-0.0677848118607844	0.0420061834355529
0.149375058453327	0.0847321587643256	0.214044717844383	-0.00877178449297666	-0.0718479830317643	0.036518892290637
0.155810050136402	0.0614591132613291	0.226911178740509	-0.00238444536893264	-0.0742461571294954	0.0299432747611692
0.158305577236692	0.0360242325380839	0.234177296327359	0.00437460402509054	-0.0748979073486997	0.0224309329241186
0.156717575087882	0.00904296671774269	0.23555629153562	0.0113154744810593	-0.0737662411298271	0.0141657798692923
0.151124658468221	-0.0187737017174805	0.231079617265639	0.0182190700039811	-0.0709048659870246	0.00537697752685906
0.14151395666482	-0.0467296548318057	0.220615170114895	0.0248884235853324	-0.0663148591621228	-0.00372405722101966
0.128068567256609	-0.0740844181481263	0.204315427016657	0.0311195145100726	-0.0600742032548228	-0.0128996650434989
0.11108843744558	-0.100098253580359	0.182502567839393	0.036719624158959	-0.05230285149043	-0.0219073406015833
0.0909864234780985	-0.124054910395574	0.155669914244911	0.0415145110094627	-0.0431625505989521	-0.0305068611973662
0.068333360707177	-0.145341507693319	0.124569578229213	0.0453653785196456	-0.0328798778153709	-0.0384801195077605
0.0436592175491489	-0.163279276928368	0.0898769456206691	0.0481383116439386	-0.0216588344323516	-0.0455956706250242
0.0176022002671759	-0.177317783507567	0.0524569173266474	0.0497404619659098	-0.00975006380820164	-0.0516532661163682
-0.00915733239398805	-0.187010850324641	0.0132593291539657	0.0501145487114591	0.00257429774288505	-0.0564804681294028
-0.0359169936153797	-0.192036222993604	-0.0267076069553679	0.0492403706289679	0.0150255935648437	-0.0599384246364955
-0.0619935647054723	-0.19232100159439	-0.0664223960213641	0.0471632163230039	0.0273138092864716	-0.0619621984133883
-0.0866790196296318	-0.187678848547694	-0.10483072332327	0.0438963299886286	0.0391229636564018	-0.0624435354883426
-0.109319548671233	-0.178148560337756	-0.140922052472006	0.0395034634587955	0.050149704838674	-0.0613415658299107
-0.129322433222716	-0.163907844579662	-0.173750831928543	0.034074419831034	0.0601040901340591	-0.0586564317099288
-0.146175178367178	-0.145274469250885	-0.202465546786596	0.0277237490035757	0.0687188816454186	-0.0544318579836766
-0.159548581147215	-0.122802998116165	-0.226456107362182	0.0206203801626661	0.0757975693608549	-0.0487952787272073
-0.169013445305757	-0.0969309650873312	-0.244962093484583	0.0128806490488481	0.0810915800264732	-0.0418257392947709
-0.17431624564153	-0.0682710504543396	-0.257464401500084	0.00465893765130418	0.0844295447926342	-0.0336709540565737
-0.175314446059825	-0.0375128956053853	-0.263601752514769	-0.0038779123741011	0.0856927039955213	-0.0245132472653426
-0.171982042119646	-0.00540888068160003	-0.26318612004903	-0.0125506030895309	0.0848221141017582	-0.0145674086888064
-0.164517462038773	0.0272076436960315	-0.256374500184224	-0.0211502289952402	0.0818691638156425	-0.00409707642302853
-0.152979099737404	0.0595585623085694	-0.243122965302971	-0.0294999583068342	0.0768415740037651	0.00665914782948718
-0.13761195871782	0.0908371287683266	-0.223688795061653	-0.0374058151821285	0.0698445071975126	0.0174327195482268
-0.118752425166561	0.120256520699981	-0.198491626185071	-0.044674221193058	0.0610397328790663	0.0279493908697078
-0.0968244754907586	0.147068496344767	-0.168110544728303	-0.0511159135259599	0.0506423031711993	0.0379364149977204
-0.0723946957654136	0.170635410601701	-0.133380756848009	-0.0565554340325881	0.0389406735163282	0.0471404810065317
-0.0459546242368932	0.190269370322881	-0.0950167411859612	-0.0608218950370186	0.0262015258309931	0.055300833006062
-0.0181042252272101	0.205416893259248	-0.0539249529316416	-0.0637704541305645	0.0127395827403265	0.0621890635908788
0.0105132742396397	0.215634510494254	-0.0110892372464643	-0.0652853680486015	-0.0011128892200027	0.0676084612883313
0.0392228401016303	0.220607460793097	0.0324517801906578	-0.0652864043896974	-0.0150143848695876	0.0714010768904626
0.0673553744182668	0.220276928078118	0.075647736263059	-0.063758496971407	-0.0286332467414875	0.0734890336341244
0.0941840822695461	0.214470493227009	0.117406039610767	-0.0606736217699012	-0.0416199613400768	0.0737591846484976
0.119015522152105	0.2032560993883	0.156673231234056	-0.0560672426219283	-0.0536511706618008	0.0721764376487509
0.141191952320424	0.186852024148123	0.192451512630998	-0.0500198147972155	-0.0644286235594648	0.0687568688561987
0.160113251064309	0.165628144699979	0.223826801959203	-0.0426567458716944	-0.0736871298400098	0.0635696896705944
0.175355194389079	0.140207982050164	0.250129844267902	-0.0341772856619362	-0.0812444435325446	0.0567776070872655
0.186360301079832	0.11109259832254	0.270501168613432	-0.0247454844014945	-0.0868622000039471	0.0484970053551483
0.192760895515377	0.0789765414738997	0.284338124723225	-0.0145778189338136	-0.0903878515413821	0.0389200741050245
0.194313553999171	0.0446391142177138	0.291201786533337	-0.0039124066893855	-0.091722798247116	0.0282757316306167
0.190914265483894	0.00892600219700694	0.290838248404596	0.00699655674772222	-0.0908270043775497	0.0168245761278999
0.182721617993393	-0.0272325733282175	0.283369726707484	0.0178641698013477	-0.0877719547649075	0.00487457305893027
0.169772360133856	-0.0629812627997851	0.268706236502411	0.0284514993496212	-0.0825687835177753	-0.00730216237802509
0.152341294151006	-0.0974440992975993	0.247106548730931	0.0385117996732362	-0.0753273713767258	-0.0194088628864169
0.13083667164716	-0.129782073756314	0.219026220927112	0.0478121703853106	-0.066210074999152	-0.0311510018352172
0.105792396607608	-0.159214397373993	0.185115205779991	0.0561376709587748	-0.0554291137916796	-0.0422433597895655
0.0779191184881361	-0.185090454737847	0.146319808675822	0.063295396797372	-0.0432696640595005	-0.0524259821814271
0.0478644859103122	-0.206727714675335	0.103475229242269	0.0691154535489386	-0.0299899990476593	-0.0614394851977118
0.0163995907825229	-0.223595870340622	0.0576422954550671	0.0734591161084671	-0.0159011416523386	-0.0690612201558099
-0.0156627984896732	-0.235283516264004	0.00997577155350149	0.0762195815297111	-0.00133584576799155	-0.0751026916364452
-0.0474918016961508	-0.2415080522099	-0.0383077659471882	0.0773236261742964	0.0133581935238653	-0.0794142511239847
-0.0782871891871367	-0.242237416852045	-0.0859833624682241	0.0767532944066407	0.0278390497323143	-0.0819240614006637
-0.107223841886343	-0.237300356770776	-0.131796970401567	0.0744776651874307	0.0417338165258576	-0.0825210129396288
-0.133550275756875	-0.226754999472269	-0.174556924572549	0.0705186224871246	0.0546920328629977	-0.0811694968079615
-0.156592430266973	-0.210790952796841	-0.213157534354793	0.0649350091841331	0.066383282371589	-0.0778807901610675
-0.175774023208288	-0.189731987505347	-0.246612298926447	0.0578243382788394	0.076506942099166	-0.0727148529495844
-0.190735897258658	-0.164145557870161	-0.274225771574037	0.0493514252677706	0.0848489096175166	-0.0658212818179089
-0.200997953624692	-0.134462288608971	-0.295129522340757	0.0396547002760576	0.0911288530574052	-0.0572999029144297
-0.206297969335496	-0.101316468437926	-0.308760727801659	0.0289285424044071	0.0951625428333201	-0.0473277229824737
-0.206507450184223	-0.0654404808125486	-0.314753212378447	0.0173992309146508	0.0968270284204814	-0.0361208561279461
-0.201635392019368	-0.0276532740037606	-0.312950672800361	0.0053225637537137	0.096066988597206	-0.0239315616456211
-0.191950879534718	0.0111172896958043	-0.303601554389876	-0.00700104126831129	0.0929525419805787	-0.0110657743110776
-0.177554446719644	0.0499893639826515	-0.286712821777221	-0.0192975334741151	0.087494081890744	0.0021983980056599
-0.158772221042533	0.0880330722983409	-0.262656012754226	-0.031272688409853	0.0798168467063435	0.0155485906004321
-0.136036593563939	0.124329113372662	-0.23199032756426	-0.0426343328126873	0.0701087198950529	0.0286650034436194
-0.109878554758296	0.157993191836765	-0.195452990241247	-0.0531000427682444	0.0586156221931814	0.0412280815954577
-0.0809873246820985	0.188256110710282	-0.154065786050286	-0.0624034377449396	0.0456637426326385	0.0529360668158021
-0.0499568200850672	0.214292959146549	-0.108691065852338	-0.0703064030030742	0.0315502830411364	0.0634817019444309
-0.0175017864401562	0.235433236972681	-0.0604078858929034	-0.0766086020451776	0.0166282225292293	0.0725934958303717
0.0156213495219461	0.251127217337879	-0.0103725251517906	-0.0811524221391713	0.00126983502883433	0.080034993304318
0.0486289654589126	0.260961850344908	0.0402081475716599	-0.0838272262057595	-0.0141428332087834	0.0856120861811771
0.0807548443802653	0.264791837871776	0.0901252176099923	-0.0845872836534925	-0.0292420629282582	0.0892141253056686
0.111174854140538	0.262342163708776	0.138133942386602	-0.0834005591270325	-0.043635475381802	0.0906986002687745
0.139116865549157	0.253604829691351	0.183045836867748	-0.0803008364552583	-0.056963669055746	0.0900107169697956
0.163859171795441	0.238736294740836	0.223744401906385	-0.0753720125258466	-0.0688966865583839	0.0871536443492276
0.184752847608374	0.218060296222297	0.259214471571034	-0.0687454760855675	-0.0791427661587892	0.0821895769435229
0.201353725113202	0.192174243014844	0.288722782158946	-0.0606185531303606	-0.087507690681894	0.0752785095538125
0.213063988076002	0.16156389947725	0.31131907533672	-0.0511721704681394	-0.0937247283809076	0.066538702428218
0.219512202504902	0.126944043945753	0.326360800692141	-0.0406341878428242	-0.0976310025247776	0.0561725795816837
0.220469439261291	0.08914167494852	0.333397396243557	-0.0292543930206774	-0.0991253076482009	0.0444254758413723
0.215862436387242	0.0490753008106264	0.33219051927361	-0.0172985631293908	-0.0981720300666706	0.0315799787952573
0.205909265787424	0.00776408868864618	0.322926241145773	-0.00505952382419408	-0.0948620876230381	0.017969724828267
0.190678762284661	-0.0338176039328459	0.305541466983236	0.00720637518010687	-0.089207949470135	0.00389987763674263
0.170510828426529	-0.0746660584155893	0.280378928643293	0.0192384084556157	-0.0813381767893822	-0.0102957028115982
0.145890559613766	-0.113803558018686	0.248002640983772	0.0307876451972914	-0.0714391627192608	-0.0242810616593872
0.117437375367945	-0.150301738762347	0.209190493437973	0.0416195451881316	-0.0597511178912002	-0.0377258765561044
0.0859602876564813	-0.183365294839044	0.165044560774415	0.0515139958605764	-0.0465936660458818	-0.0503237947743738
0.0521877341254611	-0.212134145922763	0.116526718477887	0.0602722901258119	-0.0322497484993073	-0.0617627385633315
0.0169826390314978	-0.235920073730621	0.0648488907898777	0.0677238182326625	-0.0170622882223777	-0.0717717178794481
-0.018751287610123	-0.254160088320422	0.0113187636153923	0.0737251931418195	-0.0013964404441663	-0.0801158478152374
-0.0540956240034451	-0.266429022465134	-0.0426973555038059	0.0781610340974374	0.0143683997970115	-0.0866015212805803
-0.0881722876992274	-0.272572782977658	-0.0958355081669616	0.0809586897385115	0.0298633676478275	-0.0911164069497417
-0.120076432593083	-0.272290335184892	-0.14670803080016	0.0820405963370029	0.0446846362973576	-0.093508981696439
-0.148993398163638	-0.265558114663571	-0.194010766895628	0.0813795001189349	0.0584566845262667	-0.0937141603978283
-0.174198292247241	-0.252516718274166	-0.236544738196206	0.0789845329718799	0.0708279260288181	-0.0917207883142321
-0.195076461108444	-0.233471880049356	-0.273250045993196	0.0749021934478299	0.0814808117570289	-0.0875727629618026
-0.211254718734452	-0.208998954689256	-0.303394274968768	0.0692364419142352	0.0901968963043051	-0.0814078180793346
-0.222218636783518	-0.179555483716446	-0.326047595052718	0.0620797745716185	0.0966757518756332	-0.0733206310214858
-0.227703085691667	-0.145831944844566	-0.340632069895688	0.0535776531770954	0.100728249506211	-0.0634919162846888
-0.227590853998896	-0.10863221720204	-0.346788669612263	0.0439087825430492	0.102232659305593	-0.0521479633575951
-0.221914275186074	-0.0688544008539304	-0.344387078851666	0.0332828095434596	0.10114067334968	-0.0395562910525175
-0.210988160814566	-0.0274945993510713	-0.333735860009601	0.0219489646182755	0.0975437374099854	-0.0260380272066302
-0.1949330108737	0.0144712770736016	-0.31486404483955	0.0101507380261939	0.0914551241107461	-0.0118970682356142
-0.174122251645683	0.0560333494151933	-0.288207345850023	-0.00184923370183241	0.0830199341793082	0.00252950386055872
-0.14904457002821	0.0961963086137777	-0.254403664594262	-0.0137823690025159	0.0724513176864029	0.0168965184174086
-0.120294042713595	0.134003479766925	-0.214280350864768	-0.025379538950888	0.0600245586567681	0.0308593438267996
-0.0886330164606797	0.168634611328259	-0.168966968904236	-0.0363797564119802	0.0461028825294434	0.0440967626389848
-0.0547157947081491	0.199169527273296	-0.119413482871844	-0.0465238571252368	0.0310078506911992	0.0562713098726019
-0.0193274732610607	0.224874789924247	-0.0668061620236702	-0.0555862910893867	0.0151245836305729	0.0670906016878111
0.0167043898440168	0.245146669695399	-0.0124125312276353	-0.0633715731059283	-0.00114282297155506	0.0762998154412973
0.0525261413927837	0.259525595463026	0.0424485559789817	-0.0697175716449371	-0.017382322914836	0.0836877550118781
0.0873087879293039	0.267838309233843	0.096464011753514	-0.0745126757979258	-0.0332008480433	0.0891293784124206
0.120159667012498	0.2697460623836	0.148279700496702	-0.0776429482893681	-0.0481819345218731	0.0924571876127895
0.150251861019462	0.265207331342708	0.196616061497094	-0.0790566158757625	-0.0619478252653958	0.093597378928146
0.176818198344545	0.254347830355198	0.240280426424878	-0.0787444125003091	-0.0741555641640694	0.0925326722317822
0.199174005367848	0.237456899480252	0.278197972685762	-0.076737442721087	-0.0845060485507936	0.089301786162489
0.216859774493323	0.215087413162609	0.309608246065895	-0.0731213528874347	-0.0928105009376082	0.0840359174924585
0.229243994993332	0.187665626966001	0.333511140446397	-0.0679722489677954	-0.098795782939688	0.0768212375742398
0.235949524023885	0.15584919989333	0.349257376768242	-0.0614148028480773	-0.102306806264573	0.0678287629676722
0.236754547832261	0.120405028502362	0.356410148177766	-0.0536015404807101	-0.103256217060698	0.0572721756291558
0.231603955836974	0.082191387709092	0.35476140884826	-0.0447096250265747	-0.101627498552724	0.0454031356512099
0.220753170368519	0.0421536919263312	0.344555199722559	-0.0349455067543305	-0.0975435242206988	0.0325208134328051
0.204288007026055	0.00124147617746084	0.325752082525515	-0.0245143639641501	-0.0910297064589152	0.0189123717408007
0.182589107627167	-0.0395653346658927	0.298751054134141	-0.0136348795778184	-0.0822412420667696	0.00489602940960123
0.15619014932506	-0.0792957906053612	0.264179751691299	-0.00253195383334728	-0.0713936245060595	-0.00920014231227806
0.125764582675514	-0.117011484309603	0.222883246076256	0.00856568740610942	-0.0587571906599897	-0.0230453427745732
0.0921822544452373	-0.151917811155634	0.176037316735209	0.0194363913223737	-0.0446869793366334	-0.0363319045307154
0.0562224673457916	-0.18307967574882	0.124657960824316	0.0298373965269021	-0.0294847641613292	-0.0487198087971362
0.0188055146431645	-0.209756504508456	0.0700216274054108	0.0395533812549378	-0.0135179405341972	-0.0599128932324053
-0.0191082877598529	-0.231330284978304	0.0135005969056659	0.0483852530225532	0.00282596504897806	-0.0696469257102122
-0.0565462673347174	-0.247318763072018	-0.043474792250486	0.056152205861114	0.019148073686103	-0.0776961211687382
-0.0925842880492407	-0.257526779259849	-0.0994843802732971	0.06271499138488	0.0350636569646965	-0.0839199005118578
-0.126265610900878	-0.261555760671918	-0.153070058181447	0.067901525730038	0.0501575567720611	-0.0881228941006172
-0.156736740769258	-0.25930848381069	-0.202868808113526	0.0715982602574484	0.0640468563741044	-0.0902068826131985
-0.183242081354837	-0.250847192179709	-0.247627743784973	0.0737260568787339	0.0763771448021504	-0.0901301850562318
-0.205144361780359	-0.236391511946372	-0.286238772334053	0.0742414404476975	0.0868327308996472	-0.0879078225066333
-0.222064923206327	-0.216423127752147	-0.317942705774539	0.0731574527174884	0.0952069538207758	-0.0836493091017437
-0.233466694979181	-0.191289238551753	-0.341752524300157	0.0704717086769075	0.10120250590179	-0.0774176567787393
-0.239085361824944	-0.161579599660522	-0.357067136337242	0.0662428204828708	0.104644200450907	-0.069365746195902
-0.238814483757748	-0.128002739351708	-0.363519724059417	0.0605674878615539	0.105428648028601	-0.0596918973401523
-0.2327054395285	-0.0913707700028464	-0.360986718909795	0.0535787724094972	0.10352932168025	-0.0486348521780756
-0.221106789209548	-0.0525901992252663	-0.349810185817541	0.0454474044887951	0.0990689622767863	-0.0364805645796679
-0.204154703771703	-0.0126020368042447	-0.330026052257299	0.036363203657958	0.0920749967535572	-0.0235101005041225
-0.182256955163959	0.0276098712263885	-0.30211095642225	0.0265400562752101	0.0827163406143918	-0.0100367067110803
-0.155941591444298	0.067055075556457	-0.266755000481353	0.0162086525062594	0.0712304940459263	0.00361415553376517
-0.125844804734704	0.10476276123805	-0.224844579138964	0.0056114506261045	0.0579166697775915	0.0171121955570037
-0.0927739802488182	0.139908600955141	-0.177575407067362	-0.00501949472293448	0.043166044400959	0.0301531005593418
-0.0574197524055619	0.171493614410471	-0.12594758950216	-0.0154088657452091	0.0273126448853474	0.0423875768435215
-0.0206067169618597	0.198723322473965	-0.0712050871770199	-0.0253154243813428	0.0107585849285297	0.0535131556996875
0.0168004004942678	0.220929694815493	-0.0146700217067317	-0.0345162611694753	-0.00607676923772304	0.0632587951944014
0.0539142681353531	0.237589036330492	0.0422888870946914	-0.0428111433638019	-0.0227680987881934	0.0713922860595984
0.0898811776731357	0.248488521078694	0.098321312791275	-0.0500548773852258	-0.0389102505516568	0.0777726804294363
0.123777696661497	0.253198395603356	0.152024680700006	-0.0560578348816672	-0.0540802766068202	0.0821945486550246
0.154758031812243	0.251619048738361	0.202083974796287	-0.06070367867328	-0.0678957660698971	0.0845575551877855
0.182042746690862	0.243826295410552	0.247276137267232	-0.063916763367947	-0.0800122425907874	0.0848212853789528
0.20494100852717	0.230066582681727	0.286500180462581	-0.0656616367035016	-0.0901322344693354	0.0830052727197489
0.223000783540871	0.210863900062168	0.318987449553278	-0.0659649309807557	-0.0980746027678049	0.0792288932451226
0.235580917954456	0.186593880546955	0.343696825615416	-0.0648270933926436	-0.103569388455676	0.0735590416568433
0.242312640178056	0.157883908315657	0.359964951231254	-0.0623120005588037	-0.106471592323328	0.0661566969973129
0.242988291116746	0.125474607611826	0.367350663294928	-0.0585153156485193	-0.106707050750584	0.0572268924694963
0.237570908976316	0.0901992447214444	0.365651235277799	-0.0535593023920581	-0.104274991832075	0.0470114958983291
0.22634301168673	0.052969857074065	0.35513783896502	-0.0475905778528331	-0.0993209687369751	0.0357933723505168
0.209399366447641	0.0147146273311919	0.335772873692157	-0.0407612075089647	-0.0918819971615037	0.02384374999127
0.187142198717713	-0.0236080674288043	0.307987699762073	-0.0332363125368158	-0.0821323766466287	0.0114596578005496
0.16012812086941	-0.061048259442395	0.272452977624993	-0.0251860941548539	-0.0703083524834954	-0.00105728663922856
0.129053298567976	-0.0966894419804173	0.230063650917923	-0.0167825918728212	-0.0567022865093069	-0.0134081010288555
0.0948100986319024	-0.12978127572747	0.182051601334252	-0.00817545470697143	-0.0416964249397349	-0.0253302472784007
0.0581927476286718	-0.159389071146656	0.129474905445902	0.00043379730348352	-0.0256092043385905	-0.0365117422115631
0.0201380558005235	-0.184791665787167	0.0736569356967185	0.00887750857399624	-0.00882952431740015	-0.0466914833514505
-0.0183793084738584	-0.205393971495648	0.0160107742835976	0.016998038677295	0.00823381234655243	-0.0556383426005998
-0.0563749807371249	-0.220741441316399	-0.0420015971606229	0.0246477784858868	0.025161490206231	-0.0631559079914659
-0.0929204709438262	-0.230695851976108	-0.0989457709577195	0.0317253576352122	0.0415481013558686	-0.0691379195081832
-0.127047251124949	-0.234860781659596	-0.153346252985924	0.038047992171012	0.0569646418901307	-0.0733914232821606
-0.157898611388953	-0.233170013472387	-0.203839629921506	0.0434920393244164	0.0710162930006967	-0.0758232564925847
-0.184719115606138	-0.225717970577693	-0.249181667774289	0.0479539466061984	0.0833408306412863	-0.0763890923116168
-0.20687421720597	-0.212753384231146	-0.288279042388194	0.0513515641565108	0.0936192555312203	-0.0750938344757153
-0.223996635172698	-0.194796085192938	-0.320402137404779	0.0536546465926011	0.101647484800948	-0.0720367603882328
-0.235542779818534	-0.172173642936085	-0.3445619215775	0.0547811878819042	0.107132756470015	-0.0672471233307387
-0.241253517927311	-0.145465086255511	-0.360170064524277	0.0547121710392277	0.109911756055628	-0.0608487276539073
-0.241028955600796	-0.115351979325182	-0.366869989488194	0.0534588715093197	0.109898254525786	-0.0530081897872292
-0.234927123285412	-0.0826004043994873	-0.364543755810468	0.0510623474243697	0.107087461146288	-0.0439303883959317
-0.223307768059544	-0.0480527081157591	-0.353543823791188	0.0475959097242593	0.101630427802641	-0.0338655297966484
-0.20630150003057	-0.0125570153223861	-0.333882599560102	0.0431460182163476	0.0935778762727591	-0.0230550392364107
-0.184319884349932	0.0229988046687217	-0.306028054540187	0.0378287781239018	0.0831273814045072	-0.0117748992258586
-0.157895752396061	0.0577287630007243	-0.270663402230516	0.0317799432975595	0.0705458176787239	-0.000312348357032054
-0.127670662739847	0.0907721968634534	-0.228671173324609	0.0251506477016667	0.0561611793157925	0.0110426045404607
-0.0944585429346362	0.121430951569281	-0.1812503681122	0.0180782309833493	0.0403946204313304	0.0220348063875695
-0.0589527590612397	0.148801612590056	-0.129399627799392	0.0107661939462947	0.0235998272245745	0.0323539550059289
-0.0219845111629162	0.172185838347159	-0.0743761464830846	0.00339185727684267	0.00619810244825665	0.041741037520039
0.0155741241927453	0.191001592618178	-0.0175229511934984	-0.0038732364281763	-0.0113757048125997	0.0499682574440761
0.0528284479138243	0.204800004578602	0.0397647731659131	-0.010867259990535	-0.0286844132644216	0.0568450604584783
0.0889217808125179	0.213453498266986	0.0961131624711164	-0.0174817051591313	-0.0453126355308768	0.0622776127079288
0.12292056080301	0.216552313341555	0.150084418964868	-0.0235233853516047	-0.0608338638132109	0.0660801883768737
0.153975178937484	0.214025263319976	0.200337403614343	-0.0288653954991219	-0.0748638100935345	0.0681711820454624
0.181305213019197	0.205964972795475	0.245630529654376	-0.0334064623542418	-0.0870582178417029	0.0685182699645168
0.204221572543115	0.192623848209126	0.284854363024845	-0.0370720051645468	-0.0971212592082868	0.067137566605954
0.222282078517692	0.174542445475893	0.317253005569137	-0.0398479824320691	-0.10487448561999	0.0641419108780909
0.234842166428931	0.152050409238022	0.341784636112981	-0.0416597532239288	-0.110050842291591	0.0595603590007769
0.241540246876702	0.12574482828586	0.357809393456864	-0.0424996142932438	-0.112510817846416	0.0535168016907655
0.242177995095285	0.0963285091045262	0.364919277893534	-0.04238675039963	-0.112187602972452	0.0461737350783951
0.236728633440669	0.0645883975797755	0.362950163186155	-0.0413637445251537	-0.109089721761865	0.0377277769192877
0.225489021686404	0.0313909398148041	0.352220069458321	-0.0395003359185427	-0.10337531074182	0.0284208620956185
0.208554219032846	-0.0024205150851619	0.332713466409573	-0.0368575839460534	-0.0950925544288081	0.0184734280210428
0.186333668531242	-0.0359646831314023	0.304890123409474	-0.0335211294740865	-0.0844313006650753	0.0081426584060346
0.159390658490064	-0.068375743695286	0.269441270609886	-0.0295850716150518	-0.0716457350526138	-0.00230416129215677
0.128426642220027	-0.0988281322366279	0.227272083721199	-0.0251479871671753	-0.0570481118363972	-0.0125973944659344
0.0943382181160478	-0.126672779735005	0.179614474737844	-0.0202863590942288	-0.0410434204705606	-0.0225012940323846
0.057917625478499	-0.151071483816363	0.12751048850496	-0.0151315256797385	-0.0239698957818629	-0.0317267933218324
0.0201007862790512	-0.171395188591336	0.0722648716041721	-0.00979122433143077	-0.0062375544523743	-0.0400325810098925
-0.0181401194938998	-0.187134813710449	0.0152677404091073	-0.00437038346229692	0.0117242702928072	-0.0472068497047124
-0.0558250548336194	-0.197914545735363	-0.0420438751987035	0.00102889097624587	0.0294768037738709	-0.0530737761346896
-0.0920346173131922	-0.203684200076687	-0.0982651145764758	0.00634922840788493	0.046595782060387	-0.0575564033469896
-0.125804818859329	-0.204088913625761	-0.151936530650803	0.0114304080465961	0.0626372101648688	-0.060479863804572
-0.156288192254567	-0.199106811891363	-0.201710610816136	0.0161601565037489	0.077194158555362	-0.0617747124980318
-0.182740232830451	-0.188869703556069	-0.24635436249302	0.0204321238069722	0.0898954752001934	-0.0614211688648728
-0.204538506746855	-0.173660398797551	-0.284781423767612	0.0241475259571393	0.100416320317236	-0.05944880211906
-0.221333221685256	-0.154053935765932	-0.316273309058335	0.0272550823337046	0.108549336243601	-0.0559892335805585
-0.232585762773003	-0.130384146545573	-0.339831922215602	0.0296204495337018	0.11400151688559	-0.051080748793803
-0.238048559620576	-0.103256641438624	-0.354870397102288	0.0311704953641446	0.116613339708055	-0.0448590834714769
-0.237633093317966	-0.0733799292776582	-0.361037103445474	0.0318558313555278	0.11630535863888	-0.037496582304721
-0.231407573021154	-0.0415450728746363	-0.358223381470169	0.0316536064198796	0.113081930904239	-0.0291965760516907
-0.219743810427686	-0.00863022998610168	-0.346800694531509	0.0305821299153024	0.107104744543084	-0.0202072894797118
-0.202770684472612	0.0245328722298025	-0.326789909015635	0.0286535863124669	0.0984366113108489	-0.010740922230105
-0.180901997040843	0.0570682160214108	-0.298680151293433	0.0259296454982742	0.0872890266609112	-0.00104479428688964
-0.154670812221841	0.0881190483904004	-0.263178508295642	0.0225020065940215	0.0739439133400342	0.00862905486366669
-0.124716554078908	0.116874055548147	-0.221190916052291	0.0184882751244986	0.0587451172069536	0.0180310011042095
-0.0918495440797905	0.142700403332085	-0.173936491733968	0.0140080766650186	0.0421298039779023	0.0269466041540205
-0.0567536474866529	0.164795109044246	-0.122424255310862	0.0092374596106539	0.0244689199960558	0.0351166307893227
-0.0202516635096816	0.182563946893426	-0.0679172537670907	0.00434599495234314	0.00620063359306029	0.0423264210140776
0.0167934862992088	0.195538491567202	-0.0117555751925745	-0.000496083227894946	-0.0122234829096134	0.0483892600625137
0.0534967963440687	0.203389430078565	0.0446780312963639	-0.00512569651220955	-0.0303499193855121	0.0531517687752609
0.0890138838028571	0.206119532051644	0.100035023473822	-0.00943379652001647	-0.0477478435578489	0.0565558768895913
0.122418620528887	0.20343114177261	0.152901603652861	-0.0132341346025457	-0.063975722959925	0.0584431630792182
0.152871204006879	0.195360188355311	0.20196805852349	-0.0164055981897221	-0.0786374821599804	0.0587551610871381
0.179601413273623	0.182097322350434	0.246025893091602	-0.0188570578378906	-0.0913796749617286	0.057479429634497
0.201930822568142	0.163984330603301	0.283997776014192	-0.0205296026532824	-0.101899884384313	0.05465030779458
0.219432302623263	0.141660558887767	0.315162623013057	-0.0214376847510533	-0.11001485297447	0.0504052457798988
0.231466966205649	0.115507353852251	0.33849408211946	-0.0215257374283061	-0.115455886610588	0.0447828386514165
0.237684706192333	0.0861772146633516	0.353370230338243	-0.0208141339657909	-0.118084933289206	0.0379209355023279
0.237899604600415	0.0544193655968562	0.35939739543398	-0.0193537398447602	-0.11783866830413	0.0299951927136662
0.23209759103347	0.0210589525111133	0.356423251507632	-0.0172221050172846	-0.114730229591639	0.0212142051896458
0.220590921541359	-0.0129888489903715	0.344781391761547	-0.0145388292994649	-0.108921049462453	0.0118379497505527
0.203480373897703	-0.0468847652600397	0.324459772363435	-0.0113877232703567	-0.100465666279592	0.00208284323707014
0.181184321917214	-0.0797426964107313	0.295931628092566	-0.00789190990724642	-0.0895593834018502	-0.00779425679150214
0.154273312764398	-0.110701040808762	0.259905860817863	-0.00418405458185143	-0.0764614755478112	-0.0175306224209782
0.123453629434057	-0.138948011721108	0.217308938178867	-0.000400206626514673	-0.0614887736561358	-0.026865491329688
0.0896244927314998	-0.163846049525316	0.169397368623661	0.00333760742036231	-0.0450484997111618	-0.0355700080514715
0.0535747239280363	-0.184612231688755	0.117233523297673	0.0068912025613195	-0.0274854799909133	-0.0433811054114266
0.0162354475264993	-0.200669223751862	0.0621435646584028	0.0101407184144934	-0.00921477794035582	-0.0500787384655539
-0.0214289179467413	-0.211571874897556	0.00553441963345479	0.0129819180370509	0.00932861585918956	-0.0554738844707504
-0.0584490242972657	-0.217021989024176	-0.0511476165602849	0.0153299179584208	0.0276993272535849	-0.0594146586207103
-0.0939204186012101	-0.217059177142827	-0.106501041749148	0.0171574758333377	0.0454664722583982	-0.0618472055747213
-0.126893155843039	-0.211441383064128	-0.159074881056624	0.0183727723615882	0.0621749635276685	-0.0626264509578961
-0.156537283217085	-0.2002647818911	-0.207543171345015	0.0189399089341532	0.0774078799852791	-0.0617091991200955
-0.182127523816331	-0.183787882587581	-0.250704831410903	0.0188442336616677	0.0907834641735366	-0.059102495261547
-0.203061857877136	-0.162425819254734	-0.287514167444117	0.0180909813230107	0.101965701815137	-0.0548643138182597
-0.219013946736419	-0.136894873683403	-0.317304682448254	0.0167438786487257	0.110735292131862	-0.0491601664237721
-0.229462381313038	-0.107651159428798	-0.339121863873737	0.0147823541427875	0.116787243527851	-0.042059570661798
-0.234179328579238	-0.0754166581119298	-0.352428644888572	0.0122439084816026	0.119951716532648	-0.0337329374165194
-0.233095099869667	-0.0410026302768824	-0.356921763518986	0.0091824964767899	0.120140052982831	-0.0243899617792366
-0.226295149760075	-0.00528726040693176	-0.352537277180505	0.00566842700134572	0.117348456861665	-0.0142741357113052
-0.214168206942469	0.0307672519344032	-0.339690133716788	0.00181196870849502	0.111729618179761	-0.00368264039765646
-0.196852453588734	0.0662926089680009	-0.318427906786413	-0.00232178821165896	0.103342218036152	0.00713671221613396
-0.174770924463929	0.100381084613895	-0.289265544111373	-0.00662287087702355	0.0923943350495295	0.0178969170465889
-0.148463202565764	0.132158292172108	-0.252930306493424	-0.0109651577973455	0.0791659130243646	0.02830876640834
-0.11857227575237	0.160807149496316	-0.210342931362747	-0.0152099413378897	0.0639999098344839	0.0380896087543467
-0.0859094381551814	0.185683764983032	-0.162733613860586	-0.0192146398461372	0.0473306955632017	0.046990609787782
-0.0511546105424944	0.206021553755636	-0.111114096978872	-0.0228296244916543	0.0295332764256835	0.0547435321153318
-0.015124670116828	0.221257206184735	-0.0567487699396426	-0.0259082864994466	0.0110481307581714	0.0611269107906097
0.0213263782098639	0.230963281288543	-0.000975482138049237	-0.0283152743739361	-0.00767034246917541	0.065957704394168
0.0573254991093546	0.234862421825475	0.054829236734577	-0.0299345391865755	-0.0261652758554685	0.0690975170087041
0.0920438027641785	0.23300734253518	0.109328747731315	-0.030703862619748	-0.044004230165917	0.0705097199765656
0.124572549717134	0.225198045834198	0.161123967227341	-0.0305275423824806	-0.0607370039051755	0.0700825266960951
0.154092207159277	0.211564642339149	0.208925713449045	-0.0293689101095953	-0.0759609291309142	0.0678075483412501
0.179854967285408	0.192402727825962	0.251551537375574	-0.0272283151520618	-0.0893149073578352	0.063731210734644
0.201206394382717	0.168168671647404	0.287955630434014	-0.0241438665060025	-0.100487473876568	0.0579542132896198
0.217744988051683	0.139617466017903	0.317455371617728	-0.0202266766646954	-0.109285691475903	0.0506849100251481
0.22885559729906	0.107270887243884	0.339062228956123	-0.0155317762324325	-0.115426586273022	0.0420405612132155
0.234212008847665	0.0719140709144665	0.352196531916883	-0.0101801935881502	-0.11875907645122	0.0322339418260277
0.233650607560701	0.0344275470239887	0.35650791972878	-0.00431856517202427	-0.119206428151391	0.0215124073950947
0.227177190153504	-0.00423655637583737	0.351886764516589	0.00188610138239503	-0.116768219801906	0.0101507046670023
0.21512129799443	-0.0430392457791335	0.338708853144679	0.00822569329307334	-0.111591308330242	-0.00152950411957863
0.197595689340169	-0.0810391927093008	0.316996379632676	0.0145513859902297	-0.103718450088574	-0.0132666926394606
0.17502765422889	-0.117264819406335	0.287254247155883	0.0206818691558393	-0.0933345006148629	-0.0247696547337441
0.147992585616006	-0.150791530148567	0.250217935144654	0.026438131969217	-0.0806900360166735	-0.0357542580134555
0.117197489083805	-0.18076979338941	0.206835127559618	0.0316496494829119	-0.0660948443989533	-0.0459508370981117
0.0835385972153994	-0.206534674145887	0.158379308249767	0.0361567762387901	-0.0499476454135855	-0.0551263860810645
0.0477970870769166	-0.227340315937004	0.105921927254872	0.0398306933132902	-0.0325928438651414	-0.0630387910168349
0.0108938034717158	-0.242655778950541	0.0507953639016486	0.0425568253814768	-0.0144438651964492	-0.0694905965013917
-0.0262198611286573	-0.2521003480102	-0.00559128091458721	0.0442454326142669	0.00406497800892636	-0.0743203148097451
-0.0625899064909814	-0.255450783906584	-0.0617935601823458	0.0448345389929449	0.0224882946965124	-0.0774059907119975
-0.0973289399072686	-0.252802680427877	-0.116415742161898	0.0443118762249771	0.0403978828499875	-0.0787166402049163
-0.129506037993143	-0.244017258585829	-0.168018280947921	0.0426487270913074	0.0573327080517928	-0.0781469742246811
-0.15831082009469	-0.229260459004498	-0.215290867804942	0.039861806631814	0.0728729273682242	-0.0756826555999985
-0.183038015327982	-0.208845017324624	-0.257053574812067	0.0359967019662455	0.0866332511136594	-0.0713563875330118
-0.203105646082139	-0.183224751172628	-0.292287920370738	0.031127819442797	0.0982731982978652	-0.0652492273978513
-0.218206705806295	-0.153125798814427	-0.32036079552292	0.025388682090243	0.107569818807277	-0.0575433180479039
-0.227839244249884	-0.119050883551419	-0.34035796417335	0.0188644581218287	0.114207304513728	-0.0483378956628629
-0.2317932697686	-0.0817492633926303	-0.351787682330949	0.0116943873210378	0.118006605965759	-0.0378264145473579
-0.230015259395689	-0.0420668797596921	-0.354396380661974	0.00404058043376168	0.118868580155613	-0.0262425198484391
-0.222604731166488	-0.000931013616195842	-0.348172626823789	-0.00391456591370168	0.116777569940364	-0.0138556323648675
-0.209961340179438	0.0406318577151733	-0.333583694809093	-0.0119476581358977	0.111873200616237	-0.00099097244889954
-0.192232959716065	0.0816565477935129	-0.310730741004858	-0.0198847913475947	0.104199124660584	0.0120703761525088
-0.169848646871074	0.12112986043455	-0.280177078138804	-0.0275197711303856	0.0939492424125819	0.025008747290334
-0.143350850370734	0.158060399268918	-0.24269206680527	-0.0346458674518961	0.0813896446447971	0.0375013240630846
-0.113382306209206	0.191508396335305	-0.199230330241404	-0.0410629434064411	0.0668500943610534	0.049231356319425
-0.0807506174792517	0.220697621953115	-0.151044620361654	-0.0465787008039346	0.0507508918959603	0.0599118035518068
-0.0461307186072365	0.244761082068557	-0.0991625586732041	-0.0510396771111426	0.0334585424968098	0.0692465876895324
-0.0103318862497429	0.263043006046121	-0.0448515548726536	-0.0543092970046863	0.0154056856875865	0.0769852080149697
0.0258011073382678	0.275042503275852	0.0105585030460392	-0.0562828249957239	-0.00295903710153335	0.0829181716049528
0.0614056126327923	0.280429065505165	0.0657092265637309	-0.0568923248094452	-0.0211825487489736	0.0868836423513087
0.0956635945570252	0.279201557333312	0.11929156610196	-0.0561229874213005	-0.0388376268993842	0.088817520741376
0.127678127625113	0.271174657170692	0.169939772601478	-0.0539721812897591	-0.055470213592895	0.0886026817946413
0.156641256064727	0.256490837547715	0.216403569498775	-0.0504865496114064	-0.0706759153383788	0.0862223691266485
0.181816615294438	0.235472357657241	0.257542615308619	-0.0457509151697892	-0.0840913852682727	0.0817192334316366
0.20256100022201	0.208614075669093	0.292354640019446	-0.0398857106968006	-0.0954027267368513	0.0751951807542794
0.218482598008888	0.176696596848437	0.320198810845795	-0.0330662757913047	-0.104417705636698	0.0668571896047855
0.228978869215151	0.140332681514562	0.34013096202132	-0.0254380395713495	-0.110846230716402	0.0568470573475842
0.233734385872595	0.100381167156992	0.351611286908551	-0.0171874141156672	-0.114533972271136	0.0453988472348507
0.232595733083082	0.0578019952601275	0.354325867623326	-0.00851445363815019	-0.115401109945505	0.0327867655844049
0.225578201101969	0.0136323379680277	0.348197741237099	0.000372916510239969	-0.113443895134238	0.0193181588016874
0.213018131649744	-0.0310130601997853	0.333627856358173	0.00924463813617511	-0.108806836744439	0.00534793342403181
0.195038762283422	-0.0750710814085381	0.310668573163741	0.0179233954186599	-0.101524740738943	-0.00881025683030758
0.172074622652161	-0.117462931949011	0.279846998909774	0.0262187950276002	-0.0917759564584868	-0.0228158013840321
0.144706992585648	-0.157152623392449	0.241916512873324	0.0339514886410045	-0.0798035347756825	-0.036332569661991
0.113647401026749	-0.193174632691036	0.197838295526779	0.0409564009272231	-0.0659085632471626	-0.0490374651139204
0.0797939282659772	-0.224743062278957	0.148890692488443	0.0470801070871189	-0.0504792897151083	-0.0606435637026719
0.0439318203769404	-0.250986911155338	0.0961555053692641	0.0522031422059712	-0.0338494293523402	-0.0708566068692643
0.00698311686574087	-0.271258051651152	0.0409658617333045	0.0562185865288158	-0.0164211843337297	-0.0794321475527852
-0.0301009265879534	-0.285066254081459	-0.0152738653517784	0.0590410498905909	0.00138284008470126	-0.0861673882298388
-0.0663677626378773	-0.292090513040022	-0.0711294167589578	0.0606084653249539	0.0191294305600702	-0.0909056920154917
-0.100932799884765	-0.292327694005704	-0.125222655153514	0.0608943072977447	0.036405453017538	-0.0935824973668728
-0.132869080743795	-0.285601077875649	-0.176130569814013	0.0598737812663109	0.0527595534254963	-0.0940805713828695
-0.161371753364606	-0.272053055345507	-0.222565988326937	0.0575571870090708	0.0677837119575661	-0.0923761011798612
-0.185742466322983	-0.25200143651906	-0.263375180135589	0.0539822342169878	0.0811043470618407	-0.0884991234412095
-0.205407448595199	-0.225932039681239	-0.297567658366612	0.0492146481801952	0.0923923351376855	-0.0825337319037071
-0.220067510269196	-0.194600317477921	-0.324537502293664	0.0433653708613358	0.101438483350506	-0.0746608214496159
-0.229232953221684	-0.158617295306908	-0.343399495598412	0.0365301115338371	0.107931935685767	-0.0650036194199595
-0.232704918036452	-0.118827040265474	-0.353687694721672	0.0288459418726212	0.11170019886777	-0.0537734107724523
-0.230440973793807	-0.0761727531058296	-0.355171121008574	0.0204727888224858	0.112648727099493	-0.0412235497771976
-0.222551316755303	-0.0316741052157141	-0.347857058774698	0.0115906738770421	0.11076410606085	-0.0276446895718961
-0.209443001048004	0.0135823600349922	-0.332223341723011	0.00240794885321382	0.10618789392879	-0.0133766644934788
-0.191276684820091	0.0585288102624376	-0.308387698578514	-0.00688408062528955	0.098956810040767	0.00126295128249419
-0.168490181364583	0.102088406976616	-0.276922305176136	-0.0160747924488656	0.089258037002364	0.0159261392769789
-0.141633257389898	0.143218713613049	-0.238602634629518	-0.0249511258244442	0.0773485180065159	0.0302610883247014
-0.111354554933756	0.180936772849231	-0.194387786168224	-0.0333030597809581	0.0635465267165525	0.0439214356176251
-0.0784637833982949	0.214434449369223	-0.145529558479803	-0.0409299314280904	0.0482593749771363	0.0565944303274024
-0.0436430214298018	0.242784174049905	-0.09306779423894	-0.0476454070510037	0.0318364301816905	0.0679464317460894
-0.00770457658970602	0.265280152187062	-0.0382775710262157	-0.0532844672520812	0.0146931996486363	0.0776965627584711
0.0285051663742484	0.281366032498959	0.0175023951833808	-0.0577088689960785	-0.00273986636837524	0.0856067661842157
0.0641233602658887	0.290649754231583	0.072903832711925	-0.0608120225898999	-0.0200287474762356	0.0914884433271996
0.0983341730121249	0.293056908097369	0.126611066969325	-0.0625333504487748	-0.0367669066795923	0.0952511260689735
0.130241705334851	0.288342433781405	0.177242814034982	-0.0628245826465922	-0.0525190137356871	0.096754348625563
0.159041800772915	0.276594838864138	0.223540321285323	-0.0616873426054941	-0.0668991500718085	0.0959598744281986
0.184003431780148	0.258094422439099	0.264359125587491	-0.0591623032903792	-0.0795612620333377	0.0928896821444976
0.204490137506359	0.23330866561533	0.298698578226153	-0.055326996701441	-0.0902071669545766	0.0876248819993293
0.220116747513434	0.202986910804518	0.325926450046586	-0.0503045969294185	-0.0986605711889171	0.0803442601947233
0.230291354536141	0.167772099352154	0.345113307565617	-0.044215513870574	-0.104639904243969	0.0711760114784998
0.234708510946123	0.128551801024361	0.355741861657284	-0.0372154054882529	-0.107998574502875	0.0603347937915337
0.233224946657169	0.0863254572285908	0.357526740907065	-0.029477099667001	-0.108661783916132	0.0480760712035902
0.225865886884368	0.0421748435267483	0.350423755784627	-0.02118502907675	-0.106628181015477	0.0346903694538098
0.212973941582004	-0.00276554806377945	0.33486484023626	-0.0125354040066767	-0.10204454464605	0.0205096348081552
0.194685418816938	-0.0473602355092844	0.310941672843884	-0.00371258992039078	-0.0949398743405545	0.00585404657775182
0.171443384079973	-0.0904939118485562	0.279213588654932	0.00509673131328294	-0.0854873073588003	-0.00893221482015728
0.143836021268519	-0.131109213453576	0.240460638727432	0.0137117114849445	-0.0739230001776465	-0.0235014151712849
0.112579956676303	-0.168235631750619	0.195663658072784	0.0219596644783637	-0.0605395782740764	-0.0375102071953227
0.078573141002729	-0.201117066724665	0.146107502929263	0.0296850000168714	-0.0457169070400847	-0.0506521224387769
0.0426071226764055	-0.228875633186189	0.0928867923040567	0.0367268966287549	-0.0297747176933062	-0.0625824920499437
0.00560455360776929	-0.250889064518919	0.0373343948244088	0.0429473860073341	-0.0131024387076384	-0.0730121937759465
-0.0314847957999064	-0.266698155212898	-0.019151299356275	0.0482256304144761	0.00389087345766088	-0.0816914905610549
-0.0677117734654262	-0.276011287850203	-0.0751459049482296	0.052459636366803	0.0207862989348029	-0.0884167828919018
-0.102198502002365	-0.278852686293283	-0.129287266845708	0.0555836347716464	0.0371853581437009	-0.0930829699658075
-0.134021595658262	-0.275040137452758	-0.18015813660107	0.0575146894555434	0.0526531001133112	-0.0955239997039587
-0.162382754782716	-0.264705186063191	-0.226481790123736	0.0582118955497566	0.0667968014476394	-0.0956794596129185
-0.186590816691566	-0.248136495411643	-0.267114187820205	0.0576609893694522	0.0792579177585482	-0.0935492851560072
-0.206079402922685	-0.225771291929965	-0.301073510960862	0.0558749580080899	0.0897221047440143	-0.0891933556646614
-0.220555593949073	-0.198288226059374	-0.327762150103077	0.0529067815010852	0.097995581105485	-0.0827699783133315
-0.229537511257976	-0.166227532590441	-0.346300850924525	0.0488035382835384	0.103780701888734	-0.0743898514468349
-0.23283251234172	-0.130347009057858	-0.356231105183629	0.0436523380432262	0.106917784243409	-0.0642530682700801
-0.230403385942438	-0.091499153823506	-0.35733012461678	0.0375650844521864	0.107324108775914	-0.0526036592569967
-0.222364476524903	-0.0506127472412382	-0.349614273634127	0.0306762603423291	0.104996920184036	-0.0397239077804605
-0.209122929332125	-0.00866601470678037	-0.333567897204393	0.0231391802647114	0.100088668978569	-0.0259367471927983
-0.190845925316195	0.0333241798594773	-0.309323651132159	0.0151250807336289	0.092641149244765	-0.0115656479094378
-0.167973681752419	0.0743433996027865	-0.277465122984298	0.00681621131213578	0.0828460311643927	0.00304275106159677
-0.14105740753695	0.113402702793195	-0.238778246594195	-0.00159750248674124	0.0709622296865629	0.0175359484268012
-0.110746355996455	0.149564110705557	-0.194231048105258	-0.00992280158819796	0.0573072133411769	0.0315640451754763
-0.077846748929969	0.182078989045669	-0.145076785751341	-0.0179836718471031	0.0422864000482243	0.0448172923683774
-0.0430450814503481	0.210016525565479	-0.0923683342948581	-0.0255704761859787	0.0262397247101846	0.0569357535398026
-0.00715362401325508	0.232686939899515	-0.0373851795039126	-0.0325038658581551	0.0095730672038627	0.0676198308069823
0.0289821821732784	0.249545520884338	0.0185321371016255	-0.038622513734513	-0.00729476123432383	0.0766099129502709
0.0645013681661262	0.260206398741005	0.0740156422057531	-0.0437872654091442	-0.0239430407362382	0.0836935445648897
0.0985929434369275	0.264608623978327	0.127756205844904	-0.0479066199830109	-0.0399784333202805	0.088761539069483
0.130361643859674	0.262472327261596	0.17836790127603	-0.0508622818207018	-0.0549833564308395	0.0916366432407009
0.159007291828952	0.253858651762088	0.224593717331484	-0.0525932745464158	-0.0685876554860175	0.0922536382368792
0.183803929111972	0.239007633438632	0.265291640303848	-0.0530733905172229	-0.0804606438060347	0.0906101732239025
0.204121129090283	0.218330815788019	0.299463939936923	-0.052311056447124	-0.0903189491715657	0.086766153901038
0.219580264735566	0.192506588698434	0.326483032585291	-0.050362057348078	-0.0979999605345332	0.0808839825690379
0.229596878625279	0.16208058374877	0.345421124577366	-0.047276510904425	-0.103236527276236	0.0730737242520458
0.233872895728396	0.127834460462431	0.355765781237132	-0.0431495587238589	-0.105894171497361	0.0635386464489839
0.232272089618439	0.0906507932580498	0.357238405394156	-0.0381015819773714	-0.10590879151722	0.0525257397220342
0.224825999380039	0.0514880446926289	0.349803948604382	-0.032273562846645	-0.103288293586985	0.0403186840722082
0.211880326043897	0.0113472218823498	0.333902893257496	-0.0258179752258614	-0.0981879010825116	0.0272392795072758
0.193578294837695	-0.028741355402654	0.309645929908078	-0.018906607463436	-0.0906421909956934	0.0136045736393254
0.170365874640401	-0.0677617749915655	0.277610440351048	-0.0117126936949393	-0.0808285707109617	-0.000248578451473343
0.14283220974012	-0.104737319850088	0.238595869194735	-0.00440974905186573	-0.0689858373533865	-0.0139819917267831
0.111692976655907	-0.138756375672726	0.19360262096711	0.00283248994822045	-0.0554077716718946	-0.0272643874914793
0.0778406154899093	-0.169117286901651	0.143927394555967	0.0098738791267414	-0.0404756498011812	-0.0398108759487747
0.0420666322550474	-0.194932766942568	0.0906896778967928	0.0165294051647243	-0.0245057733662113	-0.0512821457211193
0.00528911038579719	-0.215575657782692	0.0352354846840409	0.022652854881677	-0.00788513639829859	-0.0614024671143758
-0.0315481148854181	-0.230574420824095	-0.0210301645604363	0.0281157640964337	0.00898002933543434	-0.0699350466070986
-0.0675029844384424	-0.239624316131618	-0.0766836638677225	0.0328089673914501	0.0256738661149168	-0.0766874918776891
-0.101707885493164	-0.242760569213488	-0.130377264221974	0.0366721441984514	0.0417993623853863	-0.0815713371580747
-0.133244917611611	-0.239771957903031	-0.180700256467399	0.039594529096561	0.0569277827250817	-0.0844125886723086
-0.161324413890891	-0.23079619258927	-0.226395346004683	0.0415214457965731	0.0706703254516639	-0.0851492404510805
-0.185264488424093	-0.216139213081709	-0.266343019268337	0.042424350991789	0.0826724385657209	-0.0837768916852892
-0.204508427365953	-0.196260996297276	-0.299589243489959	0.0423009285983313	0.0926241934657584	-0.0803485170449136
-0.218773774861917	-0.171874190754032	-0.325567597373183	0.0411921278079382	0.100335644217357	-0.0750195147744375
-0.227586615040178	-0.143506001436429	-0.343424011063211	0.0391185587234977	0.105517872841458	-0.067879150472444
-0.230762073369753	-0.111902520229245	-0.352725637568063	0.0361465812880825	0.108018933433215	-0.0591130831858774
-0.228269125960042	-0.0778824124437911	-0.353272463757804	0.0323666482949905	0.107764931765267	-0.0489500422282126
-0.220226228475952	-0.0423141178338056	-0.345100170162434	0.0278905789401655	0.104763174556106	-0.037655365619892
-0.207041302751221	-0.00609080476897557	-0.328706003829102	0.0228436117821031	0.0991766808847053	-0.0255342186636704
-0.188881824978683	0.0298919554979997	-0.30423841508288	0.0173738345767825	0.091061029968396	-0.0128830773685276
-0.16618468091453	0.0647558512098944	-0.272290426579363	0.0116351640943353	0.080621014934526	-2.0875619497526e-05
-0.13949532122497	0.0976625013342333	-0.233653687354718	0.00578535494064897	0.0681287414625495	0.0127317501238786
-0.109455337951015	0.127832315662272	-0.18929815270651	-1.91716851769677e-05	0.0539145348744163	0.0250609307901533
-0.0768599119066251	0.154685250114244	-0.14046900071904	-0.00565295780584506	0.0383960745557125	0.0367000548673001
-0.0423893104144711	0.177431732372043	-0.0882216236305145	-0.0109409352747276	0.0219241111448839	0.0473258650467612
-0.00684737841370199	0.195521129717999	-0.0338271991447823	-0.0157502093927505	0.004913846461716	0.0566785271193183
0.0289283914499846	0.208531832751629	0.0213871615414144	-0.0199685533144112	-0.0122084709837644	0.0645357049089384
0.0640842042495411	0.216180561190175	0.0760720575339553	-0.0235068295515722	-0.0290167943119061	0.0707172581109259
0.0978178442061584	0.218503735538349	0.128947900180266	-0.0263323416673517	-0.0451133724107059	0.0751469585287769
0.129235986621622	0.215245174348857	0.17864690888172	-0.028357161972268	-0.0600817769452386	0.0776522609671258
0.157542524879109	0.2064844450871	0.223939452547381	-0.0295553639746422	-0.0735533380168899	0.0781716752071399
0.182015660083486	0.192455081013994	0.263712604562979	-0.0299284325110196	-0.0852005958776202	0.0766976553042478
0.202029628113532	0.173538837021228	0.296997931577234	-0.029503604420822	-0.0947450433193112	0.0732769252340817
0.217212846754833	0.150384497009588	0.32319912382345	-0.0283532831086485	-0.102028167302565	0.0680607642310083
0.226984870914983	0.123439152993109	0.341408388681846	-0.0265136894382732	-0.106794162842773	0.0611225918678959
0.231054063242368	0.0933984160116225	0.351132658319992	-0.0240652973699807	-0.108917969424238	0.0526372668412231
0.22929123687068	0.061052448350735	0.352107822112247	-0.0211042096657501	-0.108345552924119	0.0428245697783499
0.221735172703874	0.0272631037383646	0.344308032869953	-0.0177375170356086	-0.105095535857195	0.0319436744206186
0.208738390135516	-0.00705618738594602	0.32817717502467	-0.0140775605862491	-0.0993320958041318	0.0203003984494389
0.190450226042172	-0.041000631216798	0.303825571025719	-0.0102371736599082	-0.0911057120936424	0.00818585306472291
0.167321202564259	-0.0736697908581627	0.2718256226358	-0.00632825616380067	-0.0806070385383306	-0.00407929209822033
0.139943064867439	-0.104208998327192	0.23296856359479	-0.00245585158567553	-0.0680881762234341	-0.0161708245136217
0.109031820956512	-0.131836275507079	0.188244478119963	0.00128546588867091	-0.0538561534410516	-0.0277710944158079
0.0754761917917215	-0.155986703638889	0.138935165705382	0.0048376205966877	-0.0383038636711207	-0.0386106535700092
0.0400654845817742	-0.175913557073167	0.0861539485698937	0.00809989363855686	-0.0217624086889104	-0.0483689718328015
0.00371172144675868	-0.19112464145598	0.0312377595876568	0.0110101557864689	-0.0046309645722366	-0.0567918154338324
-0.0326494430199205	-0.201271854783937	-0.0244166670467276	0.0135213571745932	0.0126734491140777	-0.0636677573028653
-0.0680859813747597	-0.20615452412525	-0.0793933915596362	0.0155999735184738	0.0297259518646638	-0.0688334042409473
-0.101744022564068	-0.205898801615348	-0.132357406468517	0.0172570418443741	0.0461220395960084	-0.0722370965648828
-0.132715279075968	-0.200322470450591	-0.181898918615954	0.0184297149135921	0.0614290783439297	-0.0737307439689037
-0.16022264871635	-0.189570966811992	-0.226768586825144	0.019100245841462	0.0752560667171601	-0.0732820444261607
-0.183597428473195	-0.173928202166346	-0.265858011313119	0.0192600023296694	0.087248541892033	-0.070913834979514
-0.20229647589477	-0.153808807009236	-0.298228360667185	0.01890879565174	0.0970988737780046	-0.066702383699389
-0.216052612536512	-0.129885236453044	-0.323337354056217	0.0180792925672848	0.104619000566808	-0.0608288760027119
-0.224403188619743	-0.102590637935183	-0.340348485935108	0.0167504032855451	0.109529773637572	-0.0533840190021886
-0.227175592838079	-0.0725990295663828	-0.348854406124692	0.0149423801119016	0.111687412020707	-0.0445573637166017
-0.224350234950317	-0.0406667586569949	-0.348682755046971	0.012690656896539	0.111026948593456	-0.0345767827291053
-0.216055830018878	-0.0076134942389054	-0.339897126793145	0.0100466218303975	0.107565167803688	-0.0237028243813142
-0.202709234094673	0.025684988367036	-0.323022201650033	0.0070807179198497	0.101471783944382	-0.0122395111947917
-0.184484297760532	0.0583824287763005	-0.298225947487852	0.00386807083526588	0.092817479383755	-0.000463229009860886
-0.161822140966795	0.0896242654329637	-0.266116253127678	0.000504850535390957	0.0818184414358691	0.011319901393627
-0.13526976023647	0.11859345472504	-0.227492139539664	-0.00290116595395735	0.068757921315113	0.0228019681922719
-0.105467392142414	0.144534699686151	-0.183322853217618	-0.00623528968623732	0.0539771403047204	0.033682043757208
-0.073204891188877	0.166891830392239	-0.134843394978179	-0.00940000338317229	0.0379019149176264	0.0437046675653704
-0.0391565767333817	0.184931816856343	-0.0830959021072023	-0.0122577855869908	0.0208972129019971	0.0525679351228317
-0.00411664475090926	0.198161708144352	-0.0293312748943275	-0.0146990780103029	0.00338890594968002	0.0600319254462942
0.0310896046577716	0.206230145046348	0.0251472922213091	-0.0166304897409148	-0.0141870835160174	0.065898463376626
0.0656227465301012	0.208936965132264	0.0790160165092313	-0.017979397694759	-0.0313962578051814	0.070017374750392
0.0986980037411588	0.206416602546303	0.131023769045167	-0.0187268054957088	-0.0478346839436889	0.0723509217477292
0.129437375452136	0.198516235247608	0.179822656339647	-0.0188058190432529	-0.0630792302726919	0.0727688246457404
0.157061859080617	0.185422042682366	0.22420356051359	-0.0182089950622484	-0.0767572865290619	0.0712585246069513
0.1808667590113	0.167473940867153	0.263071629294701	-0.016956715973453	-0.0885394288057225	0.0678657260703034
0.200242904717623	0.145155036285419	0.295474322727367	-0.015094888222553	-0.0981472051375398	0.0626923576426803
0.214835263046373	0.119216316107591	0.32083208728634	-0.0127166470034792	-0.105422914123523	0.0559486037648796
0.224076210704049	0.0901638092008504	0.338246851548746	-0.00986916366544844	-0.110116313315517	0.0477505910912753
0.227685849322216	0.0587362771123009	0.347237486439314	-0.0066451521936804	-0.112107867702423	0.0383127429998089
0.225544563566586	0.0257393427090424	0.347552086186285	-0.00315039910594509	-0.111350046920825	0.0278836097608928
0.21769839495464	-0.00797784730090207	0.339177450340275	0.000501009839317144	-0.107868661643545	0.0167381146729858
0.204505032328699	-0.0415237720312747	0.322571589663448	0.00418349802504854	-0.101832599913308	0.00518959633682797
0.186115969957236	-0.0740764548464396	0.297855531315541	0.00779482282471213	-0.0933043342474831	-0.00649254763823004
0.162981681940484	-0.104816600596412	0.265612493352931	0.0112239422741967	-0.0824828692522381	-0.0180151325143375
0.135691618827741	-0.132976111574148	0.226642516681504	0.0143661228728523	-0.0696278676176957	-0.0290914136595092
0.104957445758276	-0.157856858142412	0.181941636839139	0.0171266896792971	-0.0550530125744496	-0.0394482995101961
0.0716614206021265	-0.178953102092778	0.132794177647821	0.0194366463393247	-0.0391535566396115	-0.0488595814870473
0.0365854815053925	-0.195603971533092	0.0803117592594176	0.0212137209087606	-0.0222704873204685	-0.0570619231350668
0.00063250087530998	-0.207371545302405	0.0258256029497422	0.0224033166515235	-0.00480814710285257	-0.0638492385234052
-0.0352722842302413	-0.213950022809826	-0.029277022829819	0.022968709520666	0.0128124053456339	-0.0690529319085565
-0.0702083091370298	-0.215174211969091	-0.0835927395331822	0.0228912723065392	0.03016328121059	-0.0725458687789035
-0.103334541165285	-0.21119713491536	-0.135801810244102	0.0221952186910881	0.0468401615389534	-0.074303222108736
-0.133754646060125	-0.201890318714332	-0.184509702490354	0.0208589284977319	0.0624055306558529	-0.0742039937864721
-0.160704110638116	-0.187448075947204	-0.228483308995867	0.0189044523460807	0.0764665833266504	-0.072233685606223
-0.183526639251121	-0.168211393006338	-0.266630174713288	0.0163704422175487	0.0886676247746205	-0.0684282651262701
-0.2016909906939	-0.144659971432064	-0.298026710098569	0.0133109892068748	0.0987002342689556	-0.0628740720747542
-0.214941472260177	-0.117539118247455	-0.322145584133773	0.00981832142020898	0.106376069772947	-0.0557619233741205
-0.222824803540219	-0.0873525020773744	-0.338163646888346	0.0059372887021462	0.111415169959676	-0.0471894964298885
-0.225176421861327	-0.0548373650546623	-0.345687573317325	0.00175497708719774	0.113672989977078	-0.037354141657871
-0.221983042209817	-0.0208023752759663	-0.344559997456317	-0.00262705350339113	0.113083526027841	-0.0264920539674161
-0.213377899054835	0.0138943517895122	-0.334861214087665	-0.00709495685393433	0.109662236536251	-0.014872559918149
-0.199780571426791	0.0483435841051148	-0.317134681026727	-0.011516030367122	0.103575469518662	-0.00281255754119512
-0.181366256834286	0.0817059501241039	-0.29156974960519	-0.0157785728303754	0.0948949939113609	0.00940927283888693
-0.158575638439345	0.113139630461371	-0.258797226078267	-0.0197547873393455	0.0838361720451333	0.0214818663607011
-0.131953986241402	0.141853600517887	-0.219639757811572	-0.0233188424649156	0.0706817439606279	0.0330943888586329
-0.102138869175019	0.167129488582152	-0.175089434208602	-0.0263528343487221	0.0557731307744216	0.043945598489708
-0.0699165311254941	0.188442137271599	-0.126400884191939	-0.0287609937643621	0.039534430091156	0.0537771684569533
-0.0359583620439654	0.205131300194527	-0.074633029675687	-0.0304477416039283	0.022337821502054	0.0623013165550572
-0.00105515502943193	0.21676268421529	-0.0210464093313155	-0.0313465492016517	0.00461462234421355	0.0692888483598937
0.0339710706567211	0.22304250788351	0.0330536351341092	-0.031416455289633	-0.0131925342963466	0.0745543400876191
0.0682839594131924	0.223824864993117	0.0863490910950255	-0.0306437521447418	-0.0306414313519801	0.0779618552282104
0.101101770484234	0.219278551785764	0.137602555566993	-0.0290619603048045	-0.0473228224720517	0.0794832512225909
0.131549039936694	0.209314871908348	0.185485315790377	-0.0266819435919791	-0.0628007768894295	0.079012002394229
0.158849400798195	0.194155490718493	0.228813066152162	-0.0235600624472956	-0.0766937254038173	0.076552030102084
0.182301042931072	0.174163375310086	0.266518976703026	-0.0197749756914023	-0.0886647698850542	0.0721637430615418
0.20129820072078	0.149833088241627	0.297679859974589	-0.0154239489878772	-0.0984300730442024	0.0659616946173159
0.215489630415164	0.121907112980679	0.321744663443108	-0.0106383091987009	-0.105830808676541	0.0581629601527064
0.2243133463865	0.0909037485890028	0.33784396612103	-0.00551054878634349	-0.110613882597397	0.0488979355639994
0.22749528231991	0.0575556376294107	0.345522676125791	-0.00016437589876547	-0.1126614203804	0.038388931553597
0.224922319255365	0.0226601247629734	0.344553125994991	0.00527030156270859	-0.111930000601236	0.0268907530177465
0.216647551069683	-0.0129406956678635	0.334945120655002	0.0106608444049061	-0.108451539204774	0.0146837498925823
0.203035363172284	-0.0483599934360126	0.317177348565546	0.0158666223108966	-0.102402156037133	0.00208699390070537
0.184246089174235	-0.082770232066481	0.291396172596161	0.0207738528445598	-0.0938527784648657	-0.0106233360074527
0.160737950670191	-0.115343881933527	0.258207921109323	0.025261751102092	-0.0830105606133409	-0.0231457094700998
0.133107834976637	-0.145299513026017	0.218435307773107	0.0292165015839259	-0.0701425479590213	-0.035182413992285
0.102074490274005	-0.171920944145973	0.173095817935947	0.0325343067979219	-0.0555684867552958	-0.0464461779021291
0.0685263341157469	-0.194669799397825	0.123490565113097	0.0351303945219113	-0.0396857316955235	-0.056688784858733
0.0332526322129363	-0.212872868129391	0.0707496462331525	0.0369226809236318	-0.0228408803122292	-0.0656322954876458
-0.00283749932035873	-0.226061869725092	0.0162144756773962	0.0378512334240144	-0.0054394850466417	-0.073048863025436
-0.0388131322936939	-0.233893164243403	-0.038724571948644	0.0378764446759347	0.0120983102933367	-0.078746390342678
-0.0737487883169778	-0.236156438817154	-0.0926688349648906	0.0369812215226907	0.0293474444797281	-0.082574034348311
-0.106799618001939	-0.232934349816584	-0.144312310901876	0.0351879149932435	0.0459112468518259	-0.0844779031966441
-0.137067052144027	-0.224072372923452	-0.192278556911989	0.0325061129981169	0.0613530072618819	-0.0843288702493382
-0.16378618853839	-0.209713393249351	-0.235359801955919	0.028986438872363	0.0752849330132384	-0.082101551611288
-0.186302710505827	-0.190147781633166	-0.272493251238232	0.0247044570027541	0.0873569670627502	-0.0778270356624205
-0.204090071264611	-0.165811346697935	-0.302787297899997	0.0197589158060875	0.097266686989125	-0.0715938044826959
-0.216899461513989	-0.137398253436098	-0.325746225463505	0.0142833070046152	0.104834577244398	-0.0635954071947473
-0.224289013539794	-0.105429533742604	-0.340578485878676	0.00839206689783445	0.109782816725823	-0.0539568925708499
-0.226106933806908	-0.0706550313341619	-0.346918026604124	0.00223000745333454	0.111971810383095	-0.0429012762335595
-0.222354353621617	-0.0339143407119331	-0.344630320930782	-0.00404758891059272	0.111340553661612	-0.030694718454246
-0.213179892543961	0.00388629662085782	-0.333813739686646	-0.0102797189348324	0.107909517699821	-0.0176392258731063
-0.199017572602136	0.0417859894838978	-0.31502331477866	-0.0163000071412752	0.101850712260282	-0.00408153785254023
-0.180059529683902	0.0788550583096111	-0.288461249322551	-0.0219589857596285	0.0932392273836023	0.00965989634143139
-0.156760592942564	0.114168786658221	-0.254765571287082	-0.0271080417813895	0.082294031455291	0.0232404445511984
-0.129678302852411	0.146852326742871	-0.214764210934262	-0.0316106036426037	0.0693004472324613	0.0363182540917364
-0.0994603898457703	0.176105248154615	-0.169454032953692	-0.0353468141470992	0.0546009832490144	0.0485639037562397
-0.0668999772595471	0.201319021817651	-0.120092744780058	-0.0382239869681521	0.0386173629156779	0.0596928103302651
-0.0326761776666301	0.221762916706678	-0.0677503346719326	-0.0401600773483483	0.0217206516267893	0.069394995314725
0.00241586781248568	0.236929333282276	-0.0136973950214918	-0.0411045544381774	0.0043371381477807	0.0774206427874291
0.0375516962231228	0.24645172072698	0.0407491804051308	-0.0410357115790323	-0.0130981644704624	0.0835653772376275
0.0718942303512425	0.250111796782432	0.0942591044685779	-0.0399616617909631	-0.0301530606878475	0.0876757973492871
0.104662988721095	0.247989664331638	0.145584875534369	-0.0379313473690587	-0.0464331701326806	0.0897024502394144
0.134984243862245	0.239954668588767	0.193385630544807	-0.0349937234032835	-0.0615117009489432	0.0895328402443379
0.162085246592297	0.22617161753862	0.236470463049425	-0.03123390677095	-0.0750196893016847	0.0871620727856143
0.185269319371796	0.206953394798849	0.273771370769057	-0.0267583843535584	-0.0866327185384717	0.0826450766442511
0.203937387020268	0.182754652255287	0.304370597045146	-0.0216906402808556	-0.0960785629684203	0.0760952007773996
0.217745735773144	0.154268925620361	0.327729385304386	-0.0161755453678953	-0.103211166538287	0.0677254440045058
0.226143212937929	0.122036973356645	0.342998318271302	-0.0103424342077175	-0.107781423666834	0.057688017412746
0.228866761659468	0.0868047164883804	0.349747748946475	-0.00433488690211342	-0.109675973118441	0.0462244370367519
0.225815109748779	0.0493976779062937	0.347779841816684	0.0017031247787665	-0.10885357349926	0.0336142467149759
0.21705376777448	0.0107012353629635	0.337136771029216	0.00763068332482949	-0.105346078640101	0.0201675548283657
0.202958127705149	-0.0283562807900649	0.318328122042259	0.0133118534251501	-0.0993288034452024	0.00622973248515931
0.183703568638793	-0.0668472440792688	0.291534832309766	0.0186231239764983	-0.0908669769846169	-0.00787488988811378
0.159760471681637	-0.10384962263478	0.2573919492202	0.0234483063626842	-0.080162436245276	-0.0218040919432607
0.131736465096516	-0.138475790086	0.216746238246789	0.0276834076087066	-0.0674763691809269	-0.0352208475906522
0.100359249147682	-0.169893930841913	0.170634000745993	0.0312390209365529	-0.0531226028872751	-0.0478018209200143
0.066522288846569	-0.197448584576152	0.120367421563074	0.0340506769047827	-0.037492380243606	-0.05927125784564
0.0310221884416011	-0.220336183676537	0.0670888335452272	0.0360535528722217	-0.0209280676960191	-0.0693204557805127
-0.00522934608435227	-0.237970916230902	0.0121440115158366	0.0372097350833638	-0.00383153282320421	-0.0777025285161086
-0.0413015479590636	-0.249904671219559	-0.0430768468863538	0.0375023580515422	0.0133798289803367	-0.0842141590136535
-0.0762716849485406	-0.255841401545046	-0.0971792106941618	0.0369361987381621	0.0302829396928878	-0.0887007456570932
-0.10930078444848	-0.255790067009847	-0.148865881105332	0.035549100566464	0.0464846127463493	-0.0911086412080315
-0.139495621505029	-0.249571727886853	-0.196768839359606	0.0333707152805065	0.0615469075345796	-0.091319869914269
-0.166098750360596	-0.23731911420489	-0.23969282596005	0.0304617112327564	0.0750831627224119	-0.0893219955997397
-0.188463862018465	-0.219331150938082	-0.276589718081229	0.0269000317353053	0.0867455183089123	-0.0851609979294224
-0.206072352794808	-0.196064049745251	-0.306584146068185	0.0227783822238625	0.096235282553205	-0.0789404563090626
-0.218681995251507	-0.168215312903409	-0.329196438615665	0.0182074504456299	0.103380944138439	-0.0708601448734296
-0.22585826357853	-0.13635815614874	-0.343653404012962	0.013290992292564	0.107908646925569	-0.0610676621752793
-0.227454351848237	-0.101265427512294	-0.349605208948341	0.00814660855641519	0.10968702957617	-0.0497979705903067
-0.223474800959211	-0.0637882812817692	-0.346931462011343	0.00289548743889422	0.10866492452688	-0.0373256698898974
-0.214070245257976	-0.0248335264688958	-0.335741842293033	-0.00234082112300158	0.104873781652645	-0.0239577238991677
-0.199673633857819	0.0146653945427322	-0.316596614493234	-0.00744828735111704	0.098498927936266	-0.0100339510998702
-0.180480624314394	0.0537561070774332	-0.28970678585152	-0.012308102411778	0.0896241063336439	0.00411498497704832
-0.156947078455023	0.0915082798772679	-0.255712880128247	-0.0168130060957132	0.078477962419759	0.0181439629534268
-0.129631760706612	0.127030703542624	-0.215442563895556	-0.0208663898196449	0.0653541051964649	0.031712722696828
-0.0991842393598865	0.159490677405919	-0.169890591892901	-0.0243845717708375	0.0506014575949111	0.0444947970563435
-0.0663981675553533	0.188238143962575	-0.120308912512746	-0.0273113776149796	0.0346463242943425	0.0562144692233302
-0.031959757389455	0.212455744435622	-0.067769240981995	-0.0295750798336783	0.0178608014651762	0.0665563227536354
0.00333037083033218	0.231545065372584	-0.0135413301355856	-0.0311329906612961	0.00067022889837301	0.0752703335412355
0.0386418733287831	0.245036597395769	0.0410576541771657	-0.0319593586611381	-0.0164937966767672	0.0821501665532678
0.0731318227610217	0.252601808573302	0.0946958823826761	-0.0320453314750935	-0.0332048342646362	0.0870377710072514
0.106015528530652	0.254204649476114	0.146124672918031	-0.0314113099958859	-0.0490774429168809	0.0898755145804521
0.136413200281694	0.249610529133677	0.193997748199415	-0.0300619728686427	-0.0636930744371971	0.0905384212060826
0.163548747552621	0.238890231338263	0.237121226844374	-0.0280318720927677	-0.0766931964204962	0.0890062705991157
0.186724009780613	0.222278749045676	0.274425678735433	-0.0253716651499617	-0.0877647768016725	0.0853156503322303
0.205340472029795	0.200172777558327	0.304994183865491	-0.0221474505284132	-0.0966475575034481	0.0795594335169196
0.219056469290372	0.173217005397726	0.328290552881673	-0.0184437650694532	-0.103209601967976	0.071924709105137
0.227326055381364	0.141961152434589	0.34347276027734	-0.0143471296401803	-0.107211113062592	0.0625494713451128
0.229892380576603	0.107175042986196	0.350120150164941	-0.00996126138819615	-0.108549188463445	0.0516595764355029
0.226661433895142	0.0697331909588767	0.348045284477058	-0.00539895223793434	-0.107192327576776	0.03952283846489
0.217706545364202	0.0305909486211519	0.337300894029812	-0.000778440692314976	-0.103181378633451	0.0264424341118685
0.203409150935956	-0.00925519227243639	0.318402314431964	0.00378947197091942	-0.0967018280035083	0.0127555016209897
0.183954802968033	-0.0487620735208392	0.291542434541248	0.00817685105364847	-0.087823854100925	-0.00120124535369609
0.159821412041114	-0.0869102943511297	0.257361088488886	0.0122708183774365	-0.0767554068020406	-0.0150756673942495
0.131623013001622	-0.122726182715988	0.216705613956727	0.0159703171248443	-0.0637632989142911	-0.0285185526421761
0.100092417405145	-0.155311034379951	0.170608772427854	0.019189764094272	-0.0491665667265481	-0.0411939885430158
0.0661247169725001	-0.183979611057529	0.12037098109808	0.0218794886706841	-0.0333621785524672	-0.0528206177293084
0.030522125978576	-0.207892853821614	0.0671329612928097	0.0239655402884011	-0.0166952260550742	-0.063073612554175
-0.00580151381445675	-0.226468097655123	0.0122331863327689	0.0254122020516607	0.000429415238568587	-0.0717006567954182
-0.0419145495799439	-0.23928078144238	-0.0429444463171549	0.0262038747564183	0.0175923641184396	-0.0784984752226259
-0.0768945382998455	-0.24607147525022	-0.0970092526712601	0.0263437831906971	0.0343698749788395	-0.0833177127746452
-0.109905409420777	-0.246895109191329	-0.148667984307213	0.0258685761207337	0.050369965302495	-0.086116644041921
-0.140054079050935	-0.241602616938447	-0.196543922490948	0.024787977893069	0.0651570686253827	-0.0867846957709443
-0.166585901646456	-0.230354141105404	-0.239434208467518	0.0231429882859307	0.0783486486893175	-0.0853208128719619
-0.188858399006574	-0.213463678140764	-0.276281583161195	0.020986371835282	0.0896026091291634	-0.0817805671189043
-0.206357733775016	-0.191389105426119	-0.306201675326001	0.0183806815821583	0.0986275504591542	-0.0762728761193564
-0.218847518170669	-0.164813970008417	-0.328707824361316	0.015400539138619	0.105261689534044	-0.0689957158901607
-0.225898713794545	-0.134297078560236	-0.343022969103649	0.0121147636610655	0.109239402055288	-0.0600889270061095
-0.227370663885845	-0.100591988345521	-0.348798830396137	0.00860339061426121	0.110439084506908	-0.0497723943625829
-0.223273905009395	-0.0645314034982919	-0.345921936251408	0.00494996550145878	0.10881979900844	-0.0382989859249961
-0.213764485969081	-0.0270069914190234	-0.334513752326346	0.00123955835556616	0.104423593795631	-0.0259486973763458
-0.199278694988093	0.0110686605244774	-0.315146195808107	-0.00245512729937252	0.0974478427839241	-0.0130277491515119
-0.180016806504858	0.0487368859805627	-0.288052382380716	-0.00603542190544626	0.0879858934003094	0.000158933422629989
-0.156436817284834	0.0850664686141203	-0.253890799990704	-0.00941690354350698	0.0762770398450781	0.013292451797958
-0.12909804719333	0.119165538378321	-0.213504026543353	-0.0125206396775587	0.0626256166119267	0.0260540869111744
-0.0986491282213178	0.1502044282626	-0.167896724619611	-0.0152749008957824	0.0473913147932855	0.0381328009656723
-0.0658794226465461	0.17755574492119	-0.118318574215328	-0.0176388065288028	0.0310118605911905	0.0492664758549418
-0.0314751404041304	0.200402332081171	-0.0658470691077605	-0.0195271878603451	0.0138687505341888	0.0591353149024237
0.00376566295696255	0.218167566751119	-0.0117456032788195	-0.0208891358327473	-0.00360329442454443	0.0674850111312081
0.0390153508638298	0.230413666758567	0.0426799302251634	-0.0216877996446999	-0.020964285093865	0.0741023987249101
0.0734335516094303	0.236853264883114	0.0961119433067165	-0.0219019962941491	-0.0377807348370347	0.0788224694015329
0.106240004846706	0.237511228045169	0.147322002354271	-0.0215475601139244	-0.053661514184745	0.0815873273496282
0.136553451910548	0.23219030577172	0.194969237668161	-0.0206077956770217	-0.0681853649275285	0.0822642258581603
0.163598376181218	0.22101454074011	0.23786764400004	-0.0191070901376667	-0.0809929682701665	0.0808357970159302
0.186677202924733	0.204272191128402	0.274951580043226	-0.0170895240431418	-0.0917730852229381	0.0773469319812331
0.205192276876405	0.182408934930682	0.30530359990487	-0.0146176142801226	-0.100270002309157	0.071902955477403
0.21880447717208	0.156114875610728	0.32838533780387	-0.0117759742874304	-0.106358922621596	0.0647077879573872
0.226968055614062	0.125956670207219	0.343344905956805	-0.00864548261234883	-0.109810615064127	0.0559085843910551
0.229428468932859	0.092712929446681	0.349753954175741	-0.00532507676313561	-0.110534751998598	0.0457405358902424
0.226094757432631	0.0572478943238548	0.347419285183456	-0.00191916011798985	-0.108514549730569	0.0344748469632012
0.217043843597771	0.0204856370345981	0.336391746260208	0.00146741913984003	-0.103807355348837	0.0224099316964196
0.202660389233829	-0.0166334826378036	0.317188305361573	0.00474675718592876	-0.0966163269907248	0.00986779421263489
0.183134420006854	-0.0531330834433042	0.290013452357189	0.00781037263799303	-0.0870305622831084	-0.00283737354362692
0.15894742764336	-0.088073849920908	0.255522747665603	0.010572743342498	-0.0752764064989613	-0.0153837991082299
0.130716294638324	-0.120569077820751	0.214583428686954	0.0129633553224698	-0.0616383248878184	-0.0274580723495044
0.0991757249076476	-0.149808713864779	0.168250064062958	0.0149286565211122	-0.0464517130045003	-0.0387627974173816
0.0652195768925076	-0.175204473903182	0.117839577943115	0.0164574507840411	-0.0301282758930073	-0.0490592273246635
0.0296528095788289	-0.195981028444849	0.064516166200825	0.0174956229666389	-0.0130254132802845	-0.0580516724801409
-0.00661095653529877	-0.211620508357592	0.00963110566160994	0.0180304393931473	0.00444247938497122	-0.065515623725201
-0.0426411452665189	-0.22175473640201	-0.0454272933078039	0.0180649052294566	0.0218493819846182	-0.0712690270233398
-0.0775170841816223	-0.226174291974336	-0.0992732144030608	0.0176158647313253	0.0387678209793978	-0.0751769357258208
-0.110407338772365	-0.224993674569785	-0.150632509666748	0.0167343501417098	0.0548042436767105	-0.0772114873641148
-0.140417994600886	-0.21808899156614	-0.198141784539789	0.0154240430452554	0.0695258619057292	-0.0772576595469189
-0.166796264223233	-0.205661344242378	-0.240621803106913	0.0137211186888475	0.082554921574072	-0.0753136229956671
-0.188901828297417	-0.18806671602624	-0.277040927310943	0.0116692934789762	0.0935564732955679	-0.0714343178476972
-0.206223330368527	-0.165803392705217	-0.306539298801704	0.00931882424229775	0.102248338988524	-0.0657300858743664
-0.218528607047963	-0.139599076948615	-0.3286548637151	0.00673327455864593	0.108478553535702	-0.0584078337765581
-0.225389802625465	-0.110020576235511	-0.342619521844696	0.00396150445176989	0.111995461077799	-0.0496094071311151
-0.226669557709467	-0.0778297892162993	-0.348091664152579	0.00106821056578861	0.112690879661906	-0.0395654986310523
-0.222382439246536	-0.0438515594371652	-0.344958559662911	-0.00187594249953188	0.110537458264894	-0.0285422853911321
-0.212689315346264	-0.00895086867620873	-0.333337973386376	-0.00479538415537329	0.105590479389433	-0.0168331822346037
-0.198031797920966	0.0260037672501454	-0.313796504934539	-0.00762277513515678	0.0980586247737339	-0.00475603831848457
-0.178616717659845	0.0601228239578188	-0.286560373494963	-0.0102630924693716	0.0880481073018098	0.0073815101727391
-0.154909068863685	0.0925503788371015	-0.252284627471023	-0.0126324361623958	0.075807925727046	0.0192641700319358
-0.127475413209627	0.122478159747992	-0.211812583329739	-0.0146520650085999	0.0616501731394438	0.0305869365013384
-0.0969714341092917	0.149165818541731	-0.166154420720187	-0.016252416530533	0.0459404763426018	0.0410637518298397
-0.0641912166915934	0.172085430096874	-0.116567057747752	-0.0174003525266091	0.0291204924709124	0.0504714220355838
-0.0298283483463611	0.190508645179589	-0.0641439663423289	-0.0180215632767681	0.0115760114170705	0.058532748541615
0.00531500415790166	0.203953393988683	-0.0101625945202047	-0.0180834154289733	-0.00625554544848682	0.0650455799541518
0.0404093837139557	0.212078197773741	0.0440595816721961	-0.0175741079409176	-0.023931767018455	0.0698530881398537
0.0746152881479389	0.214693763187114	0.0971986267486456	-0.0165034607444425	-0.0410165432011358	0.0728472112728947
0.107158141707232	0.211934946390832	0.148030950775083	-0.0149249044217984	-0.0571153164930845	0.0740291113767998
0.137160554239602	0.203685203277379	0.195220037480049	-0.012855761158436	-0.0718033014205676	0.0733065021660638
0.163855401046742	0.190156281395894	0.237596546585492	-0.0103550282967858	-0.0847172731321571	0.0706986895320711
0.186555781566149	0.171714719396356	0.27411924134845	-0.00749792653408064	-0.0955420344262551	0.0662773450410379
0.204676463790073	0.148869792775145	0.30390076944973	-0.00437289992552343	-0.104018239812377	0.0601645013113305
0.217893017257889	0.122366702662869	0.326438599791497	-0.0010874041237159	-0.110017283094688	0.0525762946005007
0.225671870126482	0.092775983941955	0.340909102277829	0.00226933165483755	-0.11330958259381	0.0436522476096403
0.227771657055306	0.0608712764243909	0.346911385097734	0.00559384965782122	-0.11380516502912	0.0336188451849435
0.224113804098266	0.0274896136268346	0.344273470682446	0.00878330880587976	-0.111489414269787	0.0227345436048254
0.21478634478546	-0.0064935457362938	0.333059424099313	0.0117395854989869	-0.106423754498331	0.0112825113006975
0.200183401891801	-0.0401996977484263	0.313791483104642	0.0143817773278396	-0.098815953832427	-0.00042941343803045
0.180502432675132	-0.0727500074494701	0.28666890999272	0.0166216715750966	-0.0887648337168467	-0.0121092373108212
0.156230533612788	-0.10330537058764	0.252335975053989	0.0183920008576053	-0.076506230321926	-0.0234555199595939
0.127988082104499	-0.131089856626821	0.211643714256008	0.0196422651772577	-0.0623350963960476	-0.0341770905159864
0.0965110759557203	-0.155413426352428	0.165628105451708	0.0203403830789639	-0.0465980460916157	-0.0440016375082028
0.0626914303925934	-0.175815380667262	0.11558655874284	0.0204943731439318	-0.0297171803465988	-0.0527194259067059
0.0273322170511012	-0.191654418680361	0.0626687892823615	0.0200795140704744	-0.0120638668950095	-0.0600676541478879
-0.00865767997417249	-0.202542010523004	0.00821524244783848	0.0191078151564964	0.0059356060733966	-0.0658574707867793
-0.0443544332524658	-0.208232256235839	-0.0463914619014678	0.0176067267215645	0.0238439962559559	-0.0699450658413238
-0.078846036857724	-0.208625409856176	-0.0997663234086406	0.0156174105090611	0.0412234136339181	-0.072235203477403
-0.111312887137358	-0.203934444828093	-0.150634036134056	0.0132144624747006	0.0576714386924222	-0.0727427667509958
-0.140870944067428	-0.194095002032938	-0.197624052566755	0.0104286212628586	0.0727455511316873	-0.0713866683725697
-0.166779589224891	-0.179346636572337	-0.239551445462204	0.00732086195098536	0.0860606355212794	-0.0681970833923311
-0.188411308917307	-0.160056869192347	-0.275381357579862	0.00395972029903664	0.0972757793234339	-0.063255575919712
-0.205267771041394	-0.136711171883574	-0.304255347325721	0.000420462326676094	0.106104216797949	-0.056692987705151
-0.217130660796655	-0.110015823587884	-0.325720080103511	-0.00320557779665236	0.112390412807744	-0.0487347088005977
-0.22358263157082	-0.080476578330339	-0.339020319088522	-0.00684853904951613	0.115881263183333	-0.0395240890201694
-0.224496679948807	-0.0487998274337123	-0.343834647961912	-0.010422515860759	0.116468630483759	-0.0292908582811694
-0.219896145757372	-0.0157557342573094	-0.340075687702149	-0.0138386196137618	0.114127000273396	-0.0182946139850193
-0.209948777452722	0.0178401150974546	-0.327889764881251	-0.0170071204257565	0.108915426172902	-0.00681753645200232
-0.19510103511377	0.0511526116659933	-0.307872551233109	-0.0198466275847389	0.10104722021257	0.00483401257523521
-0.175562142396734	0.0833402489873313	-0.280277999023972	-0.0222657377757293	0.0906382898949909	0.0163751460034922
-0.151797556430876	0.113578669276572	-0.245784449833834	-0.0241845388127134	0.0779480100657423	0.0275113379400686
-0.124372357199939	0.141087417323126	-0.205252220394059	-0.0255334288622725	0.0633005690029795	0.0379592549900666
-0.0939390691111643	0.165153522907289	-0.159700904222126	-0.02625659718469	0.0470750482141884	0.0474548609588771
-0.0612864374368624	0.185276194334093	-0.110387162801665	-0.026333987013792	0.0297258861758431	0.0557956415194701
-0.0271038120147164	0.200765821445149	-0.0584002309666877	-0.0257193470691532	0.0116557757125121	0.0627284089165566
0.0078119574186324	0.211177553307492	-0.00500567908603954	-0.0244042550021644	-0.00668355074044115	0.0680717379101914
0.0426368213072155	0.216209711938359	0.0484959696882953	-0.0224023478076074	-0.0248368121342854	0.0716884053428162
0.0765365964132063	0.215714788116657	0.100801292264196	-0.0197501162640716	-0.04235695505069	0.0734891621231836
0.108742984472975	0.209872853766198	0.150711176462034	-0.0165265811225014	-0.0588419943118869	0.0734938543873452
0.138382145998603	0.198609243003694	0.196909831419115	-0.0127829925435943	-0.0738587182102783	0.0716287499486945
0.164691382861936	0.182175930930627	0.238249349037495	-0.00860892267438942	-0.0870398261529156	0.0679302955115551
0.186988429312444	0.160978154381571	0.273708734540664	-0.00411015896568921	-0.0980685359399164	0.062486768113853
0.204693198088452	0.1355627188174	0.302419691793452	0.000594694981657058	-0.106686010044094	0.055436389352189
0.217487744793493	0.106715413963095	0.323898561934518	0.00536844708671672	-0.112766286393868	0.0470121689523296
0.224844434372253	0.0750363671441864	0.337338528372179	0.0100947702389938	-0.116082169458003	0.0373670585905447
0.226529085075896	0.0413268584903675	0.34235575226521	0.0146466965859431	-0.11654792410269	0.0267392837231863
0.222470906936136	0.00644636660982293	0.338795451443001	0.0189015990346852	-0.114153939330887	0.0153963207065701
0.212766068106766	-0.0287126560899306	0.326739256022555	0.0227452699956839	-0.108967157999954	0.0036272184742045
0.197816638624713	-0.0632550567455758	0.306725993409533	0.0260807426063566	-0.101200570448111	-0.00825560927855928
0.177828197377103	-0.0963000592600472	0.278974646647477	0.0288142687607182	-0.0909598401628107	-0.0199641400672958
0.153295079586948	-0.127005132078872	0.244147417242698	0.0308719754708289	-0.0784872170016559	-0.0312024580228212
0.124843964911224	-0.154590865962787	0.203111726288166	0.03219807691266	-0.0640840572754148	-0.0416879577494851
0.0932160621348849	-0.178361525603932	0.156917297772548	0.0327562048111021	-0.0481032466599789	-0.0511592814961209
0.0593066309629202	-0.197842830064718	0.106868776234281	0.0325469607258543	-0.0309712710631539	-0.0594164663982409
0.0239226628536619	-0.212388880911417	0.0541248475609009	0.031550887131509	-0.0130674972870443	-0.0662141637846211
-0.012024722987248	-0.221601121649015	2.70711427342473e-05	0.0297829263745515	0.0051763046721881	-0.0713772285064971
-0.0476105477086295	-0.225227673824066	-0.0540469694537977	0.0272772486727901	0.0233183365941716	-0.0747742208722664
-0.0819228286901955	-0.223172492877041	-0.10672378522969	0.0240869987987887	0.0409171675336147	-0.0763205219137775
-0.114144042862612	-0.21566276287454	-0.156748610407725	0.0203017861915185	0.0575697694250286	-0.0760369704793027
-0.143392016640546	-0.202680733267723	-0.202770602553722	0.0159834572094376	0.0728292947727629	-0.073853918102238
-0.168930231136899	-0.184526753495199	-0.243630993550798	0.0112259367654393	0.0863098507027061	-0.0698074651181262
-0.190137121225648	-0.161649028371248	-0.278323902689911	0.00613600850532254	0.0976710408355745	-0.0639837609773939
-0.20652230421958	-0.134630454701792	-0.306021184975815	0.000831157252633156	0.106627695733319	-0.0565179710446471
-0.217877731049158	-0.104281542876769	-0.326300869716953	-0.00455423558726034	0.113027748642811	-0.047638874747939
-0.22379745020771	-0.0712283424105183	-0.33843420170792	-0.0099030397213402	0.116619093449933	-0.0375006269427839
-0.224167455680269	-0.0362860230211446	-0.342124040390911	-0.0150870113103865	0.117296411875839	-0.0263435082196647
-0.219024998584059	-0.000321762595925453	-0.337303211266401	-0.0199791941493576	0.1150370088579	-0.0144409273261369
-0.208552094298218	0.0357680859546342	-0.324133878485365	-0.0244571609179031	0.109902336954516	-0.00209260441136695
-0.193208857026746	0.071087489075383	-0.303222628094253	-0.0284117031971077	0.102106906519936	0.0103740099355514
-0.173218241803714	0.104748966606324	-0.274832397691522	-0.0317322012857584	0.0917676434576926	0.022649448940583
-0.149057656193174	0.135904052944926	-0.239646953506837	-0.0343259018771843	0.0791437636578532	0.0344145058108314
-0.121302309096465	0.163765454770879	-0.198530084067368	-0.0361169753799258	0.064558352886218	0.0453621808971265
-0.0906127448423339	0.187628327068186	-0.152503835730518	-0.0370496283944981	0.0483886025597951	0.0552078105595504
-0.057782615158146	0.207008738568043	-0.102824774187067	-0.037106430979042	0.0310847750906508	0.0637312722780012
-0.0235059193174178	0.221255505848973	-0.0505880175412738	-0.0362571209304063	0.013049462894828	0.0706732678691007
0.0114188886405846	0.229968550170972	0.00293646147648284	-0.0345111176085965	-0.00526748042908236	0.0758521159699226
0.0461683484753008	0.232900520213184	0.0564432735650145	-0.0319042626114003	-0.0234124483291223	0.0791383295279355
0.0799109619142917	0.229966786065731	0.108624211498781	-0.0284987820996692	-0.0409397132513713	0.0804577278688449
0.111883859560408	0.221408872212007	0.158278848440567	-0.0243980357779379	-0.0574502264599511	0.0798477996961043
0.141218545728201	0.207239777015995	0.204085737440857	-0.0196885422191294	-0.0725082938077679	0.0772643001150468
0.167159910666975	0.187790109084785	0.244896413827083	-0.0144899328701557	-0.0857464305397387	0.0727697785095174
0.189034657963128	0.163541499481697	0.279693227937368	-0.00893580029075528	-0.0968478643965211	0.0664765127754904
0.206272876066379	0.135112622815576	0.30761609034746	-0.00316922011013926	-0.105554004916603	0.0585426853595297
0.218567989165612	0.103345880064676	0.32819658421166	0.00265487409310535	-0.111740361579866	0.0492126006381273
0.225404068899262	0.068914639148476	0.340645021858133	0.00839953752491441	-0.115178448257145	0.0386540752800763
0.226559215657196	0.0326729000064553	0.344600856076498	0.0139256997816222	-0.115782774863289	0.0271101173963849
0.221975122656733	-0.00447619564729285	0.339936677715455	0.0191029580203749	-0.113543813543646	0.0148488658501048
0.211760394724223	-0.0416047003104611	0.32676431676597	0.0238125722698612	-0.108528055839698	0.00215831267167903
0.196328553332443	-0.0777955992904175	0.305654108907283	0.0279558617774019	-0.10094685527291	-0.0106521079091334
0.17589767505369	-0.112137232803686	0.276855729545292	0.0314357365505933	-0.0909037100747544	-0.0232863385933639
0.150972937206386	-0.14377311590246	0.24105925868925	0.0341773379793148	-0.0786377067344126	-0.0354396876879384
0.122190536324511	-0.17191988082513	0.199155748372835	0.0361239744719064	-0.0644461066298296	-0.0468153469958754
0.0902995392668323	-0.195888155117082	0.152213289751702	0.0372379868292314	-0.0486769009938758	-0.057132197370137
0.0561998163613658	-0.215220475752728	0.10154803434535	0.0375170790018991	-0.03174989449857	-0.0661668728399268
0.0207039258686152	-0.229294978337103	0.0483276336354912	0.0369405607757488	-0.0140404457060023	-0.0736448226881126
-0.0152750615864624	-0.237743388727829	-0.00610332964297162	0.0355215123431629	0.00402477808557082	-0.0793626662603312
-0.0508126718181106	-0.240347325947657	-0.0603679337067273	0.0332923865527545	0.0220087416658758	-0.0831631142600169
-0.0849998457615449	-0.237044606006271	-0.113095820185438	0.0303048590561043	0.0394742009787099	-0.0849406603949815
-0.117025307228497	-0.228088202915124	-0.163038362177405	0.0266445962812953	0.0560229960557324	-0.0847004615072567
-0.146012451337074	-0.213498344752782	-0.208847602913023	0.0223766529173868	0.0712086238645166	-0.082370152963948
-0.171232883139717	-0.193599188532697	-0.249369365416149	0.0175951490578225	0.0846464215276915	-0.0779887931987984
-0.192074334167558	-0.168858426431583	-0.283603096515205	0.0124070187785068	0.0959964538335176	-0.0716530051242895
-0.208056527283006	-0.139877465053229	-0.31072764397841	0.00692995920983421	0.104973199205955	-0.0635147727373795
-0.21898196902526	-0.107477806228592	-0.330331645756763	0.00129489690031353	0.111424535721389	-0.0538199800947034
-0.224455443030915	-0.0723294133875456	-0.34169913492412	-0.00437421693060665	0.115094495547958	-0.0427533890661441
-0.224373356492257	-0.0352821919733161	-0.344550426176371	-0.00994733812356139	0.115874994246011	-0.0305800126487582
-0.21878292718635	0.0027580466574473	-0.338840394624963	-0.0152960074464935	0.113740289044425	-0.0175955253066932
-0.207875548554319	0.0408539993454921	-0.324757520065044	-0.0202963202048437	0.108748577447389	-0.00411852086131418
-0.192118764103295	0.0780791064944632	-0.302937204093279	-0.0248407060947607	0.101111502995116	0.00951299509414049
-0.171745247905182	0.11349458575602	-0.273674558757352	-0.0288106159976944	0.0909416813140873	0.0229694420185618
-0.147239798297951	0.146223004073542	-0.237683346327544	-0.0321095575213118	0.0784952545801465	0.0359192238888084
-0.119183900816677	0.1754610710994	-0.195854029107981	-0.0346573833776223	0.0640927165153772	0.0480434710932483
-0.0882432252712519	0.200500916862243	-0.149230131687894	-0.036392655285943	0.048109100159666	0.0590442020118164
-0.0552136782020235	0.220870591775097	-0.099081420001022	-0.0372915627728984	0.030992529941687	0.0686876341863965
-0.0207946927952753	0.235925961872603	-0.0465134129331721	-0.0373106275650402	0.0131442139376268	0.0766890856211261
0.0142127017753077	0.245279200651452	0.0072023537172336	-0.0364451043058192	-0.00498756122405023	0.0828400561153169
0.0489835704070462	0.248691253061707	0.0607652229584572	-0.0347135149640662	-0.0229509454764641	0.0869805916521973
0.0826860312541244	0.246078291273942	0.112876656276309	-0.0321577322819719	-0.0403023189078307	0.0890042383637632
0.114559005316535	0.237670831274969	0.162350735085793	-0.0288569954714155	-0.0566462310221906	0.0889162993693731
0.143734270724425	0.223470129736246	0.207878117760521	-0.0248753650805042	-0.0715484223968398	0.0866460351748829
0.169459221891805	0.203782199335636	0.248323335107083	-0.0203085874793769	-0.0846445966888993	0.082235051557342
0.191064403830418	0.179060901594773	0.28268025699884	-0.0152678845409042	-0.0956215494500288	0.0757839781695263
0.207985228699113	0.149899877091518	0.310098394948352	-0.00987718904535722	-0.104224335789651	0.0674506673777541
0.219921759941779	0.117117030849413	0.330117054610276	-0.00427336129031803	-0.110333236133588	0.0574874702612714
0.226366887497426	0.081394229025065	0.341953525274503	0.0014095331845833	-0.113720317963027	0.0460918658488757
0.227108462843121	0.0435947662483594	0.345253306207588	0.007033774866346	-0.114301756012145	0.0335416993715161
0.222098938617581	0.00464298069938368	0.339895842371113	0.0124645105821386	-0.112068868363004	0.0201469073370701
0.211458338843669	-0.0345005744061443	0.326002014561331	0.0175731108241809	-0.107087959061969	0.00624114420436566
0.195610499575544	-0.0728847031616164	0.304151931660696	0.0222508612912714	-0.0995700849061208	-0.00782455153647387
0.174786901905565	-0.109533432520852	0.274615759571375	0.0263754585963564	-0.0896145124566498	-0.0217032839255381
0.149503766040491	-0.143533492022854	0.238105023222213	0.0298510110122143	-0.0774567078294287	-0.0350504679905183
0.120406987431474	-0.174043430458333	0.195535475604512	0.0325997666341725	-0.0633897994019975	-0.0475370929320292
0.0882536774660494	-0.200315794335828	0.148002002833441	0.0345638071896833	-0.0477573833731649	-0.058858428688651
0.0539482072409442	-0.221842415324466	0.0968436703163384	0.0357254594561917	-0.0309751203137559	-0.068778984426661
0.0183099038418389	-0.23793723935833	0.0432598547949209	0.0360408399111995	-0.0134139108707111	-0.0770123779424092
-0.0177453091906884	-0.248180977811591	-0.0113816062822933	0.035506529819951	0.00450290306183418	-0.0833535082444318
-0.0532922679614123	-0.252312550099547	-0.0656870035303462	0.0341405860237528	0.0223405921729437	-0.0876486335692917
-0.0874233484076389	-0.250237817603225	-0.118277470953496	0.0319818925596976	0.0396630712622221	-0.0897993830774279
-0.11933210557787	-0.242193290613953	-0.167908695738258	0.0291059185302161	0.0560727361007758	-0.0898201491800129
-0.14814531124048	-0.228190219989021	-0.213238121427128	0.0255641082695593	0.0711213456510249	-0.0876482278747363
-0.173141046712174	-0.208559743766853	-0.253128853631818	0.0214392331441682	0.0844225632173713	-0.0833324437159089
-0.193715076347228	-0.183789273963388	-0.286604877872402	0.0168275259406175	0.0956346145519659	-0.0769786866796046
-0.209396431342645	-0.154510517766496	-0.312874839154802	0.0118369724859844	0.104470384911308	-0.0687476807597309
-0.219998179745284	-0.121580826141662	-0.331560201762991	0.00658905029120007	0.110777689564624	-0.0588914599867575
-0.225135194550311	-0.0857152376416027	-0.341977858531984	0.00120351153705371	0.114299198250297	-0.0476068232715867
-0.224714050023728	-0.047803671198661	-0.343878686051004	-0.00419355101078493	0.114928045984665	-0.0351684994930063
-0.218791438293314	-0.00878809527683772	-0.337244277355119	-0.00947518576799804	0.11264125522217	-0.0218823148800785
-0.207567144410953	0.0303627502404634	-0.32228513854376	-0.0145161798261343	0.107501188601457	-0.00807750571787101
-0.191514723534428	0.0687020360116752	-0.299650068553244	-0.0192087308663171	0.0997255515381716	0.0059003526063223
-0.170873913891708	0.105256365746643	-0.269652723695766	-0.0234212176933736	0.0894315782807159	0.0197060395491893
-0.146133872917098	0.13912667902442	-0.233017835599842	-0.0270477996503485	0.0768815049974163	0.0329978165675662
-0.11787899019673	0.169490974257825	-0.190644196225761	-0.0299985869030102	0.0624018849244382	0.0454493670293845
-0.0867766721441867	0.195624367582662	-0.143582040164691	-0.0322025017286287	0.0463732943600661	0.0567587268272164
-0.0536216657831229	0.217048742772003	-0.0931010494252365	-0.0336319004799216	0.0292489113876481	0.0666947516461076
-0.0191168400342156	0.233090741049956	-0.0403207975628449	-0.0342264530836765	0.0114325811980922	0.0749723383109195
0.0159358528225279	0.243348773597312	0.0134798833546196	-0.0339721660347758	-0.0066254653131148	0.0813897846956463
0.0507109176565851	0.247575837040776	0.0669946133244278	-0.0328796516947232	-0.0244727876109281	0.0857968700339714
0.0843763340253423	0.245686845140185	0.11892169279422	-0.0309837161611002	-0.0416665401233043	0.0880981994115426
0.116173558398986	0.237926056084611	0.168080595160391	-0.0283612766942503	-0.0578132494285612	0.0883107092414901
0.145232502093272	0.224294185924262	0.213159637313573	-0.0250623793202241	-0.0724821488310748	0.086369693423479
0.170801872548213	0.205110746887867	0.253031091792611	-0.0211733048820856	-0.0853133564930718	0.0823206407170668
0.192214873216541	0.180846864354723	0.286702095322752	-0.0167955241006214	-0.0959989872677567	0.076263259224859
0.208911085439004	0.152115124967286	0.313340789676302	-0.0120430645645886	-0.104290172705629	0.068349197228687
0.220597189794048	0.119753755065344	0.332511567136722	-0.0070444219296872	-0.110073829362569	0.058819116738178
0.226771777540917	0.0844579975091431	0.343455774826071	-0.00192206207710949	-0.113129294260521	0.047855720402691
0.227230394799	0.0471007117033497	0.345846384399803	0.00319639417846773	-0.113380576438102	0.0357191584583199
0.221933909401443	0.00861002351889233	0.33959039183227	0.00818557695369296	-0.11082726311742	0.022700923441364
0.211011065424148	-0.0300556763874242	0.324834676402721	0.0129254333616698	-0.105544249821628	0.00911734606224268
0.194893308590782	-0.0679592335040713	0.302180532311388	0.0173169948792536	-0.09775125675561	-0.00469693056615337
0.173821494635659	-0.104128396505047	0.271919379529232	0.021240708175257	-0.0875564071178962	-0.0184025922390259
0.148319248721783	-0.137667560938182	0.234776640970691	0.0246059067976193	-0.0752040384412433	-0.0316603368835114
0.119038540793627	-0.167758140773222	0.191676201182171	0.0273394198197776	-0.0609957065436446	-0.044141663342452
0.0867410470676785	-0.193678618963907	0.143715587707723	0.0293867580505257	-0.0452824719539358	-0.0555376820386217
0.0523317704266381	-0.214957873773928	0.0922273589107779	0.0307363997661768	-0.0284859923542389	-0.0656073725786365
0.0166349603587895	-0.230917032723933	0.0384118535369069	0.0313366365919416	-0.0109806679679622	-0.0740482053778033
-0.0194323167979307	-0.241151479767315	-0.0163690872579533	0.0311792093396572	0.00680889817462725	-0.0806406171662465
-0.0549450823897659	-0.245407893833139	-0.0707288650892695	0.0302747649069719	0.0244496821874227	-0.0852157312769724
-0.0889970653919169	-0.243590878713997	-0.123295638033337	0.0286519441813153	0.0415105422763939	-0.0876602482088786
-0.120786509402946	-0.235935004652882	-0.172836523211084	0.0263777816640776	0.0576015055423123	-0.0879771275514727
-0.14943992422589	-0.222416415265621	-0.218005692713768	0.0234811880333238	0.0722862939127687	-0.0860872373206804
-0.174238236808271	-0.203332999606411	-0.25766716875887	0.0200260370870702	0.0851920678881869	-0.0820287080782127
-0.194580851304107	-0.179134721860353	-0.29084540510069	0.01608938761037	0.0959918735980335	-0.0758997115896017
-0.210001293304858	-0.150415811943685	-0.316750092757729	0.0117608163089126	0.104413773771836	-0.0678562410561238
-0.220319033716085	-0.118004228481663	-0.335009462578619	0.0071482966472708	0.110319191453183	-0.0581495291089604
-0.225153830629496	-0.0825841117401951	-0.344939860234033	0.00235266705391509	0.113465251335298	-0.0469749750432918
-0.224419148776427	-0.0450267237906057	-0.346298780426959	-0.0025129067510647	0.113756488762286	-0.0346095541999298
-0.218179517810719	-0.00626616213193327	-0.339077978168481	-0.00733100986220512	0.111178728229722	-0.0213632079578405
-0.206643375295312	0.0327256991503865	-0.323501443242318	-0.011982325104258	0.105800364768515	-0.00757080412522769
-0.190292648481263	0.0709910817667497	-0.300234836480197	-0.016360115719823	0.0978414847858031	0.00641566827804539
-0.169377690651481	0.107532036742753	-0.269608048224234	-0.0203330713642623	0.0874216262596398	0.0202422907742797
-0.144397237475453	0.141425335544459	-0.232362476117907	-0.0237922809204833	0.0748026497357911	0.033558330808586
-0.115944520534689	0.171824073735823	-0.189412124962567	-0.0266424925130595	0.0603092110623391	0.0460276002166198
-0.0846945764548657	0.197979588513464	-0.141820085786547	-0.0288053632294319	0.0443187384331075	0.0573374348694186
-0.0514460762844632	0.219398616927619	-0.0908635688920313	-0.0302454038181418	0.0272797197899921	0.0672473390914975
-0.0169089553697057	0.235379895960311	-0.0376729495822899	-0.030891435469774	0.00959144972340985	0.0754577428987067
0.0181120312163499	0.245506844628868	0.0164675748529677	-0.0307205423141307	-0.00830134776605855	0.0817562080453158
0.0527909456527719	0.249522977521534	0.0702484102704072	-0.0297356768519834	-0.0259524257059162	0.085984039521466
0.0862976933923378	0.247338868081819	0.122365937318665	-0.0279657072171346	-0.0429258309801997	0.0880405984606882
0.117879927016292	0.239206547676369	0.171642164764747	-0.0254861661644487	-0.0588353103818241	0.0879446445074373
0.14667080411066	0.225119474357555	0.216757951374079	-0.0223411651099271	-0.0732585985117523	0.0856305332493726
0.171926156876247	0.20540187262605	0.256582041893818	-0.0186162826155384	-0.0858438202111926	0.0811524394147241
0.192987902802292	0.180533091808618	0.290118208392702	-0.0144140867192685	-0.0962907025412426	0.0746245802595701
0.20930563820097	0.151136854189682	0.316532018980725	-0.00985074425012099	-0.104357233420857	0.0662180732612795
0.220597924118692	0.118070947683025	0.335390073927404	-0.00506096468368153	-0.109935077943148	0.0561995134469477
0.226373638627741	0.0820369790726086	0.345930794092766	-0.000163286835610749	-0.112809429906301	0.0447720051301385
0.226439873572234	0.0439207563462825	0.347831025490383	0.00471548721402569	-0.11290744890508	0.0322200152272996
0.22076903604456	0.00466482923041294	0.341006132378191	0.00945166878714133	-0.110230066918606	0.0188582060822571
0.209501057560962	-0.0347557011337543	0.325616365104097	0.0139275008646906	-0.104851724716194	0.00502334151284897
0.193077319723472	-0.0733804052503789	0.302282195575663	0.0180424088151839	-0.0969887060794738	-0.00893171480226741
0.17174882099011	-0.110217495719352	0.271316990606436	0.0216846660970299	-0.0867474836482073	-0.0226587228645622
0.14604735527951	-0.144347667311619	0.233472425907483	0.024766908733084	-0.074368578829201	-0.0358130678566186
0.116631247066331	-0.174926463595352	0.189700981735915	0.0272180099842473	-0.06014910838028	-0.048066151512912
0.0842664095168329	-0.201205259511364	0.141129541338231	0.0289840903715282	-0.0444354587143341	-0.0591137898563836
0.0498581745969147	-0.222685973740529	0.0891177412274962	0.0300502917158489	-0.0276436682725546	-0.0687239565448582
0.0142323871603943	-0.238666523369128	0.0348932948370127	0.0303675786875221	-0.0101457963263684	-0.0766063382187845
-0.021696529402862	-0.248729759858844	-0.0201609330240401	0.0299289763823255	0.00763563135258421	-0.0825578979645811
-0.0570089116199726	-0.252621384369108	-0.0746435820319874	0.0287479471722943	0.0252683098787697	-0.0864292307224159
-0.090806298480111	-0.25025773477356	-0.127175164858887	0.0268578916970137	0.0423204554101544	-0.0881286394996055
-0.122298526134299	-0.241900158985495	-0.176524067723565	0.0243323285419614	0.0584007593283207	-0.0876842515174961
-0.15062122969171	-0.22755423694285	-0.221348805139527	0.0212086150328053	0.0730696336608786	-0.0850367334992847
-0.175067215886405	-0.207560890657044	-0.260526107875297	0.0175608881881964	0.0859506107317485	-0.0802478753790963
-0.19504809164646	-0.18241708940651	-0.293098294773455	0.0134765290370455	0.0967131441790735	-0.0734394329235398
-0.210109119796403	-0.152762148558228	-0.318296407522463	0.00905376853991553	0.105082435645958	-0.0647898346724105
-0.220081043788057	-0.119466942342144	-0.335772439286232	0.00440873994872314	0.110917994153435	-0.0545740422769281
-0.224591054347072	-0.0832327687544535	-0.344865018200336	-0.000361343445076477	0.113977856596715	-0.0429988309738452
-0.223558700144645	-0.0449416704411562	-0.345354269688744	-0.00514837653795847	0.114168746954083	-0.0303533068979306
-0.21705221789751	-0.00552570120363228	-0.337253475266359	-0.00984450965777302	0.111480347518528	-0.0169555251687211
-0.205281494864239	0.0340560933369006	-0.320806994166453	-0.0143436744439706	0.105986206966825	-0.00314390892529259
-0.188727519622775	0.0728598745637938	-0.296699498471933	-0.0185496719993941	0.0979110644675762	0.0107277622011123
-0.167639657065402	0.109918304407879	-0.265281143280956	-0.0223540898298055	0.0873820397650808	0.02431640922334
-0.142514735171205	0.144330262290441	-0.227313567570971	-0.0256642676073751	0.0746666775666179	0.0372836931770972
-0.11394433055866	0.175263385955713	-0.183732026322808	-0.0283970722791002	0.0600938832300367	0.0493096352007663
-0.082602710288094	0.201972655997311	-0.135621935824687	-0.0304803508838391	0.0440434265578539	0.0601005469434948
-0.0492877339464386	0.223950695979238	-0.0842816721025531	-0.0318733124469294	0.0269625659280094	0.0694347945031487
-0.0147133326450766	0.240482248696425	-0.0308667232426375	-0.0325031106302872	0.0092509094570218	0.0770358671667359
0.0203118263907256	0.25112501322278	0.0233179731621709	-0.0323353551312521	-0.0086492420883098	0.0827131985924459
0.0549570602981382	0.255590719394215	0.0769462882310177	-0.0313567872107442	-0.0262950742945046	0.0863285651055921
0.0883873340752246	0.253754584552315	0.128704097807267	-0.0295770131301003	-0.0432545645779007	0.0877992916079083
0.119847130301052	0.245828193111285	0.177412387767616	-0.0270493258973329	-0.0591464823907611	0.0871585628434464
0.148464620571902	0.231774528597273	0.22175498809617	-0.0238012947503375	-0.0735505477143577	0.0843517048058789
0.173494014872901	0.211893157577875	0.260615672744596	-0.0199046223806656	-0.0861167961044482	0.079441721102041
0.194278099602471	0.186646829222554	0.293022888184151	-0.0154533015539051	-0.0965458605205599	0.0725491283252584
0.210270025563032	0.156651186952814	0.318175560853617	-0.0105608801509066	-0.104595763702948	0.0638490576494762
0.221194799914414	0.122763612491529	0.33568081493393	-0.00536636453046817	-0.110157908554767	0.0536111391854691
0.226569243050519	0.085695830429391	0.344821904889027	4.67163401178073e-06	-0.113016182016352	0.0420370881678801
0.226210769117228	0.0463574065524395	0.34532361652263	0.00541189856508936	-0.113096431931394	0.029410877150351
0.220103428871114	0.00572626118826241	0.337149219587342	0.010714542413584	-0.11039842186289	0.0160460302778801
0.208399443509352	-0.0351772249205163	0.320504173246804	0.0157758631855192	-0.104995865783209	0.00227730411065862
0.191551724680059	-0.0753370452755401	0.296046703336083	0.0204730240112802	-0.0971044187953723	-0.011543590711699
0.169824035485263	-0.113709878008598	0.264126318698453	0.0246803903814339	-0.086832183780044	-0.0250764454121233
0.143759448631566	-0.149319583919849	0.22552005785516	0.0282949028374693	-0.074421448257405	-0.0379841251628797
0.114026403554625	-0.181267402307154	0.18119621290479	0.0312313985165384	-0.0601718182382468	-0.0499472285019329
0.0813995900808069	-0.208756551443828	0.132287722773123	0.033423542475175	-0.0444327727286845	-0.0606723225448343
0.0467905259782649	-0.231242283171469	0.0801473089027876	0.0348417072518027	-0.0276225494332635	-0.069936320979888
0.0110327562748339	-0.248003436442394	0.0259968635795667	0.0354316456204611	-0.0101186545636767	-0.0774654672047201
-0.0249540766371205	-0.258607724415103	-0.0287968784474759	0.0351783307017757	0.00765250765983556	-0.0830705556130738
-0.0602464495009138	-0.262793727792225	-0.0828533404838089	0.0340874878025445	0.0252555323929096	-0.086614820119801
-0.0939434796328066	-0.260475484692978	-0.134816416217376	0.0321852157355075	0.042256767259127	-0.0880169400467981
-0.125255064553412	-0.251903154112776	-0.183481726502493	0.0295357068535914	0.058266126990511	-0.0873089747164557
-0.153316463849191	-0.237094820867627	-0.227525911014688	0.0261759448674212	0.0728435258561261	-0.08443963935104
-0.177423223548232	-0.216396099480889	-0.265845361180231	0.0221804969123846	0.0856152130620233	-0.0794727645689351
-0.196992133742329	-0.190308710259275	-0.297499605725749	0.017641164455763	0.0962551969951496	-0.0725287693171518
-0.211576301815815	-0.159477857822429	-0.321734407421962	0.012664919722093	0.104494865554886	-0.0637815997276276
-0.221017152172347	-0.124774503598487	-0.338215224100925	0.00737915183601802	0.1102021353956	-0.0534967045049183
-0.22495490535415	-0.0869276937804966	-0.346290426231048	0.00189966296024275	0.113141886767822	-0.041875172492443
-0.223324821057745	-0.046851778558174	-0.345750768440402	-0.00364460830964189	0.113228397266977	-0.0291985486687269
-0.216212748011789	-0.00552304746690766	-0.336620593646937	-0.00912346354949786	0.110458373894458	-0.0157779254222386
-0.203847307225317	0.036044724243019	-0.319156233549172	-0.0144089009064838	0.104911490118101	-0.00194591243273088
-0.186727531284135	0.0768479834433867	-0.294053217195104	-0.0193849935647917	0.0968173669103206	0.0119482487365833
-0.165122086288215	0.11585181120188	-0.261678621059106	-0.0239275467516145	0.0863069567558084	0.0255638148612199
-0.139544685927712	0.152089483835588	-0.222809891226055	-0.0279308637846725	0.0736496620506868	0.0385621030541501
-0.110601230098947	0.1846690876314	-0.178398125335852	-0.0313024539901787	0.0591746070091668	0.0506205774955141
-0.0789770634250836	0.212796574624002	-0.129543864187845	-0.0339642107300059	0.0432602736391543	0.0614412895071407
-0.0454760478416491	0.235922793962386	-0.0775553277873533	-0.0358703076151902	0.0263501615767728	0.0707953582040412
-0.0108177414449931	0.253320287163709	-0.0236053470734534	-0.0369491598721932	0.00884172291038572	0.0784034837855225
0.0241884984678229	0.264542618249819	0.0309895904853827	-0.0371656466038113	-0.00882743262673401	0.084070451046556
0.0587146317436029	0.269308727380083	0.0848942624616439	-0.0365051731365223	-0.0262203703970961	0.0876540592115712
0.0919311795875945	0.267509125707122	0.136788097338961	-0.0349750893038296	-0.0429119756257208	0.0890687793457089
0.12309169624459	0.259363434796273	0.185491698478067	-0.0326224986396448	-0.058530285389863	0.0883430111829785
0.151332660470936	0.244872876312523	0.229683099384566	-0.0294761366682937	-0.0726610401774314	0.0854269437278602
0.17591918876192	0.22436583249736	0.268246596107037	-0.0256064022068552	-0.0849619905363842	0.0803873939458337
0.196206158436935	0.19833232605783	0.300214313595286	-0.0211069707624866	-0.0951414370368898	0.0733500994222788
0.211659748931524	0.167411952614367	0.324792192115932	-0.0160924313408233	-0.102964756121245	0.0644961678329903
0.222018763856808	0.132468722428159	0.341599149951955	-0.0107008652819062	-0.108331270880089	0.0540971755269117
0.226814214674756	0.094246351725076	0.349930216886026	-0.00506635471441712	-0.111029320443293	0.042365609045766
0.225878226711487	0.0536728378526702	0.349527238041841	0.000663321832440354	-0.110988859847131	0.0295922768480772
0.219209654097724	0.0117409327079408	0.340373826762449	0.00633929994103709	-0.108212570635638	0.0160959679599601
0.206975227936885	-0.030518058770801	0.322698476762624	0.0118172505816326	-0.102776028066097	0.00221432709646881
0.189640407072188	-0.0720887038582696	0.297183576854008	0.0169707736450701	-0.0948960069738546	-0.0117045193812926
0.167483079295044	-0.111911438888451	0.264205487292848	0.0216673467460666	-0.0846807620529245	-0.0253187463331496
0.141057638129886	-0.148999127465339	0.224568112357157	0.0258001727035959	-0.0723716031536535	-0.0382946796913487
0.111041532525721	-0.182438928650613	0.179265991997798	0.0292821917483263	-0.0582662983768767	-0.0503184249778873
0.0782156680733459	-0.211415640317495	0.129456684169233	0.0320469554494974	-0.0427117591194714	-0.0611037053131033
0.0434928233807174	-0.235360488560879	0.0765128988301041	0.034066624532754	-0.0261221757365959	-0.0704370486699851
0.00770898226537715	-0.253525583532084	0.0216781768256559	0.0352883489215986	-0.00887256965421618	-0.0780511294699442
-0.0282186534480179	-0.265449654081455	-0.0336647856375971	0.0356972309870515	0.00861485920504661	-0.0837634401604022
-0.0633719356242135	-0.27084285392379	-0.0881238419445394	0.0352970138853912	0.0259096588471168	-0.0874421867356022
-0.0968578873688659	-0.269594574921774	-0.140336153040229	0.0341089537251193	0.0425838267559619	-0.0890086845038824
-0.127897606838493	-0.261928063825226	-0.189097908142428	0.0321871558611012	0.0582548208193766	-0.0884933566895669
-0.155635566965776	-0.247864881486305	-0.233086227260684	0.0295596466686463	0.0724874430032803	-0.0858439334751092
-0.179378481177551	-0.227759395207129	-0.271205522763627	0.0262866830272264	0.0849142887334111	-0.0811195197872365
-0.198554329551168	-0.2021320370306	-0.30252848938473	0.0224429291925275	0.0952158953279959	-0.0744333890514723
-0.212726939464878	-0.171652471865585	-0.32631877612249	0.0181164719226404	0.103130271081251	-0.0659502225085949
-0.221747550136697	-0.137203368219463	-0.342264906931547	0.0134114702093544	0.108532989703256	-0.0559205421770751
-0.225265332783038	-0.0995501582950271	-0.349738492658722	0.00843122443857674	0.111193933857995	-0.0445387649724274
-0.223223542362351	-0.059625340819708	-0.348557172285695	0.00329180530332101	0.111032664734312	-0.0320762296595822
-0.21571516664172	-0.0184107653287277	-0.338773110721869	-0.00188566748206711	0.108050550631168	-0.0188339419804851
-0.202975301722999	0.0230892344663125	-0.320669931936386	-0.00697835610551549	0.102331262874126	-0.00513472638564451
-0.185507448351371	0.0639055159489076	-0.294967873307793	-0.0118767522931231	0.0941081874920968	0.00868640561129138
-0.163588213382853	0.103024535233243	-0.262056463017115	-0.016449744272715	0.0835142887352096	0.0222905694456845
-0.137737698707847	0.13951425418926	-0.222730888042782	-0.0205867378874153	0.0708202701663365	0.0353441945368484
-0.108567958503889	0.172516189898906	-0.177954611052218	-0.0241905678968443	0.0563556801922508	0.0475287351877021
-0.076770020238428	0.201262818170093	-0.128834569036296	-0.0271805161869181	0.0404987023801923	0.0585491135563627
-0.0431504936492714	0.225222958589781	-0.0766773986239496	-0.0295145637240264	0.0236917528583418	0.0681819915491315
-0.00843565059921044	0.243664966371177	-0.0226530887653537	-0.031121341364477	0.00633144251224095	0.0761428425002119
0.0265620322370099	0.25612695651425	0.0319315995249111	-0.0319704620182472	-0.0111461565965909	0.0822328975582904
0.0610134114712516	0.262298962366487	0.0857550996568345	-0.03205288572804	-0.0283059915126327	0.0863044799230109
0.0940902578045655	0.262032310155533	0.137513011163059	-0.0313804065054668	-0.0447252032279107	0.088264684915016
0.125051278042821	0.255497571917132	0.186044798836956	-0.0300009703051299	-0.0600354222555462	0.0881339034211765
0.153037192489009	0.242655135904667	0.230042407727227	-0.0279392140828066	-0.0738246027871027	0.0858497084846988
0.177320977855373	0.223796679803385	0.268404346068177	-0.0252533179900724	-0.0857543550279404	0.0814655819465969
0.197267307762727	0.199385165354552	0.300174286178199	-0.0220161203244497	-0.0955379791052277	0.0750925928463637
0.212353639515395	0.17004452086387	0.324566397002552	-0.0183128900519891	-0.102947203255946	0.0668963865927744
0.222330870566311	0.136627887879469	0.341204474405524	-0.0142417413441929	-0.107890150483735	0.0571309228278804
0.226742676283813	0.0998929556517034	0.349384527956979	-0.00989961431002329	-0.110162913361269	0.045996282731353
0.225433552913087	0.0607853398559937	0.348847329703707	-0.00539185902281705	-0.109705086595301	0.0337697403412885
0.218413959119143	0.0203187735292966	0.339573904469691	-0.000825396406209353	-0.106529643687047	0.0207578519082241
0.205861025259837	-0.0204570038585827	0.321789718383354	0.00369418603098151	-0.100722637461422	0.00728773561382764
0.188247683182913	-0.0605221775960006	0.296172779586892	0.00807810620059383	-0.0925115933888496	-0.00630524256983838
0.165860902690913	-0.098813431884669	0.263101432406852	0.0122133245204364	-0.0820131047260881	-0.0196796648797202
0.139261087391365	-0.134360627923737	0.223381785113961	0.0160070861736164	-0.0694757963320989	-0.0325040052955282
0.109129827713713	-0.166286027211076	0.17801300104716	0.0193769110587236	-0.0552028545909906	-0.0444647431439002
0.0762502971389213	-0.193827054280028	0.128159589243843	0.0222519926079242	-0.0395445156250326	-0.0552747289844796
0.0415337069250452	-0.216486823930044	0.0751993956807378	0.0245964979346387	-0.0229163333851499	-0.0647237283954072
0.00581757448362611	-0.233586393981234	0.0203912825036255	0.0263332096108485	-0.0056922716858956	-0.0725359657458137
-0.0299828502106692	-0.244739098725856	-0.0348707534324847	0.0274211013612977	0.0117083458673035	-0.0785242357099096
-0.0649530210256352	-0.249723285753182	-0.089184717435823	0.0278346593436137	0.0288595347354418	-0.082552217665991
-0.0982052541270028	-0.248482888436966	-0.1411805273993	0.0275649281520018	0.0453389739299801	-0.084537282965307
-0.128969505458018	-0.241281871740222	-0.189654125460385	0.026640146072882	0.0607706836138866	-0.0845101402413215
-0.156396222014377	-0.228146198802954	-0.23327805898576	0.0250570466905573	0.0747263401685315	-0.0824112307163052
-0.179801311706078	-0.209416569630774	-0.270960710732224	0.0228505259390603	0.0868457008249323	-0.0782944659190954
-0.198623238673781	-0.185579043766567	-0.301783674777619	0.0200736796927449	0.0968163916886135	-0.0722672182891257
-0.212437311756233	-0.157253268714982	-0.325024014826312	0.0167970435881046	0.104383216840741	-0.0644875299698176
-0.221107567722859	-0.125267028180112	-0.340387932092148	0.0131119737482847	0.109428312788612	-0.0551989492805933
-0.224294099300799	-0.0903180931004625	-0.347265838474016	0.00910972245859079	0.111727011360489	-0.0445874755107327
-0.221951158314211	-0.0532790586292213	-0.34549637516859	0.00489737654191394	0.11120391008043	-0.032914814543387
-0.214181450580043	-0.0150797236807441	-0.335152966081282	0.000588490357501293	0.10786480742642	-0.0204714136356462
-0.201227973050218	0.0233180044469725	-0.316539605245907	-0.00370080429423511	0.101797265803107	-0.00756898946975833
-0.183598877818902	0.0609800717969666	-0.290391681561215	-0.00786999744150543	0.093238588035142	0.00547193756314479
-0.161575392716349	0.0969195974753947	-0.257119445127649	-0.0117897174992977	0.0823243087172483	0.0183192064406447
-0.135678792935824	0.130231745170666	-0.217532152768065	-0.0153526729028048	0.0693278928413486	0.0306485293607303
-0.106519937302906	0.160090298696792	-0.172603750494613	-0.0184640265628516	0.0545816767342307	0.0421506259874509
-0.0747866173294829	0.185770069462928	-0.123448067876078	-0.0210443546461451	0.0384668463635455	0.0525401077114332
-0.0412781866012872	0.206804493935413	-0.0713695339112267	-0.0230581775459837	0.021429759348587	0.0616090751885169
-0.00671853671864253	0.222520355196762	-0.0175468050765125	-0.0244250192037695	0.00387000982471784	0.069078219650757
0.0280850825218221	0.232534959452687	0.0367136237515335	-0.0251099359938113	-0.0137726364874975	0.0747586500636538
0.0623089575219328	0.236626933609952	0.0900935772356768	-0.0250992837654213	-0.0310592430459713	0.0785135310513918
0.0951302867898527	0.234739925157407	0.141295110430863	-0.0244011260662701	-0.0475630180494234	0.0802618021587899
0.125815729231877	0.227145721102772	0.18917226340194	-0.0230684442913801	-0.0629112448275815	0.0800400752598157
0.153507545137143	0.213864693874797	0.232421852566911	-0.0211159005893131	-0.0766893337052639	0.0777932562320149
0.177482795036546	0.195239705972485	0.26995544921956	-0.0185996088663434	-0.0885567586898398	0.0735829004846878
0.19711056760993	0.171759355990502	0.300832906013928	-0.015592147921734	-0.0982258008874003	0.0675250679312176
0.211873344326193	0.144044206259017	0.324287638561086	-0.0121803611014776	-0.105468477956418	0.0597865158793274
0.221529112517397	0.112922987108536	0.339967685885776	-0.00846995123548722	-0.110194068386866	0.050619033068963
0.225626380728315	0.0790792612066575	0.347190241399176	-0.00455598562041809	-0.11220260997159	0.0402130960346078
0.224016415966859	0.0433676190026282	0.345721273860462	-0.000546112532750086	-0.111438511026654	0.0288320474566314
0.216717014332695	0.00669289408523429	0.335568024623853	0.00345065897456505	-0.107920750206535	0.0167641234799093
0.203912954442813	-0.0300134506439462	0.316982264055827	0.00732725272243865	-0.101742300478381	0.00431493547360216
0.18608382832815	-0.065850035599741	0.290665793152903	0.0109954197095806	-0.0931377649966887	-0.00820482686859887
0.163525131782087	-0.0998653417414801	0.257022105715738	0.0143421906513345	-0.0822322028330625	-0.0204749266367401
0.136803932481592	-0.131187878372455	0.216877578210757	0.0172778597344387	-0.0692821109785739	-0.032184874625333
0.106607179905268	-0.159021715013562	0.171246898934989	0.0197260644941464	-0.0545982665327756	-0.043039682322312
0.0737218136335903	-0.18266837742403	0.121304278655913	0.0216258752611852	-0.038538137390928	-0.0527676713724608
0.0390583844163795	-0.201687600296023	0.0684262028564203	0.0229611935597826	-0.0215242177247402	-0.0611743772472742
0.00345833658311862	-0.215425886871307	0.0138738582447633	0.0236655214434474	-0.00393721596904885	-0.0679893099139546
-0.0321637051432993	-0.223524777083305	-0.0409680389447773	0.0237169474852158	0.0137970633263554	-0.0730313289854797
-0.0668958128720367	-0.225791963863627	-0.0947137524742073	0.0231122811425438	0.0312461294376298	-0.0761696836065005
-0.0998548690778896	-0.222207007890711	-0.146015623568494	0.021867430834813	0.0479809959989973	-0.0773284399499519
-0.130279917916588	-0.213090996144219	-0.193702529603771	0.0200442072612181	0.0636180825589353	-0.0765509504351344
-0.157325550685845	-0.198506394462333	-0.236469407947182	0.0176560578287805	0.0777232107903434	-0.0737856141504145
-0.180315907042451	-0.178848163237215	-0.273254262759186	0.0147593471066834	0.0899300175778748	-0.0691003078515041
-0.198699002965759	-0.154658046016622	-0.303168330274289	0.0114262443315959	0.0999207827872024	-0.062619355761507
-0.212060838480234	-0.126606480630003	-0.325516818974562	0.00774343329822108	0.107436231166638	-0.054519968389692
-0.220278203717699	-0.0955700212462501	-0.34003579811229	0.0038206558864439	0.112354840377976	-0.0450677648549782
-0.223021630364138	-0.0622532532572795	-0.346130684747358	-0.000249208877659533	0.114453833282372	-0.0344652168439878
-0.220257101997045	-0.0275215787238477	-0.343655498284261	-0.00435611518727708	0.113660988994719	-0.0229890565474886
-0.212098877113382	0.00772767772159103	-0.332694919132376	-0.00838703007715583	0.109987979951477	-0.0109399323053023
-0.198800979479471	0.0425899053900779	-0.313560407330168	-0.0122294543508627	0.103530830401115	0.00136648044807066
-0.180880840171014	0.0762079256851127	-0.286992981512685	-0.015787213391177	0.0945360832976281	0.0136125173549886
-0.158629828918084	0.107696610136707	-0.253402218690157	-0.0189430296675351	0.0831539986467706	0.0254776533276348
-0.132576830236181	0.136263184244753	-0.213596090139147	-0.0216016485504705	0.0696723806875065	0.0366567694111133
-0.103338357678905	0.161201512631271	-0.168545748377661	-0.0236822962316328	0.0544382788184259	0.0468670163082088
-0.0716056916546238	0.181909789175848	-0.119361186910575	-0.0251215380115863	0.0378472285242611	0.0558555719633992
-0.0381772069690154	0.198048560627266	-0.0673403413201469	-0.0259029618533494	0.0203579471177139	0.0634527652530778
-0.00377879309906084	0.209057449510948	-0.0136594592586699	-0.0259643040053756	0.00238320217370989	0.0694177294337548
0.0307848857694161	0.214663606982394	0.0403799475910958	-0.0252908481678807	-0.0156271496390475	0.0736014880265197
0.0646950986299408	0.214746971276324	0.093465468070373	-0.023890571438761	-0.0332264276100698	0.0759057361772558
0.0971363053935731	0.20934249361718	0.144305836897984	-0.0217946517676878	-0.0499825432572331	0.076284713337844
0.127386608704362	0.198810385734275	0.191766755652766	-0.0190843232130649	-0.0655196301827454	0.0748083058697675
0.154596306875239	0.183226302963201	0.234548401895772	-0.0157954502120887	-0.0794225657521019	0.071442202184795
0.1780540693397	0.162982306825969	0.27157115069405	-0.0120092414937287	-0.0913520479650956	0.0662640567856216
0.197141790178832	0.138601597877693	0.301905542178745	-0.0078240446082232	-0.101022992983635	0.0593992487885114
0.21135563089395	0.110724376033835	0.324797740932319	-0.00335285486588294	-0.10821096947116	0.0510178728163189
0.220468773144003	0.0801925482030091	0.339914399841268	0.00126738171149453	-0.112827731005305	0.0413743140686086
0.224042615674853	0.047665765398042	0.346583817961985	0.00592352284028858	-0.114679483172779	0.0306489767172529
0.221941996106233	0.0139674721564804	0.344587981130645	0.0104866207755879	-0.113715296362478	0.0190964224972327
0.21419768536315	-0.0200450089612906	0.333950805092539	0.0148285652252324	-0.109958511623052	0.00699565855261549
0.201006530897862	-0.0535048233746659	0.31494055032698	0.0188260581472019	-0.103506170956554	-0.00535603596060641
0.182858512043216	-0.0855872980718435	0.288276240958212	0.0223729888695077	-0.0945947044668232	-0.0176510397031736
0.160059043792588	-0.115450620186619	0.254371445029277	0.025356091428295	-0.0833563624378916	-0.0295788747098294
0.13318263182954	-0.142343332995151	0.214060727553869	0.0276855183101576	-0.0700533613323153	-0.0408343059146519
0.102921301668022	-0.165604180614448	0.168362617479737	0.0292909734515925	-0.055003010414487	-0.0511269605067755
0.0700643997567812	-0.184679900946176	0.11845054295405	0.0301245763085807	-0.0385702638105584	-0.0601899416236211
0.0355204609262935	-0.199278371155633	0.0656957580177552	0.0301871300878227	-0.0211842790391385	-0.067833436435951
0.000129597448282682	-0.208894976666901	0.0113504866900437	0.0294462999161107	-0.00323752193550983	-0.0737961864376149
-0.0351994928978431	-0.213302855533526	-0.0432125291217198	0.0279177106697125	0.0148339766800733	-0.0779068254362252
-0.0695637590499738	-0.21241809454879	-0.0966211036473804	0.0256420401213725	0.0325878369233178	-0.0800463226798395
-0.10209156576698	-0.206298036266186	-0.147541274014797	0.0226836990023805	0.0495861839158041	-0.0801521709848902
-0.132037126920417	-0.195308315389615	-0.194815298765727	0.0191542616433917	0.0654388818714677	-0.0782847957916826
-0.158567571286226	-0.179513495482613	-0.237147302791872	0.0151190553809164	0.0797055565810383	-0.0744048986619784
-0.181021735551928	-0.159274255259637	-0.273482524898894	0.0106808598432065	0.0920171254324361	-0.0685939386580503
-0.198862144143393	-0.135065877790713	-0.30293678491081	0.00595113425149259	0.102055923885786	-0.0609892472809793
-0.211688411880363	-0.107468031860476	-0.324817797891205	0.00104624501065741	0.109565383320449	-0.0517805516921002
-0.219390234289302	-0.0772569381425504	-0.338864037549805	-0.00390265833278007	0.114428268099855	-0.0412507633558022
-0.221647257276515	-0.0450189589156902	-0.344481076127871	-0.0087998477826273	0.116429526992311	-0.0296078670158548
-0.218433124098242	-0.0115085585044447	-0.341524894942703	-0.0135409064268418	0.115505407010462	-0.0171381185530526
-0.20986766037753	0.022477782274384	-0.330084380966184	-0.0180274016027606	0.111676631735205	-0.00415210750832413
-0.196208651484577	0.0561209583623132	-0.310478331547753	-0.0221674394498142	0.105048170204271	0.00902351141323388
-0.177975523206108	0.088623010870816	-0.283459498271193	-0.0258811150138778	0.0958728110296046	0.0220532899566269
-0.155461760641351	0.119157296312897	-0.249450825158595	-0.0290830255452565	0.0843106060791283	0.0346098112840861
-0.129197406219203	0.146962079363662	-0.209276711104882	-0.0316991102851137	0.0706557838761353	0.0463745218807035
-0.0998000968591311	0.17134288004811	-0.163926394664447	-0.033662973249431	0.0552599722067914	0.0570492470922098
-0.0679625582427294	0.191691116330008	-0.114528450191106	-0.0349171778836558	0.0385212714506655	0.0663639282118784
-0.0344840144089336	0.20763485387518	-0.0623985786122493	-0.0354349259195606	0.0208965918742615	0.0741267809193173
-9.45079831377297e-05	0.21858739211651	-0.00872862690756412	-0.0351545887086812	0.00280077219959854	0.0800820095417767
0.0343980604935882	0.224226070913962	0.0451682287406193	-0.0340487502681776	-0.0153181806397107	0.0840622466594562
0.0681718522463461	0.22436999005476	0.0979726954799031	-0.0321091170205068	-0.0330167280620873	0.0859523152239479
0.100408829052957	0.21898636928061	0.148392073643217	-0.0293497061102522	-0.0498667893750933	0.085693084933423
0.130386767253138	0.208359634525952	0.195296998032048	-0.0258323030401943	-0.0654984283437532	0.0833468178922076
0.157254787310289	0.192509037440796	0.237396539131604	-0.0215880608762483	-0.0794984091088576	0.0788801315185111
0.180303529518749	0.171768380477145	0.273625657373625	-0.0166954615351601	-0.0915304268528441	0.0723802552125375
0.19891938909132	0.146613321710627	0.303073730908779	-0.0112575002945716	-0.101311508530021	0.0639931038323839
0.212605763278994	0.117650929634221	0.325008986673232	-0.00539955121241223	-0.108618191595523	0.0539210500610816
0.221146068366543	0.0857060723167632	0.339122342406339	0.000720291386834538	-0.113362006530345	0.0424651439176224
0.224113737747413	0.0514420445474812	0.344767140723022	0.00696429036021636	-0.115347314604952	0.0298558087854872
0.221387699143685	0.0156982538125947	0.341750047576323	0.0131733514705453	-0.114520604741479	0.016406235799963
0.213014112900955	-0.0206375803175859	0.330118750832858	0.0191858281961442	-0.110901795127824	0.0024575346568427
0.19920586658286	-0.0566544701810412	0.310164052517681	0.024842775066139	-0.104583873671352	-0.0116309759770037
0.180468451639982	-0.0914645437054414	0.282624927802918	0.0299958050377917	-0.0957974626386243	-0.0254887842642084
0.157123474131147	-0.124163574378385	0.247937033724348	0.0345024688087841	-0.0846720411392902	-0.0387603777086354
0.129759593414967	-0.153922364479134	0.206953843540878	0.0382398526439679	-0.0714662147170104	-0.0511020226542317
0.0990812410371273	-0.179991821640009	0.160711295559483	0.0411054692300579	-0.0564941154087986	-0.0621968935092456
0.0658882290310122	-0.201722495637459	0.110398628228137	0.0430199191967637	-0.0401180815033406	-0.0717642615782121
0.0310966999791719	-0.218708999980959	0.0573985246316392	0.0439462809254695	-0.0227631495830128	-0.0796079686620201
-0.00444543676836488	-0.230362140974388	0.00297802162084841	0.0438316252098017	-0.0048236842604119	-0.0854828749393265
-0.0398247637451778	-0.236364740556201	-0.0514820564582916	0.0426666735883887	0.0132634373667635	-0.0892382262977481
-0.0741356157891511	-0.236555070930985	-0.104606539515714	0.0404698611967928	0.0310541734471216	-0.0907822277916793
-0.106505873670697	-0.230931769200372	-0.155064437041922	0.0372872161978629	0.0481083921551439	-0.0900836854520139
-0.136192191037155	-0.219811850653657	-0.201709577299596	0.0332124402838722	0.0640354001000615	-0.0872325164868411
-0.162364667478443	-0.203275231459572	-0.243258678948978	0.0283123443861385	0.0783893961989896	-0.0822275723324234
-0.184368298188082	-0.181709369628209	-0.278677798836938	0.0226951981567122	0.0907982958896809	-0.0751822120433206
-0.201674364111495	-0.155640440968756	-0.307108421570856	0.0164881400614917	0.100942249927022	-0.0662626032220487
-0.213893876181028	-0.125718065313078	-0.327887165855849	0.00983415154463895	0.108563587910106	-0.0556842025658289
-0.220930622023327	-0.092791036935465	-0.340782979379517	0.00290073360400833	0.113545983699188	-0.0437522176377716
-0.222480282425635	-0.0575488766783583	-0.345230707149729	-0.00416620111949227	0.115674143656362	-0.0306983156147017
-0.218534316406999	-0.0208341940397395	-0.341113293255103	-0.0112058988696404	0.114886066827617	-0.0168294788122176
-0.209231577820346	0.0164764053955117	-0.328542909023187	-0.0180575451838273	0.111204664655301	-0.00247734333934271
-0.194849495063876	0.0534936820319887	-0.30785736007208	-0.0245633307631552	0.104736905667969	0.012008818819391
-0.175926411496879	0.089357801107878	-0.27982204714206	-0.0305745012335562	0.0957360213525475	0.0262665272514141
-0.152775759980666	0.123188028822843	-0.244874105817776	-0.0359437767098635	0.0843627893668032	0.0399437337916024
-0.125945120755969	0.15417350278932	-0.203846572027395	-0.0405401121478088	0.0709104315506207	0.0526957270759415
-0.0960674866693901	0.181570401529206	-0.157735223511355	-0.0442482259898994	0.0557280852353201	0.0641992561300541
-0.0638482725465997	0.204716963987775	-0.107674220726399	-0.0469713006255756	0.039209943453839	0.0741621723774083
-0.0300950790042638	0.223170713746858	-0.0549817010478069	-0.0486493385936024	0.0218059890635201	0.0823717353297971
0.00445382369886016	0.236296843694243	-0.000860466190837888	-0.0492073925182509	0.00392788711225124	0.0885677375682686
0.0389873314162382	0.243711681970124	0.0533685991029141	-0.0486122555160655	-0.0139811096260758	0.0925839845610028
0.0726841281333263	0.245175063930323	0.106378539629223	-0.0468594705048636	-0.0314818485763282	0.0943159423005695
0.104730337525155	0.240601872002488	0.156869595960029	-0.0439750369116134	-0.0481500566291117	0.0937239575911568
0.134412360416464	0.2302201012523	0.203709148196184	-0.0400350229490312	-0.0636209773958217	0.0908926530161124
0.16088834356919	0.214050648875174	0.245599072963957	-0.0351004788795383	-0.0774810590484767	0.0858261786391229
0.183461641679176	0.19243224429721	0.281473162864892	-0.0292795753603435	-0.0893952473086225	0.0786461431486515
0.201533470626173	0.165867032456224	0.310423811156567	-0.0227080081518222	-0.099081704183822	0.0695308592073746
0.214623601045395	0.135009838855034	0.331726963541664	-0.0155461800476035	-0.106318252686232	0.0587102758381093
0.222532827552674	0.10073873047624	0.345086771371228	-0.00798562954675321	-0.111019217719832	0.0465025219208411
0.224852285632059	0.0638208649042434	0.349872771910345	-0.000207564571094418	-0.112989172702259	0.0331563798510688
0.221478335828693	0.0251929331369506	0.345912269012204	0.00758961978222586	-0.112176842538465	0.0189901982024438
0.212473849876089	-0.0141566300562397	0.333276457145687	0.0152059713171377	-0.108604880147685	0.00434248029650616
0.198067293146762	-0.0532179727940163	0.312281263087364	0.0224462655912709	-0.102369256579865	-0.0104357589105289
0.178776981885532	-0.0910158824165928	0.283689889008173	0.0291306125847504	-0.0937032985199122	-0.0249872526940655
0.154938595880276	-0.126556323628653	0.247963710901814	0.0350852227318782	-0.082739119457487	-0.0389648435660325
0.12715121419813	-0.158943032439276	0.205977782997839	0.0401651692162973	-0.0697376638779366	-0.0520348408229741
0.0961270982205865	-0.187377352167602	0.158785877836672	0.0442533953752087	-0.0550145859089094	-0.0638870842685593
0.0626711496379811	-0.211177551739136	0.107590975345863	0.0472632947136506	-0.038932480922402	-0.0742424159811447
0.0276999815228159	-0.229915698882512	0.0537838508636598	0.0491562517709811	-0.0219134558900871	-0.0828992280490979
-0.00793605885786887	-0.243005499363333	-0.00135894045013631	0.049884675872189	-0.00435028839633447	-0.0896021811940672
-0.0433255731946961	-0.250136258508818	-0.0564513759257782	0.0494484730477596	0.0133251816301694	-0.0941848485545579
-0.0775671094070284	-0.25115654560617	-0.110114144878638	0.047876845483735	0.0306764220977654	-0.096535229758505
-0.109794499648294	-0.246074762557645	-0.161012009474223	0.0452257404995822	0.0472733379342813	-0.0965985078608299
-0.139272810933529	-0.235201564077931	-0.207995016036391	0.0415924650418806	0.0627395312425182	-0.0944354483574117
-0.165178189885863	-0.218635553117895	-0.249771538809419	0.0370513161248196	0.0766406025650903	-0.0900234001653038
-0.186863327902467	-0.19676243847512	-0.28530042568511	0.0317106107368695	0.0886187919398518	-0.0834517801335406
-0.203807353666405	-0.170101834529064	-0.313716713725038	0.0256934288342242	0.0983687345181381	-0.0748648221864808
-0.215629205330668	-0.139296237847003	-0.334352890178333	0.019135670621198	0.10564640883244	-0.0644590564371158
-0.222240469815369	-0.105179267881633	-0.346978155451862	0.0121915688465482	0.110348709219737	-0.0525200352372696
-0.223345501304908	-0.0684683754380483	-0.351031989053971	0.00500617241478688	0.112267443347877	-0.0392752115815454
-0.218944510753596	-0.030030720854258	-0.346408625329435	-0.00226388754448813	0.111346154384109	-0.0250265053769168
-0.209185553026469	0.00921815635680738	-0.333237871431303	-0.00945876386457435	0.10761002050098	-0.0101045182614062
-0.194355710706756	0.0483350151738104	-0.311880692081065	-0.0164176223507497	0.101165098754852	0.00513838706389236
-0.175001613438946	0.0864013299035701	-0.283128803362969	-0.02298887057011	0.0922611301784891	0.0203359985792004
-0.151449121855357	0.122446362882538	-0.247448880689524	-0.0290076001286622	0.0810525382072648	0.0351185338025801
-0.124255929837217	0.155578832405824	-0.205701306515194	-0.0343287899852166	0.0678253931345212	0.0491237856673446
-0.0940640431202203	0.184980940767601	-0.158905349558717	-0.0388231714203447	0.0529211059301567	0.0620065147312096
-0.0615863124401892	0.209930128623913	-0.108212859330344	-0.0423814057621753	0.0367261098326702	0.0734476915686463
-0.0276337505894519	0.22994283042513	-0.054951450206392	-0.0449353905529446	0.0196819427088555	0.0832039332675534
0.00704897016551063	0.244361691020591	-0.000329565761264816	-0.0464009871647797	0.00219467710733288	0.0909757440475553
0.0416489236881273	0.25280420264536	0.0543341937494464	-0.0467434301131236	-0.0152980791398174	0.0965566955338378
0.0753453341066146	0.25505199633566	0.107720046712302	-0.045961188248907	-0.0323623150580611	0.0998001075642232
0.107327018255967	0.251058221787427	0.158538124916205	-0.0440862811515147	-0.048578716477253	0.100623884663812
0.136886059710341	0.241093500754814	0.205666722562304	-0.0411994936201136	-0.0635894282041317	0.0990704160752517
0.16318482342883	0.225239886251464	0.247814991397109	-0.0373701580982801	-0.0769840152906989	0.0951082610073537
0.185533333667397	0.203884499114361	0.283921263826294	-0.0327093858933719	-0.0884327793421691	0.0888291127796759
0.20334037107255	0.177565739241757	0.313077972833165	-0.0273493781101098	-0.0976601023208885	0.0803889649347171
0.216133889197391	0.146957956210293	0.334556431804462	-0.0214384075921625	-0.104451032413718	0.0700036319840337
0.223722837619939	0.112929978325328	0.348051298959665	-0.0151406258385049	-0.108729679603087	0.0579821514043866
0.225707543521476	0.0762448829554667	0.352921789289299	-0.00861249373125404	-0.110307517026823	0.0445788041155191
0.221993109044146	0.0378069308118286	0.348983201462343	-0.00201334089854681	-0.10914234679013	0.0301210516747671
0.2126508256044	-0.00144152095478382	0.336295710672694	0.00450317057973017	-0.10526621710456	0.0149613759444978
0.197917057465703	-0.0405442453200757	0.315167110702741	0.0107923424214672	-0.0987843556521335	-0.000531840746019402
0.178315784239176	-0.0785892459734904	0.286354783612229	0.0167307786716482	-0.0899390432891249	-0.0159848131582102
0.154191310826077	-0.114616188534982	0.250325221982956	0.0221843975630436	-0.0788689692271357	-0.0310247482851904
0.126148699167397	-0.147758779528605	0.207962457209354	0.0270471067820589	-0.0658404467261458	-0.0452953829694246
0.0949050510788128	-0.177231015168814	0.160334971653073	0.0312309884510902	-0.0511722139471654	-0.0584633639457492
0.0612689436484202	-0.202344301278906	0.10866525861193	0.0346664960569987	-0.0352272800133804	-0.0702252172254982
0.0261576225400267	-0.222650073444389	0.0543643270046706	0.0373215004623856	-0.0184244896727687	-0.0803553235082912
-0.00957434403024241	-0.237510806189966	-0.00126304691068527	0.0391329627299095	-0.00115242449823819	-0.088566610993374
-0.0450147058927217	-0.246558579706927	-0.0568061615433868	0.0400764980089402	0.0161640126180837	-0.0946632804312209
-0.0792625455948969	-0.249578926533422	-0.11086376146646	0.0401454348058005	0.0330970537551874	-0.0985032859889174
-0.111453621223012	-0.24651783128692	-0.162082984405219	0.0393498681272676	0.0492267228039385	-0.100001503047547
-0.140857735098332	-0.237629954981095	-0.20930311243215	0.0377332230569558	0.0641888775371243	-0.0991895438537917
-0.166653300078258	-0.222968219119331	-0.25122362312622	0.0353097455615446	0.0775587624929173	-0.0960146834748282
-0.188198194115636	-0.202889239697957	-0.286802122173561	0.0321270316503768	0.0889889358057653	-0.0905424184804284
-0.204977731788998	-0.17789859631095	-0.31517743051511	0.0282479640008329	0.0981839273294313	-0.0828981138589979
-0.216617624307854	-0.148637470829713	-0.335689585159115	0.0237508552142463	0.104909244914978	-0.0732649618426966
-0.22303658594215	-0.115940999081579	-0.348116648401682	0.0187341784680634	0.109072003547989	-0.0619200743694739
-0.223944888303676	-0.0805449647017747	-0.351910190705445	0.0132990377844229	0.11047210420592	-0.0490892504717928
-0.219348297703408	-0.0433325854310073	-0.346975946971578	0.00756443853425231	0.109061937296233	-0.0350781563101643
-0.209399297009601	-0.00523140275764576	-0.333454726032022	0.00166098558588952	0.104875629917159	-0.0202256915451135
-0.194388079759304	0.0328117524139617	-0.31171787199623	-0.00427159537106176	0.0980282758270934	-0.00489579250019812
-0.174861813995532	0.0698953480719034	-0.282563665493471	-0.0100997628363354	0.0887787311857113	0.0105339426129618
-0.151148836366149	0.10505612700923	-0.24647426157204	-0.0156597373811459	0.0772897051685146	0.0256767922620798
-0.123807257631694	0.137428195837887	-0.204323029275878	-0.0208067471584103	0.0638551955989147	0.04015764814441
-0.0934791053931396	0.166227974218912	-0.157143590174753	-0.02540770315421	0.0488234085132568	0.0536207018046732
-0.0608773154092407	0.190773645077713	-0.106103570860801	-0.0293460940728817	0.0325859576541544	0.0657389461382956
-0.0268111987686355	0.210634538310338	-0.0525429051621756	-0.0325481436094477	0.0155871300538	0.0762657835435838
0.00796994639338457	0.225184529623392	0.00230656243293087	-0.0349088555757039	-0.0017657489007591	0.0848933854557967
0.0426503566200582	0.234078748854629	0.0571092956514087	-0.0363753792584368	-0.0190360090938672	0.0914125225447459
0.0764059480994528	0.237129722253631	0.110532077093464	-0.0369243685968558	-0.0357928184614765	0.0956738686702404
0.10842199451097	0.234311076245073	0.161276708038094	-0.0365612198365886	-0.0516223440195529	0.097590814605759
0.137989187595361	0.225904236659844	0.208222684179758	-0.0353374883233528	-0.0661749695392449	0.0971990343477041
0.164263752945167	0.211974961161048	0.250079227493303	-0.0332789801664497	-0.0790496896460437	0.0944503466637176
0.186552992018855	0.192887294483895	0.285795879165846	-0.0304542155033874	-0.0899279988098403	0.0894176753863095
0.204264444410937	0.169142537840072	0.314482951259345	-0.0269499646142195	-0.0985469366860278	0.0822332134464617
0.216926513524676	0.141364435178961	0.335434699425901	-0.0228674036366293	-0.104705501859012	0.0730844084011084
0.224351026685057	0.110356199233891	0.348372014721221	-0.0183237513033507	-0.108342898964009	0.0622485947082897
0.226141077574416	0.0768114115295063	0.352679564128264	-0.0134285093450909	-0.109286324856958	0.0499462630148
0.222207128460272	0.0415628365879683	0.348197424597691	-0.00830051481935424	-0.107509332822207	0.0364730683112042
0.212627281069488	0.00548114566556301	0.335007038227207	-0.00305924572962546	-0.103059375860805	0.0221532907846128
0.197645800651647	-0.030547904659104	0.313432461043054	0.0021774422495554	-0.0960562578710724	0.00733272425216445
0.177794021744425	-0.0656891649452103	0.284239030711763	0.00730752991100791	-0.0867552108726574	-0.00763179932364568
0.153426758741336	-0.0990383712764391	0.247901342693643	0.012204038414307	-0.0753068516145103	-0.0223727535163204
0.125158264960249	-0.129787072963986	0.205304048329231	0.0167617913234942	-0.061986951308737	-0.0365327768340459
0.0937142398732591	-0.157203531968599	0.157512161457109	0.0208855750944078	-0.0471211715917243	-0.0497699583779053
0.0599109260483074	-0.180650050300523	0.105742023453098	0.0244908993899988	-0.0310766648499199	-0.0617658802565863
0.024669584882687	-0.199733759850181	0.0513931402122879	0.0275284923824286	-0.0142732678655252	-0.0722774927468706
-0.0111464821213489	-0.213845028269964	-0.00423077042543576	0.029901195878332	0.00290181848741647	-0.080990970253876
-0.0466204633121688	-0.222643947529861	-0.0597234242684093	0.0315531852764987	0.0200277716913225	-0.087686346619266
-0.0808486063121872	-0.225931904494565	-0.113686594841551	0.0324454930214504	0.0366833600311642	-0.0921985151105292
-0.11296556657559	-0.223655236816016	-0.164769020357974	0.0325568051799851	0.0524573828358996	-0.0944215293485145
-0.142244018774454	-0.216056629423394	-0.211814645345797	0.031906019069321	0.0669962311915031	-0.0943711281327018
-0.167861182533784	-0.203142718868273	-0.253516978775121	0.0304750401645255	0.0798878472485704	-0.0919764940820703
-0.189178029156007	-0.185215602970759	-0.288833321244757	0.028290919076911	0.0907979580878863	-0.0872918804111129
-0.205684846871281	-0.162712463595247	-0.316904364985451	0.0254021586741159	0.0994447080609151	-0.0804349189871936
-0.217014188854282	-0.136195397472947	-0.337074932399042	0.0218780154298046	0.105607243323048	-0.0715836737634824
-0.2230941852633	-0.106414418800102	-0.349133548985825	0.0178137559780183	0.109205390556007	-0.0610121421936868
-0.223644107226834	-0.074014131996618	-0.352539123034554	0.0133035232622917	0.110052478645405	-0.0489417533997979
-0.218681156170152	-0.0397936644617276	-0.347210784831475	0.00846386970024993	0.108112208685377	-0.0356750540234564
-0.208370373418075	-0.00460262491774031	-0.33330480413572	0.00342254547891389	0.103428503015164	-0.0215470729555679
-0.193015113278487	0.0306828837533832	-0.311208562418978	-0.00168535544844625	0.0961247170001159	-0.00691649036557975
-0.173174512942494	0.0652285776524417	-0.281734892373712	-0.0067343044459931	0.0864660054039179	0.00784721920625401
-0.149190872199608	0.098122486161879	-0.245378317704651	-0.01156933430311	0.0746216151214616	0.0223645661503965
-0.121633770568654	0.128543498161236	-0.203020900193853	-0.0160560071117765	0.0608900790018297	0.0362692256563797
-0.091154572726242	0.155743310242407	-0.155700246856318	-0.0200717693233534	0.0456231604296021	0.0492145019856627
-0.0584728748862612	0.17906469506822	-0.10458287705774	-0.0235096923541342	0.0292152894013743	0.0608821928277407
-0.0243992811626024	0.19809614337958	-0.051000062963636	-0.0263061996019684	0.0121126853000296	0.0710357516972606
0.0103130608516279	0.212199504718016	0.00382239514289409	-0.0283575728958387	-0.00527522071254911	0.0793704555543667
0.0448499751141036	0.221009277834608	0.0585599942984536	-0.029612273869371	-0.0225109451024777	0.0856802257053248
0.078391915923197	0.224301913401758	0.111891448078919	-0.0300460071925409	-0.0391639736230379	0.0898167692156153
0.110131295882052	0.222001033384444	0.162529778223814	-0.0296616339758914	-0.0548221895112945	0.0916926355509715
0.139370174655444	0.214334391493959	0.209366768524501	-0.0285100197476533	-0.0691392875858895	0.0913436670617706
0.165272592885356	0.201290319422451	0.251112811359843	-0.02660962061109	-0.0817194636160228	0.0887151287193502
0.18715700630637	0.183163914135729	0.28671869253689	-0.0240262480870251	-0.0922508674379363	0.083876910688812
0.204442916594285	0.160394035604697	0.315292825830535	-0.0208454819753734	-0.100478654358978	0.076959432615134
0.216671136790234	0.13355342517262	0.33612512509937	-0.0171684075702606	-0.106211104321033	0.0681498570281965
0.223666742746719	0.103413036430501	0.348932684464301	-0.0131140201130349	-0.109397113527895	0.0577281046432144
0.225044057078765	0.0706401190641348	0.353091513007546	-0.0087883564529394	-0.10987484297363	0.0459135374792198
0.220725274995781	0.0360635137567515	0.348437669372239	-0.00430894429665648	-0.107627453842775	0.033004108955182
0.21079963965591	0.00056492666623441	0.335051958214017	0.000207615684852791	-0.102711074448968	0.0193257619086352
0.195521679004299	-0.0349475336612341	0.313261907826341	0.00464882233641566	-0.0952531848626055	0.00522354568118879
0.17543083687934	-0.0696097197450565	0.283840603890132	0.00892037701478828	-0.0855151736581074	-0.00895051240676137
0.150890724847427	-0.10248474945659	0.247273965236445	0.0129084682934315	-0.0736549634994564	-0.0228399227421544
0.122521780832685	-0.13273042979893	0.20446227077656	0.0165209225714715	-0.0599537743194385	-0.0361022682993138
0.0910536754328104	-0.159583306111082	0.156488350587722	0.0196768334947513	-0.0447422898005262	-0.0484158348386056
0.0573040480553423	-0.182377998156429	0.104586658272219	0.0223070718794016	-0.0283926533380841	-0.0594872721314887
0.0221906534783024	-0.200703549549092	0.05017194568006	0.0243778883515819	-0.0113291207187838	-0.0691040803033787
-0.0134247361621033	-0.213929228360268	-0.00543789854939099	0.0258103974864383	0.00605416080869254	-0.0769815299649258
-0.0486316992626426	-0.221705977518993	-0.0608280453578205	0.026565721585663	0.0233304424254986	-0.0829296951327365
-0.0825356858072268	-0.2238354137822	-0.114597667518876	0.0266217539118871	0.040072843787992	-0.086811355517654
-0.114283042471564	-0.220274745828316	-0.165399342868184	0.0259740535083727	0.055865169623981	-0.0885445527280734
-0.143161994446282	-0.211294586057478	-0.212088084897867	0.0246575505063033	0.0703506293285483	-0.088166391859042
-0.168361856090066	-0.196927951183743	-0.253371500881114	0.0226725059805759	0.0831137159902267	-0.0856145270939991
-0.189257970720516	-0.177521307739844	-0.288226128365886	0.0200636985895281	0.0938191450947792	-0.0809488026315832
-0.205354570969829	-0.153566933712849	-0.315814336825102	0.0168968729942552	0.102186219492958	-0.0742864095151357
-0.216296933947398	-0.125690115201358	-0.335503260354964	0.0132571979498053	0.107997687542982	-0.0657991556994001
-0.222024559190287	-0.0947123246032114	-0.347102762555888	0.00925346054721244	0.11117976515516	-0.0557517208956032
-0.222264215284254	-0.0613398972564621	-0.350090192238938	0.00498934088829932	0.111554452608147	-0.0443450028433577
-0.217038689931016	-0.0264354876769244	-0.344400689785748	0.000588039264194105	0.109096102864785	-0.0318617867737034
-0.206516011099388	0.00909498507485748	-0.330203042346	-0.00382130175796848	0.103861269319487	-0.0186149329513607
-0.191000146453879	0.0443300036699477	-0.307893524089237	-0.00810890729036068	0.0959877222937729	-0.00493868075792202
-0.171047787976433	0.0784031535950505	-0.278289655852838	-0.0121604268198571	0.0857557995695568	0.00882313283464308
-0.146999956996229	0.110388196779418	-0.241889421726094	-0.0158461472534803	0.0733528797423685	0.022321896114635
-0.119423465413594	0.139462062279092	-0.199576551944674	-0.0190603060451771	0.0590944646787678	0.0352200015429613
-0.0889667482415634	0.164889894781703	-0.152389089536494	-0.0217152027902209	0.0433485777185813	0.0471992639643698
-0.0563466357082847	0.186043817337549	-0.101492886098299	-0.0237438448539202	0.026524569851545	0.0579693900590305
-0.0223693071875839	0.202558991390213	-0.0482160354028695	-0.0251223559291039	0.00908028362980445	0.0673211400306175
0.0122114333344949	0.213857201845052	0.00621734932174924	-0.0257972953496264	-0.00856230225499049	0.0749743198373828
0.0465821319882157	0.219645156771059	0.06048663183091	-0.0257597147211204	-0.0259581331870281	0.0807435096679947
0.0799239718441176	0.219782735605884	0.113276233575438	-0.0250224529441943	-0.0426728110145734	0.0844965352502023
0.111430548936299	0.214286287174818	0.163307221971891	-0.0236181363160282	-0.0582940911028408	0.0861567703883011
0.140407523345414	0.203483628526406	0.209483015592574	-0.0216155916412428	-0.0724803665452057	0.085766423280482
0.166019979366429	0.187464638129415	0.250526282984114	-0.0190505598940667	-0.0848406907743992	0.0832672248448041
0.187590167445959	0.166625361703844	0.285403597489547	-0.0159940079756209	-0.0950721309589515	0.0787209379954559
0.204542763734006	0.141499750352782	0.313241442663506	-0.0125290990488163	-0.102931029807434	0.0722437050575415
0.216425066563968	0.112745178696242	0.333349505674814	-0.00874866079265755	-0.10823855340914	0.0640026490848163
0.223069818618234	0.0812026032513568	0.345465074176205	-0.00475865284710687	-0.110958143392229	0.0542538385347716
0.224099439840154	0.0475907868938825	0.348985522572871	-0.000652394233826485	-0.110941925106512	0.0431854047508793
0.219444911763852	0.0127730490570952	0.343767502584528	0.0034644055508984	-0.108187249124391	0.031065180698646
0.209204254336632	-0.0223542758903165	0.329910734894242	0.00748528703928384	-0.10276410317707	0.0181892171533844
0.193640316033815	-0.0568887745140272	0.307758882165083	0.0113064367504764	-0.0948133518066375	0.0048741957852441
0.17329870940943	-0.0899916436913076	0.278095186452373	0.0148399430229688	-0.0846087285816209	-0.00855294470164916
0.14855112987432	-0.120771480839209	0.241416193599707	0.0179845216095727	-0.0723211178753176	-0.0217592987381648
0.120024061026518	-0.148442802072423	0.198626386829866	0.0206581193669224	-0.0582425352179661	-0.0344179712731663
0.088451982477663	-0.172310767450406	0.150807723050265	0.0227926808832356	-0.0427129732089952	-0.0462166598632604
0.0546559606053713	-0.191788793126893	0.0991887106904346	0.0243364125558365	-0.0261122448825998	-0.056865911044214
0.0195539192644258	-0.206551738950452	0.0451705354415595	0.0252747831420659	-0.00886909342323012	-0.0661519654905731
-0.0159894371726864	-0.21606589772757	-0.00993920366776434	0.0255638692910149	0.00861642859748722	-0.0737878542229161
-0.0510634512066142	-0.220076270393139	-0.064741015553612	0.02519841857861	0.0259161143629795	-0.079576549677713
-0.0847746436352968	-0.21847763698594	-0.117850766845049	0.0241918633227915	0.0426045750653572	-0.0833719652672219
-0.116271877825168	-0.211317768319874	-0.167938086126409	0.0225750244034802	0.0582700612263564	-0.085082845565135
-0.144848746123888	-0.198950074022634	-0.213876747303283	0.0204112607565764	0.0725645655556777	-0.0847363729663229
-0.169698512806594	-0.181493608671364	-0.254386864004932	0.0177337472842437	0.085079890607865	-0.082264760574903
-0.190203195180112	-0.159365287540914	-0.288458408252389	0.0146074673417949	0.0954918703065708	-0.0777221446844644
-0.205875251953578	-0.13311595675772	-0.315266227205761	0.0111078865837221	0.103532485359145	-0.071220928615072
-0.21636962986451	-0.103416749334372	-0.334189401456809	0.00731837937307184	0.108998039470437	-0.0629285863986406
-0.22163676741269	-0.0711178349940848	-0.345049576769763	0.0033323663328887	0.111829245038811	-0.0531041262216746
-0.221414991252663	-0.0369516570542273	-0.347336265187112	-0.000766549933613369	0.111860160077107	-0.0419448365001578
-0.215739298980761	-0.00179030300638028	-0.340997325137926	-0.00488337121221485	0.109076574990713	-0.0297292136328291
-0.204789843219686	0.033463277164912	-0.326214452210998	-0.00892070943316179	0.103544829687347	-0.0167652054912126
-0.188882055200758	0.0679027504561551	-0.30339640128661	-0.0127807571897966	0.0954106275071992	-0.00338124712998572
-0.16858160757844	0.100690745077878	-0.27336949240333	-0.0163773498613693	0.0849598076066355	0.0100857250324779
-0.144239899968695	0.130938640484056	-0.236643974047775	-0.0196054937783653	0.0723846826722946	0.0232946741747917
-0.11643139844712	0.157870691142308	-0.194110848505269	-0.0223732372901876	0.058002610771212	0.035913085225796
-0.0858102662435896	0.18080973110295	-0.146811831885788	-0.0245973419282587	0.0421813150876082	0.0476260702481478
-0.0530970338546672	0.199196386668275	-0.0959125335428648	-0.0262071479756058	0.0253278751777353	0.0581447020313417
-0.0190976081722712	0.212742659669575	-0.0427338548743197	-0.0271662190635184	0.00789459114180049	0.0672578839753183
0.0154316225725636	0.220963472957306	0.0115027478733288	-0.0274142514760409	-0.00969980770911581	0.074685537883346
0.0496778219867986	0.223656882142358	0.06548424818827	-0.026931004020305	-0.0270170299343507	0.0802373227199205
0.0828241700796848	0.220774116600117	0.117903811133279	-0.0257206001903047	-0.0436308153484212	0.083774051997842
0.114067596782054	0.212419039721023	0.167491541158149	-0.0238118588980682	-0.0591379223813443	0.0852110088938545
0.142719925804779	0.19899302185444	0.213161841311194	-0.0212722467018516	-0.0732075766245688	0.0845800101238342
0.167950121120036	0.180662028817911	0.253642076968354	-0.0181517273812872	-0.085455145673345	0.0818199923119353
0.189087014959722	0.157870341766575	0.287905009347037	-0.0145363588340168	-0.0955847824206846	0.0769892574606228
0.205563275666722	0.131177317141743	0.31508309937094	-0.0105272335609736	-0.10335837046003	0.0702034402187772
0.216935683493069	0.1012420690023	0.334492573226579	-0.00623570238709002	-0.108600620392384	0.0616327416367912
0.223048048400039	0.0688783726397663	0.345879327847316	-0.00178255310712214	-0.111276937684803	0.0515376564762657
0.223534954350243	0.0347757595672697	0.348650053425024	0.00272156882276911	-0.111237406582763	0.0401206302680017
0.218340848759178	-0.000252897747693095	0.342674428988708	0.00715917934114934	-0.108475800832729	0.0276651231434842
0.207577999942772	-0.0353694753979232	0.328068519999689	0.0114157349668079	-0.103056770606018	0.0144852720278503
0.191523797880489	-0.0697304748337658	0.305195525504768	0.0153826368594949	-0.0951146423704162	0.000916915880952072
0.170736610707548	-0.102553807414963	0.274859934159095	0.0189695228290959	-0.084915324272463	-0.0126957812290477
0.145603522313584	-0.1329836977651	0.237583169755819	0.0220750124191375	-0.0726236249142226	-0.0260013217188966
0.116763510685757	-0.16025615065734	0.194294059234851	0.0246169812578621	-0.0585249878373265	-0.0386576792934691
0.0849613157744776	-0.18368024871128	0.146097400166914	0.0265276107684761	-0.042953641756283	-0.0503413819591987
0.0510254370856455	-0.202657987148631	0.0942412103863739	0.0277558379441873	-0.0262849034893761	-0.0607568781341677
0.0158756727236783	-0.2168413724272	0.0401394070918562	0.0282869988573673	-0.00894309575199401	-0.0696897156099135
-0.0196193134029613	-0.22567196559874	-0.0148902198937807	0.0280836520075207	0.00867002769773076	-0.0768595536993901
-0.054550452279751	-0.228868236252329	-0.0694471206470281	0.0271465572324932	0.0261241852626844	-0.0820799669307856
-0.0880291408721572	-0.226305931487652	-0.122154329447813	0.0254977751070963	0.0429895878682729	-0.0852199661351495
-0.119212087854739	-0.218027143062438	-0.171696853825696	0.0231800369461377	0.0588476983508521	-0.0862071364478797
-0.147404864938306	-0.204391800262704	-0.216973097490057	0.0202704387596512	0.073343060918506	-0.0850880918653217
-0.171810488664451	-0.185555458293595	-0.256729791755605	0.0168251417233761	0.0860542149380641	-0.0818216150342458
-0.191823350805522	-0.161980269985934	-0.289989201508095	0.0129328643093921	0.0966445204230798	-0.0764856109047465
-0.206968782319425	-0.134271783656325	-0.315960517805537	0.0086959225992468	0.104833520913228	-0.0692148770736212
-0.216914642900643	-0.103158874240804	-0.334057038773468	0.00422714186643967	0.110406194932779	-0.0601970532677602
-0.22162389826619	-0.0695386014277131	-0.344133494474705	-0.00035038724845577	0.113294734393667	-0.049705825704311
-0.22084710737561	-0.0341966300109016	-0.345705961950189	-0.00491956211585812	0.113326016066659	-0.037957135935733
-0.214630769929151	0.00196357245862099	-0.338744411751861	-0.00935662628241845	0.110483047910374	-0.0252422674851407
-0.20316593666116	0.0380260319414092	-0.323446613658111	-0.013540707112822	0.104833186209648	-0.0118793113871883
-0.186778430290875	0.0730900356418042	-0.300231320700453	-0.0173583075979358	0.0965266503665852	0.00179530625101392
-0.166042066053877	0.106346011206494	-0.269928975071846	-0.0207187129964403	0.0858559087200133	0.0154400951010773
-0.141320442885391	0.13692962172273	-0.233049873824999	-0.0235209966343609	0.0730234622981605	0.0287064295820222
-0.113198033306129	0.164098689494089	-0.190481180676433	-0.0256906669558831	0.0583570755723492	0.041257186968141
-0.0823382652275218	0.187206690163226	-0.143258207026316	-0.0271732283588644	0.0422348485281047	0.052774579640293
-0.049469799907653	0.205715728266966	-0.0925385562169238	-0.0279358168906636	0.0250735742983551	0.062969249492756
-0.015402673037953	0.219347733279181	-0.0396326239557982	-0.0279865273911706	0.0073325941902404	0.0716329460041589
0.019098842420691	0.227605230495783	0.0142452431133362	-0.0273089880783555	-0.0105590307939452	0.0784931886794906
0.0532187559231012	0.230259235113099	0.0677907801236806	-0.025924427809583	-0.0281551738639932	0.0833713847821622
0.0861400603668081	0.227220113079276	0.119706398845121	-0.0238723186608034	-0.0450221932167444	0.0861450065823011
0.11706283035453	0.218542547977601	0.168732360591954	-0.0212087309361784	-0.0607496588327475	0.086750707999604
0.145306986464879	0.204575865088803	0.213796392872748	-0.0180198850783509	-0.0750014344912786	0.0852440563089462
0.170049492445593	0.185446243350776	0.253636661555022	-0.0143667556279068	-0.0873835237427295	0.0815942954085523
0.19063155647785	0.161571790054666	0.287239853282068	-0.0103383166304276	-0.0975935056174523	0.0758880354076449
0.206500869723407	0.133508460193113	0.313754074978056	-0.00603409038449395	-0.105388267331592	0.0682675319634824
0.217231347607003	0.101939736121044	0.332512766971908	-0.00156227953887787	-0.110589751579282	0.0589264394420747
0.222685127144026	0.0677285117943184	0.343280490888738	0.00296054418699503	-0.113163915381314	0.0481432184697515
0.222516493838607	0.0316542068255358	0.345482421241184	0.00742073365686653	-0.11296280339607	0.0361372482139716
0.216689176453298	-0.00536352970099942	0.339005950891694	0.0116994048281216	-0.109986140071656	0.0232018885273456
0.205333913915368	-0.0423657793332968	0.323983242907652	0.0156802484896674	-0.104307219139013	0.00965686570169602
0.188745169294545	-0.0783848331871055	0.300791239882112	0.0192538914678707	-0.0960709101810082	-0.00415943590480711
0.167494863455009	-0.112529019121316	0.270243184325975	0.0223352505166593	-0.0855537185578075	-0.0179019843345647
0.141985412488074	-0.143836994304064	0.232870779036702	0.02482356983621	-0.0729329910428261	-0.0312185345548684
0.112867046418197	-0.171476888404788	0.189607175826589	0.026646403508553	-0.0585052500899844	-0.0437666218372889
0.0808930002072686	-0.194727531091072	0.14155746807013	0.0277513899543816	-0.0426143550823429	-0.0552220590633438
0.0468973206657469	-0.213001023560739	0.0899660650880862	0.0281083094669685	-0.0256434108599671	-0.0652886241696193
0.0118001078341537	-0.226002988837307	0.0362362853171607	0.0277308115602538	-0.00802097031580812	-0.0737513671394385
-0.023527670115725	-0.233249033966453	-0.0183194834642915	0.0266053508004541	0.00984482382126119	-0.0803333723910995
-0.0581798299411792	-0.234559892392339	-0.0723115047071211	0.0247598343406184	0.0275205672578903	-0.0848537078822778
-0.0912740210336791	-0.229925631785597	-0.124375521066377	0.0222432165179956	0.0445745883592945	-0.0871912408370637
-0.121976670235442	-0.219502858530924	-0.173210793273762	0.0191241368792359	0.0605873031589194	-0.0872887876080012
-0.149608153440836	-0.203756763124317	-0.21773377660107	0.0155051303584072	0.0752039409753908	-0.0852138305100568
-0.173385496215768	-0.182926282861398	-0.256704107857124	0.0114638643560459	0.088000591259505	-0.0809528181850383
-0.192721199657987	-0.157531160034038	-0.289159349636966	0.00710671837836506	0.0986399068995565	-0.0746143819454487
-0.207160767601457	-0.128208286890615	-0.314324306563767	0.00254975218165003	0.106840767881076	-0.0663670248267316
-0.216393571293992	-0.0956950542501441	-0.331628326887674	-0.00208445083960949	0.112387397442772	-0.0564336269665929
-0.220404812207015	-0.0608787948692018	-0.34094244824387	-0.00666859530893275	0.115211343754871	-0.0451235259671141
-0.21896611601861	-0.0245328690623371	-0.341800268748585	-0.0110813324505015	0.115137940497316	-0.0326853503274714
-0.212143575171734	0.0124595365471864	-0.334188393076071	-0.0152024390417651	0.112149565796495	-0.0194381958423498
-0.200145312278482	0.0491982310532383	-0.318320596999084	-0.018919578257743	0.106313631545249	-0.00572185157111525
-0.183311037295814	0.0847875867624754	-0.294630577607168	-0.0221320554645618	0.0977814569513954	0.00811265306421563
-0.162223446684516	0.118412978300093	-0.263958697219331	-0.0247687114212755	0.0868473468186045	0.0217159271720087
-0.137254631570244	0.149179819010874	-0.226831292306256	-0.0267418652064137	0.0737190233372294	0.0347411012954998
-0.108992444383144	0.176314114024673	-0.184144912419521	-0.0279958967794742	0.0587309212730013	0.0468596725703113
-0.0781001798967625	0.199134670394123	-0.136940395876602	-0.028496675720541	0.0422698323063436	0.057769133209544
-0.0453032728179938	0.217072155762458	-0.086376598894514	-0.0282329957952352	0.0247629820050741	0.0672009174096547
-0.0114035492088058	0.229831918491282	-0.0337558344948942	-0.0272397839645809	0.00668028344423963	0.0749711493601672
0.0228390985125243	0.236901237894117	0.0197078270997234	-0.0255197929672109	-0.0115354963099152	0.080836309132554
0.0566167897263563	0.238060833378949	0.0727186902089925	-0.0231178530179718	-0.0294262369620776	0.0846473341155519
0.089121790208815	0.233252036798132	0.123991015478352	-0.0200985079106045	-0.0465476683045068	0.0863118473773915
0.119564418183257	0.222581087562305	0.172279736315693	-0.0165443526216826	-0.0624807594546574	0.0857967597942714
0.147277829813326	0.206471221475781	0.216533359447945	-0.0125715204894586	-0.0768840329864323	0.0831876754640716
0.171447862883427	0.185123723254636	0.255503536098592	-0.00826539632280106	-0.089358651781067	0.0784840591195247
0.191427195730273	0.159037393729142	0.288194762381751	-0.00373812742565999	-0.0996010793888955	0.0718011735587949
0.206675706451388	0.128846225770359	0.313773893965064	0.000891421288626199	-0.107369478437274	0.0633088044255831
0.216780261274941	0.0953042988734613	0.331594132432877	0.00550058559749437	-0.112488961096379	0.0532266866930748
0.221617222973488	0.0593357270922666	0.341441601162516	0.00996372957102497	-0.114930191815842	0.0418576155210238
0.220854259249749	0.0217667854971415	0.34276226078727	0.0141647634268171	-0.11455024251137	0.0294417436220418
0.214468987916336	-0.0164552705924465	0.335464794731232	0.0179908002148501	-0.111354795952713	0.0162881929412703
0.202605691034036	-0.0543583349399751	0.319702243478093	0.0213390790954797	-0.105423510783383	0.00272645788605864
0.185571576413282	-0.0909716050035025	0.295871299142449	0.0241206412157442	-0.0969079317688053	-0.0109022816949069
0.163948599940664	-0.125408534670125	0.264800533716817	0.0262785578041888	-0.0860910815127886	-0.0242573782839486
0.138150838379766	-0.156704943844604	0.227039753835459	0.0277404977816894	-0.0731582807516032	-0.0369996265653451
0.108836396242212	-0.184033768428592	0.183533230684484	0.0284688131928699	-0.0584139695764179	-0.0488072926249897
0.0767635764532568	-0.206678887327028	0.135391752306682	0.0284490674973323	-0.0422103167408139	-0.0593836742371675
0.0427684280248786	-0.224057698272842	0.083859404109092	0.0276907631964156	-0.0249390876971915	-0.0684652009727288
0.00776735311691999	-0.235888412538349	0.0303286982133588	0.026251102295163	-0.00703693246003886	-0.0758721991305426
-0.0273691522454295	-0.241690137246173	-0.0238942254506076	0.0241501996605567	0.0110778638457163	-0.0813653480742187
-0.0617406030644535	-0.241302856465947	-0.0774353377133415	0.0214492807195915	0.0289628050121975	-0.0847999697369021
-0.0944727758746792	-0.234748813692189	-0.128950507405729	0.0182256791736172	0.0461777520297825	-0.0860883323592213
-0.124742223675198	-0.222231765760346	-0.177162356744612	0.0145701638600697	0.0622957322179871	-0.0852022814075167
-0.151883171625226	-0.204283503254435	-0.221016873196207	0.0106035739290638	0.0769568154117665	-0.0822324272851826
-0.175122052149189	-0.181212330816658	-0.259293056780829	0.00640559372081836	0.0897324662956054	-0.077183934371855
-0.193883387747526	-0.15361807792547	-0.291050483304947	0.00207819890719459	0.100283954080342	-0.0701779624585559
-0.207724921376198	-0.122220344382521	-0.31553355795489	-0.00227567793289263	0.108331807299513	-0.0613905606883665
-0.216348325866184	-0.0878363542132606	-0.332188015037294	-0.00655432122285512	0.11366516301994	-0.0510481373117385
-0.219751705544297	-0.0514262329964523	-0.340900010836242	-0.0106561106578573	0.116223810122839	-0.0394605960832053
-0.217718044103686	-0.0138215644752105	-0.341208326918257	-0.0144935602934211	0.115843928120751	-0.0268756324689748
-0.2103252420555	0.0240551015345316	-0.33310256303936	-0.017983187745771	0.112521118129235	-0.0136096348348044
-0.197793137327431	0.0612828292891584	-0.316795794396921	-0.0210509019017767	0.106337335749262	1.0773186702774e-06
-0.180473041470882	0.09696232536114	-0.29271827695024	-0.0236333727161752	0.0974587001072284	0.0136094859235181
-0.158957668108693	0.13029058412539	-0.26170504977834	-0.0256941135355613	0.0861930343101757	0.0268708116766038
-0.133631952087429	0.160391011616343	-0.224277691828541	-0.0271729813205771	0.072760889181326	0.0394440748394737
-0.105094295612816	0.186519284984885	-0.181327819282027	-0.0280362186180534	0.0575069437661884	0.0510099200957603
-0.074017127578241	0.20802945665193	-0.133892863696657	-0.0282633267286025	0.0408255732513229	0.0612783131798945
-0.0411331015291312	0.224390748216195	-0.0831306453118537	-0.0278475431948614	0.0231488769731622	0.069996747136193
-0.00724638969007668	0.235351420965585	-0.0303426404978893	-0.0268206922442206	0.00494845348911825	0.0770013467659631
0.0268774881590547	0.240438311846661	0.0232486218822443	-0.0251689471927107	-0.0133315178189357	0.0820700646619867
0.0604307029628516	0.239479874598165	0.0763398012565061	-0.0229153216334889	-0.0312332700139664	0.0850788502854962
0.0926090216846466	0.232471098488765	0.127636493395131	-0.0200974397530807	-0.0483136640384174	0.0859615426186664
0.122629764366944	0.219578241486543	0.17588507457369	-0.0167683163374525	-0.0641553023566415	0.0847108150480982
0.149838525815778	0.201292732289841	0.220030165557681	-0.0130166318916942	-0.0784193808302782	0.0814367670301404
0.173431470692437	0.177882170413499	0.258813671513768	-0.00889693788852117	-0.0907087502078192	0.0761574936712236
0.192776269854966	0.149916557204244	0.291236707274318	-0.00449586398924331	-0.100722801975889	0.0690029490212991
0.207349898122939	0.118099382613444	0.31646664156745	8.84321348377187e-05	-0.108223569934734	0.0601522005269479
0.216757854208141	0.0832480982194301	0.333861412687011	0.00474838574275912	-0.113041223781278	0.049828729092943
0.220896581812631	0.0463419017286403	0.343218313221828	0.00936563011415344	-0.115153028734418	0.0383340973699717
0.21945272960963	0.0082418228379622	0.343992661252101	0.0138297240611474	-0.114423383190625	0.0259021482626702
0.212422944196995	-0.0300867870301368	0.336106577207013	0.0180275989688825	-0.110867089352432	0.0128311021440951
0.199969468372162	-0.067673811926979	0.319728154213092	0.0218511918696372	-0.104574070689314	-0.000563786648721263
0.182415847366049	-0.10357068072257	0.295270116672078	0.0252005234462186	-0.0957069350156648	-0.0139577932411351
0.160357017730217	-0.136930178961038	0.263577624541751	0.0280002878554208	-0.0845598370637337	-0.0270288551228371
0.134220408147364	-0.166847964528526	0.225216851542225	0.0301547449779976	-0.0713300143555697	-0.0394539230431496
0.104673074825924	-0.192570323578413	0.181146993489293	0.0315969406485864	-0.056333685240669	-0.0509291815912742
0.0724787898956522	-0.213463721354972	0.13249259065216	0.0322777512141004	-0.039934299148892	-0.061175354091005
0.0384754027664654	-0.22903156785797	0.0805104585501809	0.0321678306783152	-0.0225338524785027	-0.0699450875270118
0.00357511913214116	-0.239074970846835	0.0266035034959621	0.0312837089260372	-0.00457671051644123	-0.0770750314606044
-0.0313536595641167	-0.243187493765035	-0.0279082890295166	0.029604940494757	0.0135115739102055	-0.0823347540063631
-0.0654182791063207	-0.241271434573964	-0.0816394180718693	0.0271571048586035	0.0312848629512638	-0.0855882959767149
-0.0977553659520306	-0.23339407135611	-0.13323501302846	0.0239896889651689	0.0483030026369628	-0.0867538827804516
-0.127554792676618	-0.219783978499405	-0.181407986738602	0.0201761527833404	0.0641431422482297	-0.085806238484239
-0.154167934799995	-0.200979184703408	-0.225098078325962	0.0158337386715807	0.078454741630568	-0.0828370809035924
-0.176834401420079	-0.177268038549133	-0.263075909441691	0.0110481423272347	0.090820633524691	-0.0778451669899964
-0.194994305898426	-0.149217732001799	-0.29439753055049	0.00593928976729561	0.100918150048451	-0.0709428837191193
-0.20822074685575	-0.117505004056355	-0.318308271415993	0.000637669555302363	0.108486714689342	-0.0622937678324663
-0.216229999347463	-0.0829002173104865	-0.334260431591651	-0.00472013608744544	0.113335973431438	-0.0521082923343792
-0.219034076990007	-0.0463230191364407	-0.342154055211928	-0.00999114335588769	0.115426950549609	-0.0406773077617429
-0.216427277870248	-0.00856216512498513	-0.341547120796371	-0.015048259698347	0.114614570542352	-0.0282281700680253
-0.208497588989103	0.0294889763525468	-0.332455003031841	-0.01976904639207	0.110911703117631	-0.0150549991434135
-0.195473336914592	0.066926549288445	-0.315122157153485	-0.0240430611398368	0.104414399007789	-0.00147208657915225
-0.177712899930473	0.102856665376722	-0.290014595959693	-0.0277737042770859	0.0952990060345748	0.0121934339219723
-0.15581345777598	0.136470495963466	-0.258004563995195	-0.0308935827334766	0.0838791558248419	0.0256142786074053
-0.130166982649335	0.166884124865593	-0.219654388822372	-0.0333157093155395	0.0703774013856442	0.0384562908155463
-0.101376477242365	0.193346310220234	-0.175892477416228	-0.0349830517627831	0.0551366987605854	0.0504019506242264
-0.0701181804067227	0.215207718143437	-0.127788527742051	-0.035855242780103	0.0385464329607543	0.0611549054681781
-0.0371278481544405	0.231938873407614	-0.0765264120865055	-0.0359091479099139	0.0210309866078712	0.0704478487636059
-0.00320967848302827	0.243293878479239	-0.0234237306336735	-0.035164807298705	0.00305121665346066	0.0780956194711166
0.0308657260808679	0.248804464170196	0.0302822856369725	-0.033599140186294	-0.0149589205177753	0.083844279169534
0.0642891291571475	0.248305337355732	0.0832841874912942	-0.0312313457936459	-0.0325535900998552	0.0875355835746176
0.0962564093143097	0.24179239550753	0.13429086705698	-0.0281005028960552	-0.0493020434006616	0.0890675520199802
0.125986795959221	0.229422929099471	0.182058454723585	-0.0242665164494548	-0.0647992954154798	0.088398136638396
0.152831545645208	0.211666424106755	0.225548595967382	-0.0198311032454234	-0.0787197224648483	0.0856063133738726
0.175990266674366	0.188752868368042	0.263519392474645	-0.0148647425967279	-0.0906758012342612	0.0806851818044676
0.194838050112744	0.1612013901061	0.29499265392315	-0.00947316792500249	-0.10037669540385	0.0737476383508476
0.208861411180611	0.129654010425548	0.319158416739748	-0.00377626272996614	-0.107592972229969	0.0649644624595213
0.217677292202317	0.0948610819465994	0.335398850221817	0.00209430413167867	-0.112161912033781	0.0545597111461664
0.221195131328244	0.0577343076576337	0.343536432882269	0.00799422368549719	-0.114067077426486	0.042842167143892
0.219115671830121	0.0190769054958312	0.343054266900543	0.0137833789415324	-0.113175584433116	0.0300636172157666
0.211450078672541	-0.020193266196059	0.333902621443887	0.0193193592630302	-0.109504292775979	0.0165432075688699
0.198375161004093	-0.0591358643864795	0.316278839404065	0.0244640232274158	-0.103143598716313	0.00261986729577651
0.180228710892107	-0.096809990070233	0.290625904504091	0.0290869947127714	-0.0942549689854862	-0.0113572128823245
0.15761767212301	-0.132351421088018	0.257816881859518	0.0330847712870833	-0.0831296381204494	-0.0250438917295825
0.130984701647715	-0.164811287863951	0.218453196762553	0.0363304680159759	-0.0699606000698325	-0.0380934397402853
0.101009017446319	-0.193370119165844	0.173524581695205	0.0387314854857011	-0.0550586941014383	-0.050184378084588
0.0684651173491789	-0.217307546565368	0.124183097378597	0.0402178226532307	-0.0387809451578942	-0.0610238689857028
0.0342000334698786	-0.236022672357835	0.0717084836829858	0.04074500947795	-0.0215221316076882	-0.0703546405644906
-0.000868685454082195	-0.249198005447739	0.0175163927645297	0.0403217130173035	-0.00371801673276712	-0.0780059974995926
-0.035863696340524	-0.256305744374701	-0.0370579899875273	0.038922761109789	0.0142121965826155	-0.0837417182765502
-0.0698880615371253	-0.257130526853615	-0.0906266630734039	0.0365745667641666	0.0318288012866486	-0.0874218526318949
-0.102076790432518	-0.251632110575871	-0.141841399999643	0.0333307532163109	0.0486969239121201	-0.0889608982258572
-0.131621095779614	-0.239947627731805	-0.189430668329084	0.0292707366865778	0.064397486476953	-0.0883294676041765
-0.157878343295587	-0.222539681294375	-0.232360500838473	0.0245169868946849	0.0785830596113063	-0.0856128132804817
-0.180093657303991	-0.199655402010408	-0.269426948002039	0.01916321973645	0.0908352338089646	-0.0808074519704863
-0.197717466232448	-0.171844109053813	-0.299718110950085	0.0133345925343798	0.100829675832798	-0.0740230075774585
-0.210336233672938	-0.139789460283071	-0.322512868418327	0.00716638070247495	0.108303019248476	-0.0654223339032323
-0.217682246307185	-0.1042900878455	-0.337296280843348	0.000801005458998738	0.113061509136223	-0.0552182868101307
-0.219785506330605	-0.0663044638593269	-0.343998280641829	-0.00561278242392491	0.11506323350891	-0.0437054495454922
-0.216459824620953	-0.0266871893046528	-0.342202941607273	-0.0119293669980835	0.114159373734774	-0.0311247401263967
-0.207813037520044	0.0136004141691604	-0.331946578086489	-0.0180052599201164	0.110360947920671	-0.0177839474131414
-0.19409301653881	0.053582019508703	-0.313489838086968	-0.0237021849775978	0.103763654181627	-0.0040126719862249
-0.175676701655773	0.0922888680400709	-0.287311084453192	-0.0288890315665609	0.0945450599989194	0.00984662308841441
-0.15317656403561	0.1288390262934	-0.254289410686377	-0.0334609629722732	0.0830211894431854	0.0234548882601353
-0.127002077248241	0.162265129148679	-0.215000444813091	-0.0372834658801624	0.0694186973256889	0.0364652565237049
-0.0977693738579217	0.191736602215377	-0.17038293609236	-0.0402542841345548	0.0540855437450438	0.0485557946094429
-0.0661649909141773	0.21652435214311	-0.121517847937309	-0.0422905001222812	0.0374166331092678	0.0594323937190493
-0.0329320237678625	0.236019501877183	-0.0696014710214472	-0.0433321395199447	0.0198419172193893	0.0688364439579953
0.0011233387286321	0.24989671712942	-0.0159607085729212	-0.043370553555692	0.00182669712780025	0.0765970642460471
0.0352255870242444	0.257618333559478	0.0381486154295966	-0.0423640671157109	-0.0161894606522327	0.0824770544198988
0.0685660970030437	0.258961512049271	0.0914062203634727	-0.04032381568941	-0.0337566590538693	0.0863369982505957
0.100344334042251	0.253880191440258	0.142511631858781	-0.0372913253867089	-0.0504411169482009	0.0880922966853242
0.1297859148382	0.242508128323753	0.190216503391494	-0.0333385231497831	-0.0658359919605121	0.0877139984738967
0.156252608061575	0.225304510561501	0.233486521129562	-0.0285842822812867	-0.0796158527010526	0.0852858219254834
0.178952778156489	0.20252468911106	0.271083453893672	-0.0231291080209843	-0.0913929374803427	0.0808008548887461
0.197273880780863	0.174728834988171	0.302041433863835	-0.0171092964408996	-0.100878712927794	0.0743609747728986
0.210716392694436	0.142616690614147	0.325567969858707	-0.0106763552793404	-0.107847856338238	0.0661166527106318
0.218912440379178	0.107007687825298	0.341066518625202	-0.003992525482295	-0.112143588064	0.0562636593012996
0.221787328946274	0.0688794294193499	0.348383770689043	0.00277324317324185	-0.113757420587402	0.0450737535966467
0.219058405365309	0.0291201410725724	0.347025552599625	0.00945254704446787	-0.112565221371708	0.032766675067564
0.210753357567209	-0.0112814136758789	0.336964234818987	0.0158827651576622	-0.108594354272369	0.0196269227428002
0.197065148286509	-0.0513257023637023	0.318416719790183	0.0219109208207458	-0.101946574090142	0.00596283460312823
0.178346957427283	-0.0900284169418778	0.291842259273375	0.0273970958149707	-0.0927949451550165	-0.00789977514240161
0.155218059493838	-0.126507128158291	0.258125781709613	0.0322340663417485	-0.0814414781011378	-0.0216338129812173
0.128136407353547	-0.159796689855288	0.217879454224425	0.036292297796139	-0.0680897418873445	-0.0348902111788814
0.0977924674509978	-0.189087203869032	0.172100014021182	0.039480172223284	-0.0530591277501108	-0.0473374565615012
0.0649693512170512	-0.213683824014829	0.121944745787963	0.0417299161470365	-0.03671304393533	-0.0586626038165615
0.0305197105581042	-0.233022715598898	0.0686980455610253	0.0429992540998815	-0.0194501456490909	-0.0685802452559215
-0.00463907387716587	-0.246831727580927	0.0137789956858703	0.0432970331857402	-0.00170664179821805	-0.0768882868397078
-0.0396266914882767	-0.254621035254663	-0.0414673335412843	0.0425980769331999	0.0160986612653033	-0.0833118235160175
-0.0735491151784755	-0.256209681996718	-0.0956426825814548	0.0409254186160922	0.033529993813308	-0.0876749494419797
-0.105547224534204	-0.251579448622721	-0.147386011691466	0.0383262188330823	0.0501589026322134	-0.0898595139321969
-0.134820584704246	-0.240872989455487	-0.195410740882151	0.0348702550686861	0.065574854723143	-0.0898086569325523
-0.160738518169585	-0.224536763517196	-0.2386687715696	0.0306662718087818	0.0794412070881964	-0.0875858998180973
-0.182554946576142	-0.202791955581701	-0.275936519896329	0.0257942641862737	0.091349985806865	-0.0831733144999024
-0.199731603753921	-0.176144737280582	-0.306286757882124	0.0203631982034778	0.10098871059052	-0.0766711707071848
-0.211866456974526	-0.1452265284115	-0.328987055371293	0.0144911552165622	0.108105962391547	-0.0682375604720902
-0.21870314596827	-0.110780853568839	-0.34351704063708	0.00830309152906946	0.112519396078087	-0.0580841207755074
-0.220282489978854	-0.0737060873208068	-0.349810273470983	0.00193031634247212	0.114197383137719	-0.0465041347942441
-0.216429071242218	-0.0348252137550078	-0.347458136292716	-0.0044962371100402	0.11299973121554	-0.03374594580151
-0.207260985268743	0.00492941427445369	-0.336513907251457	-0.01084520743438	0.108944350206917	-0.0201240563391496
-0.193036070109936	0.0445991961099265	-0.317262263382093	-0.0169865280066096	0.102131882257153	-0.0059768118489816
-0.174141031348059	0.0832235324067295	-0.290211021965399	-0.0227923764168048	0.0927429586493613	0.00834213752439084
-0.151195940126616	0.119932442375188	-0.256272117166947	-0.0281558904676364	0.0810944261914228	0.0224831438009484
-0.124622502986955	0.153742564832954	-0.216054318626467	-0.0329326898507473	0.0674139667163896	0.036076826636626
-0.0950464938809205	0.183817242898313	-0.170527698137312	-0.0370042297030323	0.0520489590487684	0.0487782595659322
-0.0631631812092518	0.209423296303526	-0.120800715696781	-0.0402641513499109	0.0353931212721596	0.0602672333215606
-0.0297231180938832	0.229949643164601	-0.0680920833023734	-0.0426221041635921	0.0178748638281437	0.0702570510594818
0.00446427875295409	0.24507604664708	-0.01374388163507	-0.0440342222377831	-4.31216872849952e-05	0.0785510862400697
0.0386158056532388	0.254247405241035	0.0409738762488332	-0.0444147666025145	-0.0179221691325649	0.0848813133120642
0.071920204301317	0.257220796791401	0.0947331111851785	-0.0437294718987105	-0.0353150880077865	0.0890830509784975
0.103576927605562	0.253917532230457	0.146228865227088	-0.0419731827384615	-0.0517918679632265	0.0910518661063655
0.132814282142685	0.244424741803348	0.194210261545599	-0.039171894637386	-0.0669506625174512	0.0907464289093449
0.15900105980016	0.22914270129345	0.23764352764401	-0.0354035021136718	-0.0804726433372653	0.0882483889380272
0.181350844571817	0.208255347505408	0.275285307235236	-0.0307273452316183	-0.0919766306876881	0.0835554584157273
0.199260304693323	0.182245668884621	0.306167149485807	-0.0252486648147511	-0.101182111120362	0.076784882616079
0.212241056140475	0.151736268158075	0.329494576926945	-0.0190973183355606	-0.107872031869149	0.0681113318920635
0.219937918249478	0.11747610508808	0.344670598508815	-0.012424515425991	-0.111897407586002	0.0577619866600259
0.222289991847187	0.080378564279978	0.35154520396523	-0.00540021270642695	-0.113255928380955	0.0460446582529456
0.219029123042188	0.0412997107395565	0.349629063124588	0.00179713563527907	-0.111828909732072	0.0332174023501041
0.210197647552347	0.00121027284759855	0.338905771649345	0.00898332339159576	-0.10764678686987	0.0196019280417832
0.196002924692866	-0.0388885273035765	0.319609500964665	0.0159743957995235	-0.10081241151659	0.00553940724552732
0.176811892401625	-0.0779926566148087	0.292222997065688	0.0225917320228674	-0.0914983133293678	-0.00861876281655016
0.153254969132812	-0.115194935431663	0.257659142643246	0.0286852885441253	-0.0800040705868498	-0.022531029486306
0.12580387627945	-0.149469381105773	0.21656580576563	0.0340749584623911	-0.066532718981051	-0.0358407046002
0.095159362885809	-0.179944742277112	0.169976662156715	0.0386192097757123	-0.0514024005031484	-0.048220003349038
0.0621126608727277	-0.205860011740298	0.119086397953915	0.0422009302971679	-0.0349762131849457	-0.0593693462450028
0.0275221021046904	-0.226585064230615	0.0652149022453835	0.0447305612909767	-0.0176539027952384	-0.0690248827298507
-0.0076943551205157	-0.241794686306417	0.00980951521465039	0.0461765508712715	0.00012613157954701	-0.0770150956238233
-0.0426526101567753	-0.250934087246476	-0.0457555361179506	0.0464687119823095	0.0179401055568511	-0.083092423804173
-0.0764604091437824	-0.253777710033501	-0.100064903385272	0.0455952517706448	0.0353471755973462	-0.0871110991238841
-0.108263493676618	-0.250278969312334	-0.151750405314332	0.0435758895389588	0.0519136030378518	-0.0889814253511828
-0.137269227115356	-0.240570894775795	-0.199528583766227	0.0404615422955805	0.0672240387698714	-0.088671634551565
-0.162859447427788	-0.225112755109761	-0.242366818334397	0.0363556015826967	0.0809379345387625	-0.086269066214506
-0.184297394972791	-0.204147620312364	-0.279058689770918	0.0313341179576202	0.092645739605676	-0.0817665908433615
-0.201057800534556	-0.17822135903186	-0.308704049379913	0.0255182085820072	0.102035796249749	-0.0752729002942515
-0.212752459714398	-0.148012257386712	-0.330602111861622	0.0190503810677367	0.108860317490208	-0.0669493084054777
-0.219138947741249	-0.114309946362724	-0.344266152587648	0.0120916426015082	0.112943492352167	-0.0570059253669223
-0.220272021720464	-0.0780476309822834	-0.349663211610557	0.00482098588135774	0.11426233608815	-0.0457322336571811
-0.215987484295045	-0.040072840921014	-0.346414767988615	-0.00257988121707034	0.112689297831766	-0.0333640233143125
-0.206413626051019	-0.00132546724075066	-0.334600929038514	-0.00992321085209945	0.108256117770451	-0.0202025137116203
-0.191816636420298	0.0372467436240914	-0.314528804143121	-0.0170225392169594	0.101078334733141	-0.00657011005117294
-0.172589744025075	0.0747110317459508	-0.286724331437102	-0.0236976012874274	0.0913516494068486	0.00719788282063408
-0.149356461609415	0.110244081358452	-0.252111305532165	-0.029798372897356	0.0794066822813581	0.0207727498521099
-0.122544093178412	0.142903023572012	-0.211314214157998	-0.0351436254238802	0.0654844600149653	0.0338070442143051
-0.0927814708406826	0.171893515994525	-0.165314378602271	-0.039592569274053	0.0499423699716309	0.0459783967783737
-0.0607661011342143	0.196518474762892	-0.115230660246623	-0.043029957071122	0.0331807818995763	0.0569891833119739
-0.0272501852486865	0.216194598915564	-0.0622918382711126	-0.0453692830004307	0.0156310542075636	0.0665744693629675
0.00695847245142141	0.230628121566674	-0.00784539608228864	-0.0465859554657247	-0.0022449580540298	0.0745599020662494
0.0410718957002051	0.239269575894798	0.0468235514949891	-0.0466114841969783	-0.0200126173921146	0.080691167578184
0.0742776322180807	0.241886348241869	0.100379280003583	-0.0454402442138997	-0.0372319801693255	0.0848145151521387
0.105775030369772	0.238412934995222	0.151513478593794	-0.0430999218612382	-0.0534825065647198	0.086830866563473
0.134793716525218	0.228955764968303	0.198977626437417	-0.0396512326935859	-0.0683731548493886	0.0866980703514841
0.160708086049253	0.21394706772019	0.241750834747246	-0.0352114655231337	-0.0815960252283697	0.0844934002929074
0.182732900393429	0.193594326196029	0.278600581933658	-0.0298662055501426	-0.0927814131149235	0.0801972739960311
0.20027077844782	0.168415457816417	0.308581194684423	-0.0237502456567321	-0.101659429441045	0.0739066844616468
0.212841489175321	0.139065844114289	0.330927980851992	-0.0170208524041293	-0.108022734522342	0.0657719311897918
0.220100081490567	0.106317657072093	0.345079134976882	-0.00985420460261888	-0.111731060426195	0.0559935415585091
0.221998438951439	0.0710939051723289	0.350924177807335	-0.00244528626684868	-0.11278936081755	0.044854482114146
0.218280515502649	0.0342293679989256	0.34801071799049	0.00501270975453928	-0.111086660128415	0.0325849143331626
0.209002387728431	-0.00334246922835111	0.336358729275866	0.0123212396811688	-0.106660035191466	0.0194846312987519
0.194385337264329	-0.0406794507026042	0.31623429570221	0.0192861002708119	-0.0996183373955716	0.00587844993531618
0.174809772254293	-0.0768561966252461	0.288145544447385	0.0257232908919817	-0.0901392924559195	-0.00789196313445785
0.150917017085356	-0.111060631102922	0.253020665196544	0.0314835108019923	-0.0785261009465685	-0.021487228412075
0.123191649944867	-0.142369129163382	0.211519141745406	0.0363928214482308	-0.0649851733387519	-0.0345476086972799
0.0923436448709944	-0.170012367035212	0.164675541163076	0.040323418639195	-0.0498357253257593	-0.0467354601811806
0.0591708981372343	-0.193325038437831	0.113677473169446	0.0431790932893696	-0.033439856061785	-0.0577368403510444
0.0245356484694278	-0.211760858279247	0.0598312013157649	0.0448979650804827	-0.016194146653113	-0.0672709310216592
-0.010645873473252	-0.225068032672817	0.00456129661549643	0.0454856758998625	0.00146850699490723	-0.0751494749201675
-0.0454869511517828	-0.232731565489994	-0.0507723128126103	0.0449046236735079	0.0191307376918252	-0.0811080003543475
-0.0790980967546198	-0.234548937371064	-0.104773795943269	0.0431826843953512	0.036359848200165	-0.0849869489190861
-0.110630134920946	-0.23047458801591	-0.156093482039143	0.0403801701346355	0.0527309045977415	-0.0866870740550725
-0.139297549096747	-0.220622033335582	-0.203464111848302	0.0365869589554076	0.0678373193505219	-0.086172275719906
-0.164493586792513	-0.205421382805622	-0.245870917432817	0.0319462840265146	0.0813465262068513	-0.0835327330811512
-0.185488028262917	-0.185053667608833	-0.282110340300066	0.0265545285082999	0.0928558877386721	-0.0787660428668929
-0.201765985082166	-0.160003365837212	-0.311287538896471	0.020550266832904	0.102059444150703	-0.071990968784373
-0.212950780801926	-0.130885797610554	-0.332705507133646	0.0140839840703787	0.108713647261108	-0.0633821799216223
-0.218812537104537	-0.0984316598702647	-0.345880867451933	0.00731464409756111	0.112645474696017	-0.0531652516566165
-0.219420214278032	-0.0635295143747292	-0.350787224384913	0.000413551859036386	0.113832764811896	-0.0416478891158404
-0.214622353867686	-0.0269795451661584	-0.347047224084066	-0.00646437183034593	0.11214925727638	-0.0290791732743101
-0.204561067360147	0.0103060097477309	-0.33474702596608	-0.0131610499215682	0.107626832606995	-0.0157738309433071
-0.189516219235978	0.0473946491099441	-0.314201567015829	-0.0195244256366555	0.100380763964733	-0.00206560027501577
-0.169894102172638	0.0833593477553589	-0.285945687630878	-0.0254108362106465	0.0906062642491772	0.0117013623544944
-0.146328830934864	0.117376864929882	-0.250911408797606	-0.0307053405889467	0.0786323258100639	0.0251905917497348
-0.119259839431176	0.148504831689456	-0.209731541611815	-0.0352624516728103	0.0647008816149017	0.0380525976321063
-0.0893245223265607	0.175949994303493	-0.163393325686983	-0.0389717616689286	0.0491691723575909	0.0499629461236512
-0.0572262233395935	0.199020883929376	-0.113018570870225	-0.0417430775764336	0.0324373478619967	0.0606232058821616
-0.0237199553206633	0.217145242687316	-0.0598356924707687	-0.0435089720195323	0.0149363873477851	0.0697687780092648
0.0103893977349169	0.230049376100377	-0.00518545607299315	-0.0442600566524096	-0.00287332917137783	0.0772271603820147
0.044313551266907	0.237195926322082	0.0496479511303362	-0.0439320444857937	-0.0205569380367952	0.0827472909426164
0.077245277151292	0.238365114879042	0.103333421879248	-0.042520445043244	-0.0376759374136872	0.0861805942900401
0.108391868717157	0.233499656829944	0.154566589875629	-0.0400499021274587	-0.0538120493983358	0.0874360300023535
0.13699324241531	0.222708338521308	0.202100951464279	-0.0365748242001299	-0.0685773571657675	0.0864831450052534
0.16243825588548	0.206425867968851	0.244918779338686	-0.0322084385247206	-0.0816679625648487	0.0834168297559473
0.183951872693779	0.184844680065326	0.281777669328649	-0.027018965321809	-0.0927186107609337	0.0782353944334395
0.200950093822824	0.158470067751859	0.311723261496934	-0.0211268631875384	-0.101464738470503	0.0710590435022264
0.21296659219797	0.127946708593318	0.333980398926501	-0.0146740635437911	-0.107704634794867	0.0620640977799584
0.219670481793483	0.0940423187889043	0.347976568031633	-0.00782075774952576	-0.111303536909308	0.0514784113763945
0.221028349258535	0.0576902655366271	0.353594807890537	-0.00075067100727783	-0.112270459289378	0.039613814424732
0.216796302292706	0.0197364128994221	0.350372944769949	0.00636681996194768	-0.110499529250578	0.0267216448909093
0.207042526342987	-0.0188564210525902	0.338329700933178	0.0133513226787502	-0.10603093645139	0.0131206032190532
0.191999322353261	-0.0571037774139624	0.317736543695635	0.0200254482807687	-0.0989751667530215	-0.000851238561082026
0.172056812670295	-0.0940270825002728	0.289113989807432	0.026219783505372	-0.0895100276359478	-0.0148453186466676
0.147863565335458	-0.128749852705539	0.253409451851775	0.0317936263359999	-0.0779359201555544	-0.028520478434888
0.119912003681951	-0.16029007460741	0.211306071826163	0.0365847119737227	-0.0644586653595335	-0.041523924312088
0.0889169764256181	-0.187816614446376	0.163866672638222	0.0404685671932621	-0.0493945832544714	-0.0535281709143956
0.055679060831414	-0.210608383851298	0.112308694353219	0.0433466402018403	-0.0331022258609654	-0.0642321461381493
0.0210608669551603	-0.228074739627995	0.0579672031244787	0.045149046666441	-0.0159742386297476	-0.0733688132414591
-0.0140255326976451	-0.239934868904279	0.00229021700168998	0.0458693310681498	0.00156178996440719	-0.0807634930843506
-0.0486945317271569	-0.245669572893361	-0.0533404393910551	0.0454515841626776	0.0190909076769627	-0.0861622381165386
-0.0820621760784168	-0.245094113992962	-0.107515909677817	0.0439032589864732	0.0361841400044245	-0.0894143581311171
-0.113286890725179	-0.238206577908139	-0.158881685207598	0.0412633904363385	0.0524204029536573	-0.0904272869997712
-0.141592510423914	-0.225189960304228	-0.206173917349959	0.0376017216824673	0.0673971413907117	-0.0891700099420668
-0.166385086704096	-0.206569958352051	-0.248391125704494	0.0330482645979479	0.0807863273948309	-0.085738977014811
-0.186942734475728	-0.182636196485204	-0.284343088125081	0.0276809514163325	0.0921892120626043	-0.080134342646252
-0.20276130754655	-0.153996381630337	-0.313154934442985	0.0216292567661607	0.10130429476656	-0.0724812955265136
-0.213474699096517	-0.12139388500873	-0.334151635473153	0.0150402786988141	0.10789244048452	-0.0629640009274395
-0.218863028713548	-0.0856843828958676	-0.346871680148345	0.00807492967892237	0.111784713587377	-0.0518211813795369
-0.219005152492451	-0.0478769705636006	-0.351310073436015	0.000915195545092256	0.112961728616695	-0.0393789624430959
-0.213756498351548	-0.00886175298587928	-0.347104024942319	-0.00628083091268704	0.111300571153193	-0.0259041665375592
-0.203265709519954	0.0303722809091026	-0.334352503236525	-0.0133447901677151	0.106834744696224	-0.0117328353024029
-0.187818203454818	0.0688367525625454	-0.313379935243174	-0.0201129113149126	0.0996796894319081	0.00277906364543184
-0.167825118028134	0.105569464402516	-0.284727980154837	-0.0264292332301702	0.090029128042085	0.0172655704414184
-0.143924032240378	0.139724279213342	-0.24933343992889	-0.0321639730473793	0.0782075370552813	0.0313693310417492
-0.116560209489033	0.170370582162753	-0.207834170873615	-0.037163199329909	0.0644536141793796	0.0447247873592344
-0.0863759788858895	0.196734291611325	-0.161222851154312	-0.0413051365271351	0.0491185893894743	0.0569949750189574
-0.0540798208126509	0.218156121600447	-0.110627985569566	-0.0444876640100007	0.032595173342221	0.0678733801890067
-0.0204320510786492	0.234108138880884	-0.0572860819341781	-0.0466306228294099	0.0153057746581314	0.077091717947588
0.0137591892786481	0.244367904306836	-0.00254521278636457	-0.0477109407201249	-0.00229993308507082	0.0844771030774217
0.0476977573749302	0.248473652491168	0.0522986300920702	-0.0476502571296168	-0.0197945129315312	0.0897831481702481
0.0805714826036591	0.246288135174318	0.105905794608028	-0.0464304697059238	-0.0367478728321654	0.0928684707274091
0.111584173009628	0.237847280975065	0.156966079362285	-0.044063559036856	-0.0527492095935117	0.093651511369681
0.139974238077841	0.22336169802673	0.204231052747413	-0.0405929496437751	-0.067416643176109	0.0921129620783518
0.165133105438054	0.203373653993527	0.246687534783758	-0.0361248537295382	-0.0804514289611529	0.0883594235386575
0.18628679273403	0.178185449905243	0.283098481715908	-0.0307196497306851	-0.0914889242075869	0.0824035230644485
0.202856810423983	0.148410774750539	0.312522197820598	-0.0244964212741753	-0.10026402075124	0.0743800288789429
0.214385070266721	0.114797673920643	0.334200851994585	-0.0176004808653621	-0.106572416576272	0.0644808778923612
0.220551438089909	0.0782088203245443	0.347582721296122	-0.010200138129838	-0.110274999704692	0.0529507828893561
0.221335756498968	0.0396662439145631	0.352573672576373	-0.00249364925855593	-0.111374944749623	0.0401201623620037
0.21650812677064	7.78004953612924e-05	0.348734171966434	0.00533597858504297	-0.109759968086981	0.026259710776524
0.206152170753269	-0.0395447407715527	0.336104452924433	0.0130889658752248	-0.10546353885795	0.011708577066173
0.190516179626662	-0.0781880449300109	0.314974746306741	0.0205655164347688	-0.0985895860311567	-0.00317406567456956
0.170006316206941	-0.114867202031185	0.285880570337802	0.027571596271853	-0.0893098611625523	-0.018018489221114
0.145285747291122	-0.148716902587341	0.249778155951514	0.0339390435815885	-0.0779180938922858	-0.0324610771769578
0.116863107304209	-0.178809967451762	0.207359694478508	0.0394816285493361	-0.0646174646926404	-0.0461330091967844
0.0854670823500902	-0.204389321420685	0.159690904185572	0.044051304165908	-0.0497212646659522	-0.0586918969769773
0.051910309678898	-0.224831442517532	0.107988732953482	0.0475283726350685	-0.0335857300272661	-0.0698253803849481
0.0170653038382551	-0.239661557610915	0.0535854869237753	0.049825043629473	-0.0166017258277409	-0.0792593063957774
-0.0181501993141696	-0.2487194921647	-0.00207748219896625	0.0509195428585793	0.00080637595037086	-0.0868131730181744
-0.0528434277238272	-0.251622520585966	-0.0576176196466802	0.050747914081364	0.0182222999070352	-0.0922392686290907
-0.0861280537858662	-0.248305387603971	-0.111627747788934	0.049314384303287	0.0352174335971356	-0.0953942029161652
-0.117163389812938	-0.238865709366881	-0.162753822138572	0.0466599029212154	0.0513711908134165	-0.096195965701059
-0.145177485226665	-0.223558781240135	-0.209731166637853	0.0428605661476685	0.0662817728302679	-0.0946263376733599
-0.169585344847858	-0.202949102499779	-0.251558722952284	0.0380550440584488	0.0796233910919911	-0.0907931123392918
-0.189673342741583	-0.177341447057523	-0.287041143756611	0.032334869540041	0.0909969462914583	-0.084714341571492
-0.204949665911723	-0.147325761765737	-0.315302235633899	0.0258438384557222	0.10010188609308	-0.076529626233872
-0.215062702048128	-0.113606873815224	-0.335668332972366	0.0187437565004152	0.106700089349893	-0.066436045293257
-0.219808696542695	-0.0769910281913239	-0.347683125876913	0.01120961592734	0.110623551170195	-0.054683432557183
-0.219283979647154	-0.0384385006153755	-0.351351300678699	0.00343564922246977	0.111853423127068	-0.0416068185659384
-0.213361128100139	0.00120389441855245	-0.346324958614588	-0.00440843290666772	0.11026710985759	-0.0274818591691716
-0.202205995283324	0.040979899819017	-0.332722645560875	-0.0121456871489237	0.10589763309937	-0.0126518373039756
-0.186120507787633	0.0799199036754896	-0.310892232534349	-0.0196057694737115	0.0988591447465492	0.00252030531761869
-0.165531215002398	0.117066801232996	-0.281401344853475	-0.026627556209007	0.0893432685690577	0.0176612694356624
-0.141088520055799	0.151564044309513	-0.245211012808407	-0.0330758202235004	0.0776703923355059	0.0324035656799316
-0.113251739933833	0.182474784855997	-0.20298870149528	-0.0387926429689776	0.0640777275964382	0.0463749453933438
-0.0826740936090236	0.209013752704862	-0.155751295231736	-0.0436515428912085	0.0489136113808216	0.0592292905280459
-0.0500728346954725	0.230512638121454	-0.104647319864956	-0.0475441181015688	0.0325678623669381	0.0706501598674165
-0.0162148368285487	0.24643831329593	-0.0509282567499498	-0.0503813937651977	0.0154601678621047	0.0803588262228946
0.0180923186951327	0.256466256690786	0.0040674633058909	-0.052107958911676	-0.00196802743683861	0.0881404702920151
0.0520442779787096	0.260254725894658	0.0590157258804333	-0.0526539350969529	-0.019284383346996	0.0937757669028287
0.0848271786941629	0.257708052740832	0.112568545815917	-0.0519918849974258	-0.0360582516249833	0.0971280246591997
0.115646125352109	0.248882787348925	0.163414036202543	-0.0501189546032381	-0.0518791564474442	0.0981166798103593
0.143744289501342	0.233972300202128	0.210310465655113	-0.0470561701406354	-0.0663674954636746	0.0967151661091453
0.16846275185563	0.213360804762085	0.252175851626624	-0.0428594513996534	-0.0792032722970825	0.0929748276595406
0.189106986682499	0.187382378464659	0.287890973086719	-0.0375817444512351	-0.0900588773208727	0.0869320809168085
0.205137245187571	0.156604140052333	0.316572339995627	-0.0313218762241852	-0.0986881547025712	0.0787189432670104
0.216124639670213	0.121742732903466	0.33750181217922	-0.0242120916139114	-0.104900519050713	0.0685297374802447
0.221757985991691	0.0836550974512542	0.350131692576624	-0.0164171061036663	-0.108559691260254	0.0566172955934704
0.221916179037198	0.0433436860629266	0.354196810487926	-0.00813186527173495	-0.109616790359782	0.0433006279108254
0.216442051956345	0.00181235468249829	0.349358817183772	0.000434063623549023	-0.107990841150567	0.0288958121170554
0.205429836467167	-0.0398561069986715	0.335665954791531	0.00905719479581471	-0.103715052369998	0.0137692334610833
0.189144740672624	-0.0805872740630876	0.313433444223815	0.0175134772792157	-0.096895139952652	-0.00169796071136072
0.168015573068904	-0.11935762896454	0.283239463429194	0.0255874487941803	-0.0877065834077976	-0.017123745476205
0.142666167734794	-0.155247328541134	0.245985899224444	0.0330860609424706	-0.0764139220372026	-0.032139234204286
0.113704068827111	-0.187360807262629	0.202548597408991	0.0398141392492977	-0.0632616577358315	-0.0463821566824592
0.0819021943182848	-0.214929349121689	0.154086623402955	0.0456067379304571	-0.0485755082619554	-0.0595141625245222
0.0480972128420265	-0.237271605591891	0.101872879471821	0.0503183903559339	-0.0327130780826801	-0.0712175735780637
0.0131556165440739	-0.253794112906041	0.0472380448983187	0.0538232960918048	-0.0160508656630955	-0.0811985883757856
-0.0220454762625729	-0.264074287028819	-0.00845403829603701	0.0560316004667241	0.00102024278422759	-0.0892157286547396
-0.0566595739849898	-0.267663990807158	-0.0638939809308336	0.056849408022911	0.0181147738191374	-0.0950170796961193
-0.0898479587301595	-0.264411467574824	-0.11775853069431	0.0562426055238553	0.0348336997152753	-0.098443238203038
-0.120793997073238	-0.25441376675537	-0.168737541590383	0.0542268276134643	0.0507702717762214	-0.0994118619880413
-0.148713894786335	-0.238024046678593	-0.215548427325445	0.0508687803065447	0.0655145979492471	-0.0979214809433712
-0.17291917136331	-0.215888164026555	-0.257031162473031	0.0462914646286288	0.0786861209256926	-0.0940716731910026
-0.192701599350285	-0.188642068023789	-0.291985798642641	0.0406228850106252	0.0898791589579358	-0.0879561848459908
-0.207543898025568	-0.157113179394599	-0.319493297108187	0.0340271033995541	0.0987729900389465	-0.0797542848816637
-0.217096918423991	-0.122155209773867	-0.338891624692086	0.0266752372011467	0.105125771642842	-0.0696789385512462
-0.221192372835455	-0.0845925523167957	-0.349800922924506	0.018735141044687	0.108786146286596	-0.0579632414523073
-0.219899614542945	-0.0452330789414211	-0.352215583937902	0.0103710477465305	0.109726497574126	-0.0448713581396231
-0.213261440269979	-0.00479400502905303	-0.346085076517775	0.00174035604952778	0.107912512324148	-0.0306485210642049
-0.201533703275614	0.0359257064257963	-0.33169183178202	-0.00698645064968935	0.103426905005794	-0.0155974426049119
-0.185059764127905	0.0760323001754293	-0.309452478296508	-0.0156195475588605	0.0964072253154925	-6.7431066019383e-05
-0.164239234566654	0.114522163480094	-0.279872840219574	-0.0239469227068868	0.0870308531764777	0.0155465101947958
-0.139567971416603	0.150346806133515	-0.243626154556185	-0.0317492437020474	0.0755363937839193	0.0308228533109838
-0.111464021685625	0.182397642370515	-0.201273391312445	-0.0387881433965039	0.0621329510070798	0.0453247346145049
-0.0805109289187904	0.209736316217779	-0.153683594650786	-0.0448609352210545	0.0471255494709555	0.0586518579440273
-0.0474126145671525	0.231656757398707	-0.101964771351417	-0.0498096264570549	0.0308893202256737	0.0704640935397776
-0.0129934723503524	0.247734696615798	-0.0474632680500122	-0.0535307956329138	0.0138659777745526	0.0804980041233846
0.0218248100015813	0.25787747849634	0.00827736016014587	-0.0559861505015341	-0.00345126674018614	0.0885877372484195
0.0561017178746426	0.261998571282851	0.0636876187042505	-0.0571394478608792	-0.0205687643833131	0.0945690592515763
0.0889197609467717	0.260194832737148	0.117230849283419	-0.0569933688730336	-0.0370120630801956	0.0983468892955974
0.119454510258714	0.2525568284059	0.167543499420709	-0.0555537667599686	-0.0523669362926543	0.0998434350704355
0.147011399354083	0.239119871375071	0.213502829679464	-0.052821319133118	-0.0662988227114052	0.09898726758817
0.171069480821191	0.219961455135874	0.254286058680897	-0.0488092901705094	-0.0785712722295119	0.0957485693040007
0.191098031965712	0.195063542710338	0.289081435099176	-0.0435234858583776	-0.0889523726652788	0.0900703961073753
0.206688269408965	0.164738371868783	0.317248820512464	-0.0370368088096787	-0.0972689412343493	0.0820177655508958
0.217456297577442	0.129655837665884	0.338149894210463	-0.0294963957327868	-0.103352050918577	0.0717720254502124
0.223028711664171	0.0908747002129783	0.3511131716	-0.0211291852243346	-0.107024540596347	0.0596377599987902
0.223135756875986	0.0497887784607843	0.355585321478883	-0.0122285208289138	-0.108146154837443	0.0460366579115134
0.21744290510257	0.00785848019573098	0.350882956045592	-0.00311084700015208	-0.106527924653815	0.0314054511365095
0.205912846812292	-0.0335017349736578	0.33679367380012	0.00591753968788679	-0.102119592454097	0.0162037511084642
0.188787526320254	-0.073149887360045	0.313573619277583	0.0146019492486432	-0.0950038351411495	0.00084236951546762
0.166605027378068	-0.11031402967253	0.281989280411476	0.0227593719793198	-0.0854078252401678	-0.0143452962274763
0.140203377559379	-0.144588401973494	0.243327480505615	0.0302811131117419	-0.0737080924325826	-0.0291043561539177
0.110439605437574	-0.175663584850935	0.198912430222153	0.0370760540282124	-0.0602826909554113	-0.043205593254141
0.0782769546275346	-0.203243863303117	0.150241607043495	0.0430642812196203	-0.0455609831233932	-0.0564177118320716
0.0446071661194869	-0.226817844061676	0.098673254005204	0.0481319833348253	-0.029931708044482	-0.0684576318504363
0.0101863773460433	-0.245582026541053	0.0453146910086593	0.0521174233691103	-0.0137127035596821	-0.078975200604985
-0.0243527517323876	-0.258593299553949	-0.00894113537682451	0.0548405915310055	0.00283641248847423	-0.0876004014290299
-0.0584517434698284	-0.264744265224432	-0.0633357343101602	0.056095823372775	0.0194871596001436	-0.0939204460621467
-0.0914959766158472	-0.263355732178565	-0.11696903271226	0.0557663377824969	0.0359617702729888	-0.0976542962616099
-0.122733657273648	-0.254335690427529	-0.168647857316745	0.0538524742456323	0.051887724405213	-0.0986874404870917
-0.151248732938343	-0.238275892616701	-0.216829288590035	0.050488563594245	0.0667817593121072	-0.0970974772663623
-0.176062221187304	-0.216408681417598	-0.259788577414695	0.0459324474236206	0.0801031071558907	-0.0931550181037086
-0.196118910676368	-0.190072641399066	-0.295653524018055	0.0404641048277014	0.0912582273636611	-0.0871514999771035
-0.210637799266659	-0.160612351033984	-0.322986202602139	0.0343624913401147	0.0997843688555803	-0.0794199720257699
-0.21920381855777	-0.128954072322707	-0.340978737642577	0.0278241087764019	0.105407664620501	-0.0702136818327725
-0.22182840911484	-0.0954430687309011	-0.349571270665451	0.0209309782330101	0.108080994052156	-0.0596627132739234
-0.218961677005477	-0.0599549057938637	-0.349461488098699	0.0136697774809997	0.107991913383933	-0.047808378888343
-0.211099020428196	-0.022133400902079	-0.341445244241204	0.00598199479163618	0.105362137318653	-0.0346235130476869
-0.198853147205848	0.0180654532881663	-0.326475462018599	-0.0021381379331145	0.100476249954614	-0.020188213080333
-0.182681440429352	0.0600083065602003	-0.305184930764279	-0.0105713882458171	0.093538259497971	-0.00476605847142349
-0.16278938726929	0.102207759600191	-0.277715280320467	-0.0190384064803262	0.0846200194603581	0.0111538453782995
-0.139219230345289	0.142498352260036	-0.243884292195409	-0.0271331159748466	0.0737095861806435	0.026899833364222
-0.111833672823347	0.178358325440734	-0.203201360542593	-0.0343759834282053	0.0607069172075789	0.0417119646858799
-0.0807681612343579	0.207670075435755	-0.15568311760458	-0.0403644466759053	0.0456667322723725	0.0549213967010805
-0.0465774716683033	0.229245266465971	-0.10214822714714	-0.0448695732684736	0.0288794458990115	0.066089520347404
-0.0103298548695822	0.24312971351867	-0.044398167174314	-0.0478936247238764	0.0109208449867144	0.0750888362992026
0.0264667374128548	0.250574902691641	0.0149146315204586	-0.0496661722503954	-0.00738930791022804	0.0821066203405232
0.0621280928256365	0.253272630315718	0.0728089304643443	-0.0504949115395381	-0.0251437197423138	0.0874371387435528
0.0951125067173651	0.252892853108371	0.126554393636951	-0.0506846019398015	-0.0415179853469542	0.0913933350035331
0.124348925497835	0.250224888043638	0.174306956415401	-0.0503737231695079	-0.0559578832869565	0.0940849057583561
0.14942068333271	0.244698891168656	0.215463606992418	-0.0494449384143585	-0.0682831652827715	0.095296705540225
0.170575090188541	0.234478704045285	0.250665440866923	-0.0475439503940909	-0.0786888853301173	0.094520841989382
0.188309142475258	0.216809208475268	0.281080769986454	-0.0441458080286626	-0.0875285144982181	0.0910005367350689
0.203146957638318	0.189309359118895	0.307888051817065	-0.038801375219659	-0.0951665890649764	0.0841044466991308
0.215166056349748	0.151009043307583	0.331379921013383	-0.0313340740694899	-0.101712284783994	0.0735766803046929
0.223726630830404	0.103206471152205	0.350417452384784	-0.0220022959081754	-0.106857676289585	0.059760231786903
0.22753744539318	0.0497576288919439	0.362497420571704	-0.0115525626982011	-0.109898649691908	0.0436908522802241
0.224730964855653	-0.00349042599260595	0.363935594104628	-0.00111447436482866	-0.109778271382355	0.0269271115880675
0.213698261445516	-0.0497662779826215	0.351342971315725	0.00800751125097353	-0.105529823233688	0.0113334349509503
0.193642624979961	-0.0829579593118672	0.322708141925236	0.01463491525928	-0.0965898769941232	-0.00133411309977961
0.165094014898427	-0.0991247403484385	0.278410144326292	0.0180036385898253	-0.0830939908250523	-0.00982213105138147
0.13016578595508	-0.0975583338737553	0.221762584205271	0.0179679401834925	-0.0660366956074129	-0.0136689723043999
0.0921761915546571	-0.0808827371902167	0.15841774094698	0.0150155463182733	-0.0470877393645033	-0.013276316292227
0.0552686796115116	-0.0545435022045681	0.0956962463872217	0.0101767331060165	-0.0284027447544436	-0.00980146087588495
0.0235063646408041	-0.0253935952341811	0.0409591668744919	0.00475403370150983	-0.0121422568741365	-0.00483644193811535
