-0.0213778809600927	-0.205835887369851	-0.0860558600132761	-0.211839922217354	-0.113686832926515	-0.0952647482384501
-0.00319342278933113	-0.186945870024056	-0.0689125046598651	-0.1954474565138	-0.0952764523883285	-0.0865310046105193
0.0239365661197695	-0.137973723238982	-0.0358695294655036	-0.149189019136098	-0.057386619770507	-0.0638774749384559
0.057291365897938	-0.0652296431258647	0.00926104614665249	-0.0791711984755714	-0.0045168312991993	-0.0302227453619431
0.0930751247746267	0.0210806296915385	0.0606556874787359	0.00461553613526052	0.0563518167050092	0.00971222956832356
0.127271664212544	0.109467150176162	0.111902983936811	0.0908746281250176	0.117485624534019	0.0506120326125361
0.15654425335384	0.189909662306576	0.157504244685382	0.16972179621314	0.172219586723721	0.0878410489370474
0.178687058897618	0.255764838131668	0.193815841766608	0.234603069980936	0.216140091812372	0.118323944670339
0.193000145279933	0.304756384326615	0.219618317112265	0.283261154965204	0.247761713837394	0.141005071630853
0.200077148063994	0.338501199496933	0.235826186491029	0.317279487407682	0.268186445469037	0.156629165124435
0.201316532810129	0.361030859757536	0.244679543308252	0.340623947087182	0.280122254725854	0.167057998185328
0.198378250640317	0.376987057165183	0.248787075087414	0.35785313476349	0.286709587307104	0.17443705624204
0.192367899783516	0.389381625394083	0.249858016908854	0.371921045419033	0.290002705558495	0.180158287154634
0.183746798487039	0.398978082188393	0.248428013288913	0.383546355412364	0.290610412171018	0.184576376016893
0.172264897319212	0.404134137153264	0.243763905804414	0.391059063463789	0.287585058811644	0.186935605467259
0.157228682992362	0.401642485874876	0.234317536465096	0.391231353079715	0.278975555013379	0.185758247289659
0.13798348457442	0.388243788685992	0.218543271683827	0.380773864977194	0.262821885061482	0.179543867450093
0.114118057308406	0.36143703915309	0.195305611142999	0.357144072604108	0.237666250652082	0.167140168782936
0.08590808146553	0.320840484270249	0.164621048423773	0.319892034547446	0.203450673740965	0.148372778430263
0.0543101829716949	0.268252898946698	0.127677702780752	0.27072505950586	0.161546303935277	0.124071915976196
0.0207847273587564	0.207131624330463	0.0865480564118516	0.212993648234486	0.114405026970434	0.0958307963454394
-0.013014763789941	0.141690684055576	0.0436888360137806	0.150805038751151	0.0649547382534517	0.0655893422641354
-0.0456135819736942	0.0755453847435559	0.00124300150273976	0.0876690776715228	0.0157362324697913	0.0350095765023967
-0.0759407862769541	0.0111760657377776	-0.039281972861686	0.0259808681015098	-0.0314768163421341	0.00522979847630796
-0.103420665514482	-0.0503868366106088	-0.0771804549093192	-0.0332925740851914	-0.0758818102512717	-0.0232786201751745
-0.127883865123856	-0.109255397708591	-0.112389175337692	-0.0903062262511247	-0.117450381021282	-0.0505674602704016
-0.149410695714547	-0.166038740314717	-0.145167588310435	-0.145688677762964	-0.156527115977685	-0.0769133261252457
-0.167927012485909	-0.220928716747773	-0.175539706476507	-0.199660669592935	-0.193176425425301	-0.102394048074682
-0.183180802012015	-0.273261845784489	-0.203123549886498	-0.251578375230176	-0.226947225493158	-0.12668987277649
-0.194662284405776	-0.32133892650286	-0.227019855702043	-0.299759513267936	-0.256742799327649	-0.14900246837575
-0.2016977958432	-0.362716676819474	-0.245968928135891	-0.341771468462859	-0.281011598830615	-0.168192470870611
-0.203717978815837	-0.394953698822856	-0.25877011228822	-0.375162767438454	-0.298250026783175	-0.183127154507883
-0.200191989354031	-0.415800110758626	-0.264311182364722	-0.397675461615741	-0.307069981332969	-0.192765588372767
-0.191014508292442	-0.424126378183166	-0.262122699277257	-0.408145314708682	-0.306849877925266	-0.196589870594695
-0.176495990731208	-0.419999776225934	-0.252400589660519	-0.406583976299851	-0.297770066350972	-0.194637945603072
-0.157303109222475	-0.404511124811894	-0.235911303334222	-0.394008399206657	-0.280697779629895	-0.187421270130013
-0.13437981408503	-0.379499087666478	-0.213849662604552	-0.372166695185556	-0.257010529656565	-0.175795793321751
-0.108560803897086	-0.346479557502108	-0.187233960316252	-0.342488115264811	-0.22787362989565	-0.160464569741627
-0.0806202592596794	-0.30670880732216	-0.156958039102945	-0.306140839916633	-0.194294018419738	-0.142008111231893
-0.0511661038873982	-0.260909497277697	-0.123632129576356	-0.263765141240583	-0.156931787232783	-0.120758485941617
-0.0206724996404371	-0.209407179576241	-0.0876495481895431	-0.215611072343975	-0.11618411598728	-0.096864116199003
0.0104157982293486	-0.1525541002842	-0.0493969857380197	-0.161964494050466	-0.0724478318251053	-0.0704874585876987
0.0416042490948981	-0.0908272613426821	-0.00933398461803083	-0.103232466105089	-0.0262071611779386	-0.0418512194987793
0.0722432375341086	-0.0253579688432784	0.0317584259635818	-0.0404805774554659	0.0216508536805433	-0.0114834958849502
0.101522016159776	0.042062416427765	0.0727728632983752	0.0245636143385863	0.0698310729315588	0.0197804704316735
0.128526057604798	0.109141472983615	0.112365618292848	0.0896676831620042	0.116738399982207	0.0508733494074534
0.152397673639897	0.173456582014835	0.149181647937365	0.152453922519011	0.160741607014704	0.0806693545575245
0.17228505595518	0.232693233818921	0.181908295098877	0.210660988487083	0.200268892154396	0.108094305385276
0.187588387565618	0.285065231242189	0.209566760599425	0.262537741799516	0.234136170817659	0.132321690262746
0.197965848863281	0.32941539110723	0.231549547882112	0.306947673787564	0.261599315238872	0.152818468170905
0.203319318119424	0.365158311459957	0.247589992584779	0.343310407424116	0.282316929143021	0.169317388980607
0.203817695338959	0.392229969424226	0.257756243902649	0.371543504914074	0.296334260624411	0.181793164626214
0.199539600548934	0.410357558548548	0.261984052235895	0.391358454471881	0.303545975034123	0.190120096841626
0.190651957316306	0.419299482869898	0.260266124505795	0.402479091068694	0.303901315315135	0.194185467286313
0.17732571972975	0.418688220978145	0.252549819124528	0.404490000941749	0.297286730623248	0.193816638975717
0.159759776916407	0.408128755487565	0.238789869088272	0.396934149297268	0.283589343278735	0.188828079388585
0.138299955708327	0.387558293930411	0.219149804299556	0.379669854840153	0.262937099785365	0.179190430606154
0.113273279697845	0.356902536300576	0.193788260903054	0.352535958380865	0.235450799162289	0.164870864291995
0.085215491163823	0.316697837007115	0.163214241843795	0.315969996705556	0.201665397931684	0.146123844059677
0.0548243875075072	0.268003478531047	0.128228555530115	0.270926940838315	0.162463334848509	0.123449658587436
0.0229282217037736	0.212321680163417	0.089873374170439	0.218805053233669	0.119016750066599	0.0975557800413324
-0.00956353856206175	0.151516458867413	0.0493679135055197	0.161374642449225	0.0727187741073165	0.0693168335921929
-0.0417620968172555	0.0873237808262855	0.00786927620643903	0.100280756813361	0.0248863040973821	0.0395449406641922
-0.0728288651552407	0.0214444519385077	-0.0335198727330788	0.0371500781887223	-0.0232127218447632	0.00903079493255452
-0.102016605666571	-0.0445966421070516	-0.0738285997306187	-0.0265519110930039	-0.0704513960429029	-0.0215222445293324
-0.128674949856767	-0.109432612544479	-0.112213928948162	-0.0895044603253315	-0.115837496932082	-0.0514888666381442
-0.152289823197165	-0.171819539913895	-0.147966953660503	-0.150490741889356	-0.15851344357214	-0.080303473044246
-0.172288433453448	-0.230409760707026	-0.180307944040447	-0.208202382732842	-0.19754321710012	-0.107350851265087
-0.188183325502052	-0.283825924539813	-0.208489467737992	-0.261290015215208	-0.232016656714655	-0.131998520586474
-0.199544551226199	-0.330651625168764	-0.231769238894731	-0.308358626742432	-0.261027685509697	-0.153590514265988
-0.206030335074212	-0.369520434517506	-0.249456991119095	-0.34805219038547	-0.283732042426904	-0.171488929946031
-0.207511799198989	-0.399391804536967	-0.261089589343983	-0.379314564173925	-0.299547212432832	-0.185204945592708
-0.203821844886366	-0.419187747363413	-0.266157952051218	-0.401051675683454	-0.307846847503243	-0.194231022546807
-0.195021579995554	-0.428306112901846	-0.264459046280209	-0.412614919269777	-0.308352964387647	-0.198285164470654
-0.1813394817525	-0.42654642876952	-0.256041827746086	-0.41373368020961	-0.301071168959748	-0.197278609139034
-0.163158649710484	-0.414090642185403	-0.241197714092906	-0.404499334209145	-0.286276447397152	-0.191307542860203
-0.141059046613995	-0.391608294706038	-0.220522799742941	-0.385471742822647	-0.264587140986723	-0.1807004018799
-0.115557237429881	-0.35962399253853	-0.194528650233945	-0.35707313419723	-0.23651689272415	-0.165719192953979
-0.0872765010253568	-0.318937199248282	-0.16388415663766	-0.320001019401975	-0.202767072381328	-0.146750399167563
-0.0568808608029078	-0.270476503442424	-0.129313117625758	-0.275092469455514	-0.1641180581007	-0.124232760651843
-0.0250730855293936	-0.215317271430627	-0.0915924485703125	-0.223343981672301	-0.121435275486064	-0.0986631464362066
0.00739265512749231	-0.1548009495092	-0.0516023628581348	-0.166032661162772	-0.075735717051398	-0.0706528224517221
0.039750314023171	-0.0902610181635082	-0.0102115245170178	-0.104427761537331	-0.0280326938918897	-0.0408019364141373
0.071202872425564	-0.0232667085477783	0.0316110175412903	-0.0400394799204197	0.0205272666083799	-0.00981865683093229
0.100954035219644	0.0444852766011239	0.0728388683582129	0.0254942164213347	0.0687291965118367	0.021526526840866
0.128238948958536	0.111238439555819	0.112419005917491	0.0904747541717769	0.115334063591458	0.0524287938277716
0.15241147374876	0.175301629577508	0.149363820281037	0.153255546386037	0.159182372003995	0.0821061496522902
0.172796549075571	0.23498993049618	0.182644830916363	0.212205739235545	0.199090565899047	0.109773538580937
0.188867740790911	0.288809167469053	0.211376225831675	0.265862597997383	0.234035629966385	0.134731746660947
0.200223675213465	0.335464660824609	0.234818635860339	0.312940889951877	0.263152817473488	0.156374775103546
0.206597360731805	0.373878126019853	0.252404341012122	0.352346920903517	0.285754437718089	0.174199575659424
0.207946733149379	0.403338522945214	0.263852394207145	0.383323124978385	0.301455208746597	0.187875489512406
0.204162397775327	0.423007854855019	0.268818138257954	0.404985455634058	0.309779530850757	0.197012784659921
0.195319292644891	0.432356850366049	0.2671884156922	0.416744498167384	0.310504386593554	0.201360954875276
0.181615633161806	0.431081216171829	0.259001104023406	0.418234746990134	0.303582228156756	0.200767396497151
0.163379937368762	0.419140992323635	0.244448946185341	0.409357994854002	0.289158378776773	0.19519576405196
0.141143535280517	0.396963073357305	0.223985716256755	0.390484012523127	0.267703755594558	0.18482429393685
0.115398957295285	0.364900276189466	0.197989334677996	0.361910736574496	0.239619560478926	0.169798787516027
0.0867864491447839	0.323709885175398	0.167052066050305	0.324331141523193	0.205571750037161	0.150464314589559
0.056020828346335	0.274409476513733	0.131900794505874	0.278683316106239	0.166386532569546	0.127303421819305
0.0238702600787406	0.2182476987182	0.0933905062439837	0.226117177114558	0.123032111432246	0.100923846468724
-0.00884783731706762	0.156813406226728	0.0525532069902165	0.168111389578946	0.0766795133073643	0.072104878255422
-0.0413514478631205	0.091468662507095	0.0103486215563959	0.105892288415742	0.0283801304678142	0.0415235500128038
-0.0728520681117837	0.0238162521393608	-0.032149830691069	0.040935438764925	-0.0206747885553269	0.00995976060108064
-0.102588714098473	-0.0444920580450969	-0.0738577189303064	-0.0252159923945428	-0.069269211226405	-0.0218041148080541
-0.12984224172622	-0.111795580633425	-0.11371956022048	-0.0909766528627225	-0.116194887909761	-0.0530078514856301
-0.154041675518658	-0.176538988826737	-0.150825803566011	-0.154809696214864	-0.160368206739321	-0.0829645463983114
-0.174465230653778	-0.237050102698028	-0.184168192305377	-0.215051219528221	-0.200581030034531	-0.110948077453394
-0.190574377072067	-0.291838300999002	-0.212936392785825	-0.270167147223433	-0.235818957464218	-0.136316045365983
-0.201944550227661	-0.339556165536034	-0.236453000194848	-0.318741596596519	-0.265210173807352	-0.158476036705161
-0.208282871130568	-0.379032334828275	-0.254179158307637	-0.359526151480412	-0.288048092649071	-0.176889211777527
-0.20958960328677	-0.409558860827206	-0.265896170006639	-0.39172875970803	-0.304009801502226	-0.191201716613698
-0.205652779035114	-0.430036048097643	-0.271093161373218	-0.414216811092263	-0.312466983891663	-0.200850751301516
-0.196559195486933	-0.439885195854662	-0.269591194030893	-0.426383836449517	-0.313190479759407	-0.205506546745298
-0.182545896249458	-0.43882151948746	-0.261383246311281	-0.427930167887013	-0.306157404059857	-0.204985021273273
-0.163989492395977	-0.426868170751881	-0.246647068701466	-0.41886496454554	-0.291551641997435	-0.199270821922943
-0.14150801758421	-0.404644552507614	-0.225924597411856	-0.399773365395536	-0.269963471430592	-0.188660994887162
-0.115528446240569	-0.37235946134336	-0.199516157208263	-0.370823748002299	-0.241670726185641	-0.17329193070442
-0.0866741983055405	-0.330784824592877	-0.168063079018962	-0.33271123815072	-0.207331427265015	-0.153582088547182
-0.0556330043575372	-0.280949323893688	-0.132356333842455	-0.286361857035852	-0.167770423517652	-0.130070815558939
-0.0231432916244548	-0.224108021995783	-0.0933077060751363	-0.232913128739807	-0.123961964419786	-0.103386051661532
0.00999831401261	-0.161853199176451	-0.0519832953435873	-0.173846829362658	-0.0770922916323048	-0.0742853995443033
0.0430236042066872	-0.0955533818628871	-0.00933414955444887	-0.110424000298893	-0.028224656369588	-0.0433880501921354
0.0751388636814603	-0.026825656183819	0.0336031104936376	-0.044188864244505	0.021435728283632	-0.0114074225765582
0.105560864134348	0.0426514093163272	0.0757954195463839	0.023219456317131	0.0706615704034119	0.0209208018262417
0.133534933188027	0.111175932064001	0.116231319470362	0.0901099609296948	0.118236829060333	0.0528385598525176
0.158446640637099	0.17713842303252	0.154017080912106	0.154853600468012	0.163070975297905	0.0836059173948357
0.179532994825448	0.238805529720124	0.188125415465882	0.215731271839833	0.20395100069444	0.112397098636369
0.196219710053911	0.294625699991804	0.217690893621079	0.271204395101565	0.239851946608081	0.13844897670438
0.208055663779262	0.343200180498461	0.24195920803494	0.319905852841772	0.269883066813469	0.161062644657134
0.214730747269522	0.383324285481874	0.260312624108014	0.360677777852245	0.293308557635726	0.179640298349827
0.216236345833442	0.414281982177846	0.272470866621152	0.392839568109969	0.309767567986022	0.193836274786226
0.212352928681104	0.434987141806281	0.277890630949059	0.4153584020675	0.318586869246284	0.203163918399374
0.203161957148454	0.444897708605231	0.276391990860112	0.427696010568369	0.319494188646677	0.207415542136797
0.188895458633262	0.443778947589376	0.267989688496079	0.429572432536995	0.312432325305186	0.206539433779878
0.169926381432293	0.431705879599508	0.252891782431873	0.420965657314296	0.297566575089054	0.200624130183752
0.146875442754799	0.409341286424666	0.231665834589692	0.402393940097078	0.275490119344928	0.190013688391694
0.120173962798312	0.376911681191212	0.204623329000469	0.37392924040758	0.246501625512181	0.174820995740431
0.0904608306722686	0.335183383059336	0.17240569265419	0.336177972023919	0.211299255956207	0.155384699061746
0.0584496457659794	0.285156470964	0.135801324280797	0.290001900013253	0.170759880607546	0.132135251970412
0.0249140486061608	0.228043869901569	0.0957295426566132	0.236510024360977	0.1259137905011	0.105597942342764
-0.0093060493143164	0.165398805189932	0.0532858622923842	0.177194387189068	0.0780016537814308	0.076464735553105
-0.0434019976069105	0.0985617663095699	0.00947246293007879	0.113342465860599	0.0281269099461494	0.0453411047145369
-0.0765419210468389	0.0291517985784689	-0.0346033649365719	0.0465355180033566	-0.0224754219494096	0.0129770248325976
-0.10791198220899	-0.0411186821187173	-0.0778329755901988	-0.02155886091769	-0.0725598737945613	-0.0198244447648597
-0.136736420045184	-0.110488000642631	-0.11914128846723	-0.0892395195697392	-0.120900787167043	-0.0522341610792739
-0.16238717451249	-0.177275668687888	-0.157594925222419	-0.15488559059189	-0.166400279352126	-0.0834621435416132
-0.184098950378269	-0.239685765520365	-0.19216395366373	-0.216794476894981	-0.207843376943768	-0.112666411607231
-0.201298006228888	-0.296130205932294	-0.222007421515419	-0.273435872171518	-0.244199890561637	-0.139099621901609
-0.213534059611459	-0.345209629170716	-0.246411584340186	-0.32342565121636	-0.274571849203132	-0.162094814559117
-0.220495003500182	-0.385752326462934	-0.264798920742806	-0.365552132893752	-0.29821562415694	-0.181080425967748
-0.222164168467002	-0.417095323653278	-0.276914216579489	-0.399044413688398	-0.31476319654811	-0.195714554952658
-0.218313688470509	-0.438198358783658	-0.282219722836657	-0.422748755932939	-0.32354126421639	-0.205477898968022
-0.20901447376201	-0.448539192861437	-0.280523051974527	-0.436001092191796	-0.324283042810213	-0.210106163955723
-0.194489979372095	-0.447860251723438	-0.271819405498524	-0.438415095254926	-0.316942788653751	-0.209483767366356
-0.175109967216883	-0.436170568651376	-0.256303868751969	-0.429905394609022	-0.301701170520704	-0.203650770124904
-0.151499455619031	-0.414041586098877	-0.234549972009989	-0.410986068131562	-0.279168264075583	-0.192938291675389
-0.124105245956951	-0.381606619778105	-0.206891937062267	-0.381782295335418	-0.249655079031107	-0.177480869330878
-0.0935916334604886	-0.33957563281025	-0.174010442164034	-0.343004840988716	-0.213868385522924	-0.157672267370857
-0.0607055949356087	-0.2889524883765	-0.136734960262158	-0.295648681827727	-0.172687768676383	-0.134011020205964
-0.026258491533565	-0.231021670480905	-0.096012580874407	-0.240959641456856	-0.127140910033028	-0.107081384050141
0.00887073656482641	-0.167463297544056	-0.0529450158173327	-0.180547794067931	-0.0784649887196303	-0.0776097048387253
0.0438420081716756	-0.099760896273647	-0.00850743350754	-0.115782598853045	-0.027754728402183	-0.0462012695899993
0.0777981674494745	-0.0296569136582704	0.0362359371226343	-0.0482895175090965	0.0237572219953761	-0.0135834262368129
0.109909463974067	0.0410714789305653	0.0802217241449324	0.020253124282872	0.0748198250533915	0.0194699236890643
0.13939372037098	0.110675815442896	0.122403587776907	0.0881554057795351	0.124191122982465	0.0521467793025644
0.16562265470055	0.177560292655217	0.16184369063263	0.153816577517	0.170742864454068	0.0836506288148424
0.187839940585959	0.240055314081308	0.197476508900519	0.215555171136251	0.21322353234592	0.113109866061269
0.20548129212246	0.296694212773124	0.228394231250826	0.271859538015765	0.250556518567439	0.139737568775035
0.218103793503291	0.346148951692881	0.25380162502072	0.321366498941941	0.281793836920169	0.162836893266937
0.225397312796348	0.387240159711469	0.273043591890093	0.362896356436073	0.306143973183621	0.181833868157122
0.227339233673443	0.419218398741552	0.285805210787589	0.395732078438984	0.323198013106408	0.196418864852033
0.223689314182488	0.440899735266024	0.291520168753754	0.418791790504949	0.332257678755298	0.206132039100316
0.214500901313599	0.45161536645423	0.289992295250931	0.431505326132236	0.333047336619209	0.210775291978097
0.199977943983414	0.451007830579473	0.281228617957862	0.433586837446825	0.325529066604579	0.21027885713878
0.1804728492567	0.439069841672396	0.26543858558356	0.425038497740427	0.309904649434287	0.204686333543598
0.156600103136207	0.416451020707222	0.243201749907013	0.406431497607899	0.286812566860671	0.194283741890116
0.12880363705287	0.383424756801599	0.214851114835573	0.377887718394897	0.256593009588527	0.179121040406452
0.0977568481030543	0.340863715352254	0.181063699377542	0.34006018585775	0.219977708860373	0.159499743829568
0.0642256433806588	0.289897482391959	0.142675971456305	0.29383196513194	0.177863777234414	0.135852378263225
0.0290467856078404	0.231854718384737	0.100665742735237	0.240298731740655	0.131289966095021	0.108751570182146
-0.00687300631087377	0.168363665926835	0.0561975685213637	0.180908642736384	0.0815038389396125	0.078977025214431
-0.0426701350958233	0.100774713794162	0.0103353090184889	0.116876670249139	0.0296132294216658	0.0472350252868689
-0.0774687354681728	0.0306695221404256	-0.0357518300041386	0.0497134477772852	-0.0231226371441823	0.0143701999545659
-0.110426402609732	-0.040304009748061	-0.0809007149997524	-0.0189645657193203	-0.0754100955597192	-0.0187541062664346
-0.140752008157072	-0.11044441679184	-0.123991702884838	-0.0874714490863827	-0.125949934660999	-0.0513005586648067
-0.167806053353298	-0.178099206740846	-0.164053463401625	-0.154158569498374	-0.173547399335966	-0.0825269021788881
-0.19081851111943	-0.24145225435741	-0.200036153851892	-0.217256794029697	-0.216892581589462	-0.111681350755805
-0.209200871968268	-0.298851340012804	-0.231083450265333	-0.275144918981914	-0.254866086105529	-0.138125493772572
-0.22247618584127	-0.348807596882451	-0.256470744865166	-0.326343173804805	-0.286504321303978	-0.161288593188073
-0.230294209081771	-0.390062494620861	-0.27561192655	-0.369559005724894	-0.311031599549209	-0.18065477659115
-0.232591460637086	-0.421898698818765	-0.288242368433083	-0.403971691635063	-0.328081418226887	-0.1958832110665
-0.229102652415192	-0.443259572729636	-0.293822339992136	-0.4284041072241	-0.337018589690251	-0.206392178168664
-0.219874220002371	-0.453656254740508	-0.292161970639069	-0.442200492159727	-0.337632981329698	-0.211815929176298
-0.205127109015858	-0.452894434789593	-0.283266091697253	-0.444997832901164	-0.329940108165107	-0.211922317340193
-0.185252782273029	-0.441050214438497	-0.267346977533293	-0.436732634992468	-0.314172002566789	-0.206649133476055
-0.160917214378288	-0.418743256652032	-0.245001919810879	-0.417928355602101	-0.290970863426735	-0.196263381436571
-0.13262124407318	-0.386106846200644	-0.21659187542765	-0.388689154478345	-0.26065679474148	-0.180883078836655
-0.101082894838941	-0.343816405101189	-0.182826324329653	-0.349690012253889	-0.22393055732272	-0.160932883234539
-0.0670915006541726	-0.292817198254011	-0.14456079658946	-0.301881256284171	-0.181659314400266	-0.136971912843432
-0.0314823659013989	-0.234336367067672	-0.10276282312516	-0.246470019703159	-0.134863075590955	-0.109651752757205
0.00486005644754506	-0.170025988993491	-0.0585494887602633	-0.185051532301759	-0.0847861946982877	-0.0797528351545845
0.0411039493328719	-0.101383169982723	-0.0129024554981728	-0.119004830916203	-0.0325448172992043	-0.0479030661194797
0.0764014967187854	-0.0302149818557362	0.0331073542983147	-0.0500041140393302	0.020589681019713	-0.014825433261301
0.109921954475039	0.041602240612786	0.0784071048223001	0.0201925139527339	0.0733188861247787	0.0187291296803669
0.140863202735046	0.112213126054926	0.121934582073811	0.0897958904881791	0.124354186874471	0.0519737152344512
0.168554084472205	0.179937954425171	0.162725627973164	0.157102256100697	0.172527326728884	0.084123139675682
0.192184144725404	0.243066672129156	0.199686490887419	0.220336198260049	0.216565418614361	0.114291904858127
0.211130450177758	0.300145918867772	0.231876805194482	0.27791431121978	0.255381465330908	0.141655640913962
0.224902162979299	0.349902990167201	0.258471183936721	0.328428376097344	0.288023813783577	0.165465303358986
0.233163671641163	0.391230215529769	0.278792153724101	0.370679632328837	0.313695601115615	0.185094923696979
0.235891937320858	0.42343811334965	0.292511815021448	0.403956747882773	0.331970970601209	0.200200447777437
0.232876619507772	0.445352635155701	0.299068241850432	0.427186986298081	0.342126743511318	0.21030468341155
0.22421285654076	0.456267518042591	0.298279505162643	0.439821939800974	0.343850876078944	0.215218739988654
0.210143017787382	0.455745201181144	0.290170887870445	0.441600338492456	0.337064686216367	0.214896391790799
0.191037579045481	0.443682271461011	0.274965017660748	0.432549289119095	0.321933548611498	0.209404489324384
0.167495413653677	0.420657040683792	0.253239078168318	0.413270426902538	0.299071079304409	0.199039433924757
0.139915263230753	0.386913253142177	0.225307089401752	0.383903835115047	0.268813200644319	0.183835053372962
0.108899492030651	0.343373417499446	0.19180720178923	0.345131161222607	0.231906633399242	0.16405973331276
0.0751355625819022	0.291287344816704	0.153522325570919	0.297868717778758	0.189277501669362	0.140104721670605
0.039395281734205	0.232147365530225	0.111372066659243	0.24324918939098	0.141998468561339	0.112510222569934
0.00255205094237578	0.167748906772245	0.0664699660178639	0.182763088534355	0.0913456425569627	0.0820495745007946
-0.034518922862961	0.0995536087097034	0.019853819214772	0.117657642272343	0.0384446926230061	0.0494572114276353
-0.0708873251254331	0.0291760482760361	-0.0273019328358102	0.0494775013307735	-0.0154403781605014	0.015643162642122
-0.105623142811383	-0.0417984333544409	-0.0737937780308547	-0.0201315078819078	-0.0690202663930986	-0.0184397942226557
-0.137832672539767	-0.111811247242545	-0.118431400451566	-0.0894605204607113	-0.121000940092301	-0.0518615169709124
-0.166779405154465	-0.179393470546141	-0.160153949216398	-0.15684615050878	-0.17018337199278	-0.0838067710553164
-0.191619299266458	-0.24289728899871	-0.197820067656637	-0.220512927349262	-0.215236166876817	-0.113487954774122
-0.211723911439123	-0.300772881059936	-0.230496324303044	-0.278843040810175	-0.254997912012035	-0.140276300578847
-0.226608780162513	-0.351533028668143	-0.257406676388285	-0.330369454138112	-0.288444351851595	-0.163650300578409
-0.235938356495	-0.39381438908148	-0.277943555918771	-0.37382012333578	-0.314728241286207	-0.183165780020231
-0.239669255901606	-0.42671671378721	-0.291845934625377	-0.408403548880067	-0.333410810437112	-0.198554885720225
-0.237548106867995	-0.448961855097468	-0.298595152300704	-0.432961543219944	-0.343798238358784	-0.209279955604043
-0.229613696012025	-0.459872651529536	-0.298026197946597	-0.446856803068025	-0.345643920718683	-0.214984028696803
-0.216054847446111	-0.459147938735398	-0.290158951384745	-0.449734822814008	-0.338951415874619	-0.215403022897012
-0.19721044533966	-0.446867044674936	-0.275202389852591	-0.441527373204505	-0.323961860423461	-0.210411642772936
-0.173682550268716	-0.423763903588036	-0.253728782920006	-0.422745813959779	-0.301337040673323	-0.200206357523816
-0.145916549038261	-0.390148929417077	-0.226063534154147	-0.393456616818382	-0.271423561759612	-0.184833938130331
-0.114594453065613	-0.346900238385058	-0.192878307235051	-0.354300414142103	-0.234943009824551	-0.164682454486401
-0.0804978272372961	-0.295128054823722	-0.154999396535928	-0.306197972628275	-0.192771863004531	-0.140315834446063
-0.0444838675130042	-0.236141733973101	-0.113381116155772	-0.250338877432874	-0.145926591533931	-0.112431305986207
-0.00748015454635336	-0.171576437968975	-0.069143334967648	-0.188320847067994	-0.0956368553957671	-0.0818856665891306
0.0296178060210378	-0.102818493945791	-0.0232882757294832	-0.121531951247089	-0.0430070584312351	-0.0493873597402356
0.0658981140558074	-0.0315202143819789	0.0230872575994532	-0.0516725620238984	0.010696349136009	-0.0157293140360136
0.10047433557894	0.0405906401473721	0.068887349346389	0.0194681119566799	0.0641652591550743	0.0182986557890763
0.132504062527313	0.111751387346537	0.113036052573806	0.0900733037319526	0.116084230186857	0.0519113655758005
0.161294829290562	0.180288656089948	0.154567852897515	0.158420705119544	0.16524543015694	0.0843638467552338
0.186024741815154	0.244410472339784	0.192389970289381	0.222729012514133	0.210324320936113	0.114837964310139
0.2060710153798	0.302519516502459	0.225564262992195	0.281414792314265	0.250187160434953	0.142582247212796
0.220945276216249	0.353183719724915	0.25325828828112	0.333067394132993	0.283848135469153	0.166903839357805
0.230311159474755	0.395171632056463	0.274773021034953	0.376472398564743	0.310495855980805	0.187197083647292
0.234139235125101	0.427746371261471	0.289745339881056	0.410883755027884	0.32971203173236	0.203094170260443
0.232205870424045	0.4497704739575	0.29756899043386	0.435161996422198	0.34079772889732	0.214042854883185
0.2245947531529	0.460651157510439	0.298024157156666	0.448675872422088	0.343478068808119	0.219749365818019
0.211540055880365	0.46009891797428	0.291112547405003	0.451075039899764	0.337710349041798	0.220052278958042
0.193409755977272	0.44814108067164	0.277052761440765	0.442309358744163	0.323682017771559	0.214918835629898
0.170803747362051	0.425423981072765	0.256434818385932	0.422937999094161	0.302003743406073	0.204587883622382
0.144130259002834	0.392162421814947	0.229595318584622	0.39309057740839	0.2729828951722	0.189082743156086
0.114002807234857	0.34916383764997	0.197192843674366	0.353491862663128	0.23731515391262	0.16872132008092
0.0811159993510409	0.297504393513547	0.160013911822237	0.305142081680198	0.195861245122691	0.143990621663435
0.0462393057854577	0.238494337369124	0.11895600593052	0.249280828345323	0.149626678924584	0.115550711815779
0.0102263282650359	0.173795334981976	0.0750820675816014	0.187507390212458	0.0998289653260384	0.0842936825955882
-0.0260701680699559	0.104818987109216	0.0293679060037039	0.121148401019069	0.0475641574256017	0.051035154485368
-0.0617537145642903	0.033240046929781	-0.0170755363884172	0.0517934682274149	-0.00590702226208711	0.0167200838244726
-0.0959312569170817	-0.0392010117372779	-0.0630913501733868	-0.0189074602258512	-0.0592731793856379	-0.0177177573265465
-0.12774302503103	-0.110734810590986	-0.107506905518586	-0.0892725722803052	-0.111202521453547	-0.0514113888926933
-0.156481834275797	-0.179679403513807	-0.149251279081584	-0.157675805485685	-0.160460336884911	-0.0836306461817524
-0.181310875485525	-0.244227608765188	-0.1871410692914	-0.222369533212552	-0.205682395617802	-0.113669555349471
-0.201599655306557	-0.302758173095746	-0.220198673220966	-0.28173033047765	-0.245700812529697	-0.140950535636811
-0.216850135060791	-0.35381151726858	-0.247617412345246	-0.334244091397025	-0.279510129384435	-0.164957959608537
-0.226705505224291	-0.396133280646737	-0.268787364884396	-0.378555674110021	-0.306301472900722	-0.185206940785826
-0.231101227779436	-0.428975575660235	-0.283480633468201	-0.413773816422548	-0.325684563912282	-0.201355908629868
-0.22975693453625	-0.451203224932376	-0.291226121733791	-0.438651615794546	-0.336995311614024	-0.21278130336166
-0.222694782523692	-0.462235733351671	-0.291914505958454	-0.452503262342565	-0.339997967751602	-0.21905595849422
-0.210094726188093	-0.461796354311265	-0.285598903371597	-0.45498488278488	-0.334674001972787	-0.219879684540001
-0.192293564263034	-0.449916159169932	-0.272476144220146	-0.446101700732695	-0.321208960992738	-0.215131732565774
-0.169895082589076	-0.427231909451258	-0.253050376780801	-0.426487687895684	-0.300185596621043	-0.205046359302393
-0.143345556004777	-0.393936560133767	-0.227523820768725	-0.39635081714541	-0.271859622417681	-0.189716895380152
-0.113326686016414	-0.350816346824657	-0.19641876920929	-0.356460040470644	-0.236876871189439	-0.169565645578992
-0.080612541503327	-0.29893943887727	-0.160414668471788	-0.307819153374767	-0.196065753061352	-0.145155631086347
-0.0460420699011971	-0.239631603145719	-0.120353885388617	-0.25163767767585	-0.150429316156151	-0.117139647211579
-0.0105090789474012	-0.174595283443484	-0.0772998213490492	-0.189472731919386	-0.101211956639441	-0.0862976678966338
0.0251313524225253	-0.105298757655277	-0.0322701149001088	-0.12262650706211	-0.0495556766389303	-0.0532498429556381
0.0600184206985556	-0.033472250343911	0.0135691156364843	-0.0527061590500614	0.00323777779131423	-0.0187318152337338
0.0933221190605144	0.0391091696332546	0.0590247186534597	0.0185667284900632	0.0558460552256446	0.0164593503197913
0.124256631522598	0.110675680951253	0.102930166032838	0.089392318748353	0.106974159782414	0.0514451793065943
0.152186083948574	0.179579282115893	0.14427185070915	0.158006488077822	0.155477036531274	0.0853027055027321
0.176320691839685	0.244068721965734	0.181951228657814	0.222544658242816	0.200106731617742	0.116981237979585
0.19605889412999	0.302575722647702	0.21508138608144	0.281325879336041	0.239815923444672	0.145491071343348
0.210915889537476	0.353666332197134	0.242913356884596	0.332866699780673	0.273684353532522	0.169956929510851
0.220541942194982	0.396069235948787	0.264832087937995	0.375937099596811	0.300922240678558	0.189701618139509
0.224885692621917	0.428979910893717	0.280530387082861	0.409849337112305	0.321081671254915	0.204427664192329
0.223678908733976	0.4511835288144	0.289391025858915	0.433584718042049	0.333364233918139	0.213799925450342
0.216962690578248	0.462033420985598	0.29112791913133	0.446669873318106	0.33736461458771	0.217844955965344
0.204929684328496	0.461231506666794	0.28563029850505	0.448903666513077	0.332900736594137	0.216757879890089
0.187910670582949	0.448851741180625	0.272987690407878	0.440330953335149	0.320044107756873	0.21081587352181
0.166476890823057	0.425636127211039	0.253681544768585	0.421520877779415	0.299342599662397	0.20044573896092
0.141006424900276	0.391912967238679	0.227985016854492	0.392512585952823	0.271099826020294	0.185683796885127
0.112092218039317	0.348595210453931	0.196561941325909	0.35386615110616	0.236075839913804	0.166681569973373
0.0804128634034832	0.296822733475998	0.160264085954745	0.306381395440256	0.195240076862687	0.143615454410757
0.0467252096409835	0.237908309487371	0.120088914622492	0.251113771595007	0.149718700107215	0.11676383754786
0.0118715966599809	0.17345532641914	0.0771952659784736	0.189545159209255	0.100824003560709	0.0866588044684954
-0.0233023158188809	0.104771778215081	0.0326193579124481	0.122973036265467	0.0496962198392871	0.0538618305602744
-0.0579055612390936	0.0334195878197342	-0.0125309415218159	0.0530590153258561	-0.0024277859166242	0.0192329207691921
-0.0910514073835593	-0.0389492147583541	-0.0571707439986164	-0.0184002343250823	-0.0543258167832824	-0.0161938901454622
-0.121890932419679	-0.110603285544942	-0.100252349618276	-0.0895451490489988	-0.104800632564383	-0.0512959453791621
-0.14974159532584	-0.17983996937051	-0.140853950634428	-0.158591685429474	-0.152770669698158	-0.0849997723221009
-0.173790921958434	-0.244782468840924	-0.177909606160819	-0.223694973639857	-0.196991896769899	-0.116256718579138
-0.193448358557848	-0.303719494723733	-0.210505444856535	-0.283218554827314	-0.236370152137388	-0.144229366196483
-0.208264164464729	-0.355113178749727	-0.23782296688021	-0.335714650921163	-0.269909803644064	-0.168282034180782
-0.217930981464851	-0.397669453081558	-0.259169178384861	-0.379945661909746	-0.296752032749125	-0.187966164658259
-0.222430006856718	-0.430650978951514	-0.274193066720842	-0.415148156717401	-0.316422978030777	-0.20310773161437
-0.221492507847614	-0.452973354015009	-0.282282465111396	-0.440164171799536	-0.328148986465796	-0.213322813195607
-0.215128455179258	-0.464124616595577	-0.283228411025502	-0.454334803899274	-0.331609669920716	-0.218427483127966
-0.203473154770316	-0.463880441501739	-0.277052226752589	-0.457269205995026	-0.326742482835979	-0.218304938213337
-0.18679068864969	-0.452279810887678	-0.263997691029826	-0.44886595970547	-0.313737116615391	-0.212921312400601
-0.16560004883669	-0.429911351966693	-0.244685979175397	-0.42962640291934	-0.293225544327938	-0.202498809059063
-0.14025336733217	-0.396868570972629	-0.219457744995117	-0.399637130651694	-0.265519310246828	-0.187050081751453
-0.111363031359045	-0.353821055553707	-0.188968109140676	-0.359598412208688	-0.231320482986188	-0.166896941659542
-0.0796678415049956	-0.301741350718236	-0.15397793876198	-0.310515900138652	-0.191485678631421	-0.142529093538182
-0.0460109589831911	-0.241917938841438	-0.115333334597003	-0.253669190611212	-0.147005759143888	-0.114582583173631
-0.0113246756720621	-0.176094326053685	-0.0740212582528545	-0.190730108307588	-0.0990755808079837	-0.0838777483765087
0.023479445438781	-0.105859975108928	-0.0309157853580358	-0.123124630050309	-0.0487595807344968	-0.0511049185068468
0.0574826064975867	-0.0331141514106135	0.0129827995492147	-0.0525545491463253	0.00271499466985938	-0.0170551405335751
0.0898182357657306	0.0401958760620996	0.0566307540481222	0.0192215919210252	0.0540774736337608	0.0174798947889235
0.119700424798134	0.112174160158083	0.0989600183121615	0.090434211499362	0.104047290410116	0.0517148354947894
0.14653685742883	0.181130420379567	0.138989807794354	0.159405229094777	0.151458421533727	0.0849035190186957
0.169605618641829	0.245364181816071	0.175584612180224	0.224378127306151	0.195009924534791	0.116214921912333
0.188386264272045	0.303437068764839	0.207779975781901	0.283765791756489	0.23359939574841	0.144860718259343
0.202462927457199	0.354081831359867	0.23474309062679	0.336126619634411	0.266274550257497	0.170079713722136
0.211522352432536	0.396177674003836	0.255804164139707	0.380197872642331	0.292257844455959	0.191170255762679
0.215512204338859	0.429008326325175	0.270660131194126	0.415184359778478	0.311171965832356	0.207658620907705
0.214111084082783	0.451352663404025	0.278742690287618	0.439902959060349	0.322320324128223	0.218903258777015
0.2072895431749	0.46247191612649	0.279862226647426	0.453702015924758	0.325426008768511	0.224569154451415
0.195173425762388	0.461919993783676	0.274018035377106	0.456232055802304	0.320426280990015	0.224521868259008
0.17805746827407	0.449617320962875	0.261389220062336	0.447459043742785	0.307472840464229	0.218826173530437
0.156531278199379	0.426200762217444	0.242503774670051	0.427967149521245	0.287139884708206	0.207870987958293
0.131033863833153	0.39197574820631	0.217606652404948	0.397898393202191	0.25967835187476	0.191834624336652
0.102266696409432	0.347930981721103	0.18728340219874	0.357986595086498	0.225749824296499	0.17115600602795
0.0710313377805079	0.295358716791061	0.152274517013433	0.309233235316827	0.186199460419319	0.146364498329827
0.0381868243070772	0.235755854108696	0.113464601009346	0.252875656574301	0.142035125870232	0.118062848976062
0.00462649065454765	0.170886233724636	0.0719311735846204	0.190517253875844	0.0944884083090995	0.0869958480750308
-0.0288323388132803	0.102148094163218	0.0286682136617121	0.12348643566057	0.0446604894299906	0.0537784374704161
-0.0613958749141244	0.0310982338376347	-0.0152040676933829	0.0533881028056031	-0.00619448646029955	0.0191649798422058
-0.0923282562007371	-0.0407064352255198	-0.0585530963882612	-0.0181065425014169	-0.0568007039148684	-0.016030397369809
-0.120951334901303	-0.111686244485424	-0.100275135392452	-0.0892944455120145	-0.105897228512832	-0.0509439340671925
-0.146735089649975	-0.180296198287945	-0.13941379637246	-0.158534806649573	-0.152357570115481	-0.0847191481550969
-0.168963765328779	-0.244774444357964	-0.174912352619376	-0.224071517519819	-0.194933340040417	-0.116417791384138
-0.187069567086361	-0.303446962976145	-0.205914398665571	-0.284278795529519	-0.232572998285779	-0.145181823804916
-0.200554783790549	-0.354729880239645	-0.23169903637119	-0.337637457943789	-0.264365549352589	-0.170240074582625
-0.209016964307413	-0.397223185358085	-0.251687748421345	-0.38277439906593	-0.289560044361695	-0.190945087853784
-0.212336367312201	-0.43006979544792	-0.265634626103211	-0.418762801129022	-0.307791771389621	-0.20692905793823
-0.210165817666988	-0.452097041686169	-0.272985444087569	-0.44428890589993	-0.318362262173257	-0.217678764365212
-0.20250064227492	-0.46278127666622	-0.273535130484366	-0.458591211592082	-0.320985385462696	-0.222983571920607
-0.189536664069529	-0.461974961327685	-0.267254252349967	-0.461252307786479	-0.315587443404091	-0.222800780148648
-0.171665024921928	-0.449864763355403	-0.254298453864298	-0.452226305645671	-0.302312296099086	-0.217236037713363
-0.149573699373241	-0.427215702397925	-0.235195568494166	-0.432141074523057	-0.281735545129845	-0.206663505069049
-0.123769357138191	-0.394261871589528	-0.210200998873644	-0.401241542900115	-0.254108859270401	-0.191191595306393
-0.0949757006613393	-0.351733300067273	-0.179928828250769	-0.360392544784138	-0.220101641316664	-0.171155578306853
-0.0639646685877387	-0.300551103468793	-0.145147632834707	-0.310730998062733	-0.18056886092798	-0.146967167364698
-0.0315230446215578	-0.2418442907733	-0.106753001208589	-0.253608380381694	-0.136526548255839	-0.11912130931905
0.00154682226293063	-0.177130805480191	-0.065807910355017	-0.190700551768899	-0.0892120137433963	-0.0882885786945014
0.0345200285277144	-0.107755356621673	-0.0232486346189305	-0.123369177156302	-0.0397154394474337	-0.0550538092159852
0.0666634210113561	-0.0354354988085098	0.0198838396188304	-0.0532128438497801	0.0107278779860909	-0.020198072889557
0.0972571363353846	0.0379513965731969	0.0625447382277306	0.0181251908449554	0.060870840794975	0.0153882040730126
0.125592765978686	0.110445640332338	0.103705228031649	0.0889732283402136	0.109486897153334	0.0507334012943245
0.151074078327114	0.180174775043434	0.142449869429084	0.157710807755081	0.155481055468993	0.0848687405236272
0.172912901873092	0.245195649801677	0.177723002403772	0.222591543619091	0.197630550714686	0.116772061360162
0.190480847570141	0.303833139595195	0.208622634390195	0.281993537480192	0.234889713645125	0.145553666672913
0.203255247829151	0.354661844013015	0.234349440059575	0.334412950659207	0.266331685948292	0.17047519323266
0.210855031577534	0.396530420018086	0.254233793036602	0.378521250918499	0.291169662571439	0.19097873299448
0.213226004432154	0.428830692603958	0.267948126906291	0.41347779460036	0.308990908700846	0.206814481692745
0.210110785262408	0.450561089322992	0.274887310759988	0.438090882736659	0.319050169116761	0.217579905071542
0.201595806248668	0.461249363555272	0.274831979006809	0.451744100715639	0.321028062969203	0.223122963684681
0.18794341043542	0.460684349348809	0.267775679533769	0.454157443007176	0.314843861970299	0.223381266361502
0.169567755576805	0.448918231181168	0.253924200302231	0.445380147512154	0.300666329577777	0.218359409725218
0.147131896472282	0.426574803116879	0.233866667857473	0.426066840000933	0.279125604626023	0.208274642929112
0.121070543906794	0.393793997946615	0.207918127309499	0.396392957078815	0.250545234586541	0.193069976891316
0.0920146902688315	0.351292448156214	0.176736929085891	0.357074147071346	0.215668031174668	0.172964439790297
0.0606491451763377	0.30005277053225	0.14111974526341	0.309039992453818	0.175407544203275	0.148349403909496
0.0277063885447282	0.241305679531853	0.101979948384559	0.253416046217634	0.130811998357915	0.119815152815191
-0.00601211303105088	0.176662486946023	0.0603999815546782	0.191680024001899	0.0831232873403722	0.0882267260303556
-0.0397294984402063	0.107511843255306	0.0173424539520117	0.125053807813636	0.0334086773153021	0.0544099045203078
-0.0726137037878739	0.0355459440990275	-0.0261085707660324	0.0550833940847992	-0.0171278670913102	0.0193632329233852
-0.10382389773315	-0.0374438292463057	-0.0688530116721761	-0.0165540884126078	-0.067264622136146	-0.0158991580530293
-0.132539058141941	-0.109612829622856	-0.10980601903186	-0.0880849577232904	-0.115781840733532	-0.0504206049666086
-0.158085456918227	-0.179192723901519	-0.148009645401809	-0.157751033014671	-0.161565225469807	-0.0833900662011627
-0.179659359768054	-0.244296623517391	-0.182405222916539	-0.223664945179249	-0.203361898867349	-0.114044858394329
-0.196675328182034	-0.303244999226854	-0.212128931582355	-0.284091607428457	-0.24008880154179	-0.141783883744146
-0.208701966236062	-0.354553846425501	-0.236464408296377	-0.337456257164443	-0.270794606855137	-0.166102895589188
-0.215472140786113	-0.396983034413294	-0.254859023564948	-0.382400590104333	-0.294695922292669	-0.186556681127849
-0.217033318477783	-0.429835161740386	-0.267114741841246	-0.418079543463763	-0.31141621343884	-0.202860533972172
-0.213200002349442	-0.452040526016516	-0.272747991224009	-0.443304860881097	-0.320283249248767	-0.214439590511818
-0.204071937256345	-0.463088954158416	-0.271625323133278	-0.457447564849452	-0.321065065761335	-0.220900754278895
-0.189869563024361	-0.462754788231897	-0.263777827023526	-0.460190245256539	-0.313765426150818	-0.22194927046576
-0.1709273660493	-0.451084558094559	-0.249398323110444	-0.45152341452993	-0.298615187531592	-0.217438997828696
-0.147819999699985	-0.428690898656696	-0.229024188893498	-0.432034708680553	-0.276272558226682	-0.207556595140659
-0.120922673891556	-0.395700202518004	-0.202893705229836	-0.401860378738871	-0.247049021211806	-0.192338825353199
-0.0908578042321414	-0.352818585690474	-0.171589979985011	-0.36171650252697	-0.211647149008042	-0.172166809622547
-0.0583652663257835	-0.30104145170724	-0.135852892859659	-0.312591649221837	-0.170928274161293	-0.147592995885681
-0.024287487610902	-0.241652868040206	-0.0965668731744881	-0.255729924912571	-0.125895439616629	-0.119297926856433
0.010433789442034	-0.176360950881006	-0.0548139835719126	-0.192770263043052	-0.0777691579374715	-0.0881239914565557
0.0448966029229579	-0.106686658612047	-0.0115674133724918	-0.125116114836648	-0.0276178677200209	-0.054766549992975
0.0781883742056	-0.0344515774596167	0.0320761279023589	-0.0544757302375849	0.0233297503260777	-0.020031234367031
0.109458117695974	0.0384653287623545	0.0750164337426925	0.0173611185196452	0.0738177716394379	0.0152474454043971
0.137948011905639	0.110207643032232	0.116186848308181	0.0885786287490582	0.122598105042834	0.0502030535083953
0.163098364922919	0.179084447915086	0.154659232270592	0.15745224560404	0.168543568262652	0.0839768175086309
0.18424324177784	0.243358155856845	0.189412202435573	0.222192153650374	0.21041662583479	0.115617442010167
0.200906727494434	0.301529156544684	0.219600302224178	0.281201821904373	0.24716418150434	0.144242334360027
0.212706066037596	0.352267769398908	0.244492777743501	0.333057412776037	0.27786847271061	0.169055556251042
0.219346100306239	0.394412332255876	0.263481402819969	0.376538388389757	0.301767092724915	0.189401112680685
0.220777265436199	0.427242861801243	0.276270676430458	0.410909908830586	0.318476996119683	0.204930676183799
0.216686452251559	0.449572360112096	0.282266831299314	0.435055134567135	0.327294098011209	0.215184909663324
0.207054224197557	0.460724584084777	0.281223505324004	0.448390744962071	0.327927741428638	0.220026886276118
0.19203550481178	0.460320971812296	0.273085790056999	0.450628310005274	0.320313267969949	0.219486925989239
0.17198026888639	0.448328979945994	0.258007811174788	0.441780839933424	0.304622962555616	0.213719914882888
0.147561594474421	0.425394340368204	0.236540658164275	0.422459655261478	0.281482548045925	0.203107652581529
0.119310577425045	0.391778529624505	0.20899916372543	0.39280781343013	0.251214568325883	0.187733035873945
0.088018956184881	0.34838953577767	0.176073889645756	0.353533799363871	0.214568997695271	0.167879134799527
0.0545606159245237	0.296419896197276	0.138624835028014	0.305585690208344	0.172483932558442	0.143905407747042
0.0198392009819375	0.237273631199001	0.0976467832672348	0.250123913104804	0.12605269480347	0.116278011497417
-0.0152282384768056	0.172652827358248	0.0543060235983591	0.188661113126788	0.0765828312367299	0.0856728108063945
-0.0498374511058214	0.103933659729059	0.00963207328997995	0.122439394593473	0.0252124771059225	0.0527147485085832
-0.0832071475343102	0.0326963866929512	-0.035248584164875	0.0529980372606689	-0.0267834672194678	0.0182332016453249
-0.11460294603305	-0.039447051982158	-0.0792185332582958	-0.0180223905260001	-0.0781243822776446	-0.0168527880197098
-0.143326556108572	-0.11084908625023	-0.121192920685434	-0.0889085067380449	-0.127551845721568	-0.0515874305613168
-0.168797096425802	-0.179902775141611	-0.160213777044931	-0.157974158972256	-0.173932216375253	-0.0850715802993114
-0.190260391681543	-0.244798596037263	-0.195226559399628	-0.223396918387405	-0.216026602525968	-0.116389210333729
-0.207111078915476	-0.303832944750356	-0.225352513612153	-0.283489043336446	-0.252779107923105	-0.144762789467821
-0.218844857641584	-0.355402817195406	-0.249845427939374	-0.336696500842057	-0.283274148342119	-0.169529729703752
-0.225098263404068	-0.398089378227083	-0.268115395731461	-0.381653894727115	-0.30676389073633	-0.190137459981921
-0.225830534314737	-0.431010643024214	-0.279926333854923	-0.41748771699302	-0.322895616171703	-0.206260780443842
-0.220827103227219	-0.452961573218387	-0.284789924817631	-0.442963143477559	-0.331022815641355	-0.217351250538581
-0.210215731233719	-0.463390976870137	-0.282589806092643	-0.457402032747343	-0.330924170718096	-0.223090715568928
-0.194304693259124	-0.462143775928667	-0.273403935763071	-0.460440934659606	-0.322607580816594	-0.2232827823732
-0.173554776996883	-0.449434278948673	-0.257495375786113	-0.452031904089418	-0.306306564506853	-0.217878007449468
-0.148668873997541	-0.426097764206765	-0.235478297939126	-0.432734945416451	-0.282681017491714	-0.20714316976425
-0.120133069566246	-0.392474508699026	-0.207672143946387	-0.402663127822267	-0.252061805605433	-0.191162125846543
-0.0886242574604644	-0.349418453107591	-0.174716020362396	-0.362521205315948	-0.215171794902162	-0.170345234028322
-0.0548780376196579	-0.297963338892332	-0.137377773753362	-0.313296103128203	-0.172897652197395	-0.145263188458163
-0.0196850824514229	-0.23931006808458	-0.0965426357797749	-0.256240915349713	-0.126270549034604	-0.11661428506419
0.016088587653657	-0.17498393008478	-0.0532747215522731	-0.193014858021749	-0.0765388994100357	-0.0852632702975781
0.0516040563232882	-0.106276438879836	-0.00852640459865719	-0.125053494418129	-0.0248007623757879	-0.0519296313450078
0.0859812970855765	-0.034794267636351	0.0366186651544428	-0.0541063599968313	0.027689215239193	-0.0174340140628097
0.118355010515394	0.037725118117607	0.0810531111606492	0.0179917517698452	0.0796495247385098	0.0173984328034605
0.147908419614757	0.109458683260356	0.123678448507486	0.0893838357713525	0.129804807482876	0.051748142739127
0.173992249698045	0.17864046921084	0.163510173277395	0.158316703181992	0.17699479302297	0.0848458437057117
0.195855433892316	0.243379517060177	0.199466345600097	0.222989074510195	0.219951807093592	0.115863640569677
0.212958828471525	0.302002295516801	0.230640718050806	0.281815003062049	0.257590704960689	0.144056143510742
0.224898720228369	0.353044039350948	0.256256220966177	0.333401607037915	0.288965508018086	0.168748169288689
0.231406177091528	0.39529214101432	0.275680928543208	0.376574034232575	0.313294104659642	0.189356085767912
0.232491361648263	0.42807594719954	0.288615336642473	0.410649922195404	0.330180750428185	0.205533636961019
0.227930079060745	0.450337874076128	0.294494654873034	0.434558735458077	0.33893673560391	0.216734086276647
0.217780317379268	0.461564785209292	0.293108677350155	0.447752262368537	0.33929481517274	0.222663477825773
0.202246770270453	0.461514705856275	0.284440883328959	0.449959337680299	0.331222691443491	0.22315261733119
0.181689787437826	0.450212552074393	0.268677522249952	0.441190977372602	0.314927123122943	0.218157361040852
0.156748141195761	0.428254273594954	0.246386729762221	0.422039765019963	0.291057440675359	0.207908696627098
0.127904758852307	0.39575415234536	0.217898736602015	0.392619394270954	0.259961899705115	0.192417343669744
0.0958850741515632	0.353413165017165	0.183905735436109	0.353606578916044	0.222394840143443	0.17199810385827
0.0615040588991641	0.302218907164158	0.14526542678263	0.305921813163449	0.179284568715972	0.147137763740526
0.0256285248986916	0.243434448820392	0.102971818691896	0.250707351188808	0.131705989871402	0.118495745340348
-0.0108362623639045	0.178728554401577	0.0581935516504458	0.189468636380868	0.0809448835018126	0.0869621195003503
-0.0470594803946242	0.109558441559422	0.0119757191651789	0.123454882020265	0.0281355839162505	0.0533429208336604
-0.0822198217136129	0.0376752963769663	-0.0345370561272011	0.054221015718553	-0.025438835744152	0.0185778119523094
-0.115533397095645	-0.0351037198501351	-0.0802047746985832	-0.0165719906513461	-0.0784691658332483	-0.0163994494214832
-0.146250171005418	-0.106957009260885	-0.123916331989873	-0.0871911718375197	-0.129648363691896	-0.0507128026210206
-0.173738225648132	-0.176189273923893	-0.164682992833886	-0.155936840329187	-0.177779304347539	-0.0836123093083375
-0.197190445054726	-0.241018105454856	-0.201414002378786	-0.220984677575436	-0.221552272983503	-0.114361288880055
-0.215945400276011	-0.299870688923849	-0.233187925551445	-0.280657864773154	-0.259845721187112	-0.14234454310889
-0.229435263494985	-0.351336817026036	-0.25920796961616	-0.333426732017243	-0.291691295115473	-0.167007058502024
-0.237226152876303	-0.394190120940118	-0.278827288276378	-0.377961198819305	-0.31630682860603	-0.187827893911558
-0.239203143795071	-0.427677852136968	-0.291748180259031	-0.413428219075539	-0.333321844219736	-0.20443805457908
-0.235094313635432	-0.450618115566406	-0.297434252455812	-0.438635214736964	-0.34209677190378	-0.216189065330608
-0.224990777215929	-0.462364623165628	-0.295733826472808	-0.452937882724805	-0.342426467181182	-0.222639573108511
-0.209197034494415	-0.462572442292811	-0.286712330713916	-0.455993343978876	-0.334339768996942	-0.223481395725587
-0.188206207631502	-0.451221728455091	-0.270646568819036	-0.447757548499487	-0.31808946624307	-0.21859150228646
-0.162778477134982	-0.428930523602623	-0.24818281461358	-0.428776766182446	-0.294343802266379	-0.20821160234275
-0.133488276695424	-0.395895523901449	-0.219703283447487	-0.399138271163017	-0.263447618958672	-0.192448141371309
-0.101093956157426	-0.352930801257127	-0.185908926807028	-0.359511270205044	-0.226127759999503	-0.171758245413759
-0.0663938166712399	-0.301136151367894	-0.147621405288964	-0.310844427091883	-0.183273553779293	-0.146759030659476
-0.0302110264065558	-0.241857417602225	-0.105761864492032	-0.254355231369076	-0.135921702659118	-0.11817220957709
0.00659260891689403	-0.176799245896308	-0.0614029718143743	-0.191673950179659	-0.0853263670730532	-0.086851996695518
0.0431937886707762	-0.107413702638386	-0.015501355813255	-0.124211844304707	-0.0326129300859828	-0.0534747395821145
0.0787417222852362	-0.0354164165560162	0.0308702342365707	-0.0536993628566886	0.0209379328581774	-0.0188058877835908
0.112390809004555	0.0374167266543719	0.0766110596483934	0.018046093004237	0.0740173396558308	0.0163711371080551
0.143320631807285	0.109288504415885	0.120612554790686	0.0891854717133928	0.1253255966681	0.0512394172079369
0.170853134277645	0.178497846930498	0.161859155073212	0.157983719616603	0.173688133897658	0.0849774155135933
0.194177787948907	0.243224867114651	0.199207525301968	0.222656878864556	0.217823189119001	0.116652038554878
0.212693582227258	0.30184182135086	0.231681839478429	0.281628155997588	0.256644419701383	0.145378293461128
0.225946281302177	0.352887709946594	0.258439555648744	0.333499675899479	0.289210033469107	0.170341034614704
0.233642517464201	0.395112033363234	0.27880479149251	0.377071931185826	0.314742146165961	0.19085540082363
0.235798063091258	0.42778084376414	0.292466974477814	0.411616524468122	0.33284309755392	0.206542722348424
0.232224482323856	0.44977344756273	0.298893415079279	0.435996916291696	0.342812827179198	0.216918737668217
0.223026981817148	0.46053923503289	0.297938448691096	0.449588308345015	0.344362451944514	0.221829957948644
0.208448095243823	0.459841699965748	0.28966650839513	0.452044664690219	0.337428757516387	0.221298556568329
0.188857402827396	0.447757923985124	0.274338453330986	0.443318179444483	0.322182602680734	0.21547664249671
0.164858842984663	0.424971628359856	0.252562979976164	0.423972266341427	0.299233595686938	0.20474569689523
0.136877769765982	0.391702516186947	0.22468105293732	0.394126220992361	0.268908372628914	0.189184232235216
0.105559956276818	0.348748681683263	0.191344858249159	0.35450007257471	0.23194640068211	0.169072594068417
0.0716471546710195	0.297166110947662	0.153336718254348	0.306087897859041	0.189272517878847	0.144772326417857
0.0359637107984373	0.238245383334991	0.111560832904519	0.25012245703826	0.141966501787422	0.116763970928002
-0.000586925413374944	0.173639546953029	0.0671001538182077	0.188200516259556	0.0913147725705696	0.0857587994400317
-0.0371128694497018	0.104759288255829	0.0209651104378745	0.121644054928566	0.0384656497215134	0.0524379967790439
-0.0727036799982661	0.0332898391700649	-0.0256951760511115	0.0520529664280787	-0.0152997643986841	0.0177102475430018
-0.106479237588412	-0.039020038448033	-0.0716917186852474	-0.018900904232525	-0.0686849583731178	-0.0174164923916554
-0.137616933495376	-0.110406294190944	-0.115835571698487	-0.0895050838774907	-0.120403686048638	-0.0519076431583502
-0.165466720848048	-0.17921248603693	-0.157062245947243	-0.158102227199579	-0.169287210622509	-0.0848181059089583
-0.189247728680611	-0.243673024093939	-0.194214183568178	-0.222917323038692	-0.21403141469008	-0.115242303816693
-0.208383491862943	-0.302212364532217	-0.226354741239082	-0.282316175131075	-0.253512085650397	-0.142477709583552
-0.222418882911013	-0.353402128038666	-0.252724836299154	-0.334794324519205	-0.286737710175458	-0.165997973560677
-0.23102597699815	-0.395987296081852	-0.272759714488909	-0.379025438968422	-0.312881782182183	-0.185426940214236
-0.234157451825423	-0.429180871297043	-0.286268346173786	-0.414160796125392	-0.331516502554594	-0.200619795270883
-0.231537734412911	-0.451766123504891	-0.292803309643608	-0.438986805665337	-0.341928412996544	-0.211176691493178
-0.223188222332253	-0.46306617978833	-0.292266766130998	-0.452840772689999	-0.34384739502565	-0.21685553999992
-0.209287926734382	-0.462716923019411	-0.284718271098541	-0.455377021041388	-0.33725156034318	-0.217444226440242
-0.190177466087933	-0.450698178054623	-0.270364069679314	-0.446571321095944	-0.322362754791868	-0.212787554348688
-0.166471428857941	-0.427651859812553	-0.249727742790176	-0.427009928038035	-0.299837425588012	-0.202977574041023
-0.138640994558068	-0.393828311384876	-0.223043195632668	-0.396841423290408	-0.270023304360526	-0.187911281482683
-0.107399434814454	-0.350118467242535	-0.190872705164009	-0.356796321177706	-0.233655936989482	-0.16783498657481
-0.073559729519706	-0.297711941868478	-0.153938964323574	-0.307872345005561	-0.191629071976741	-0.143223161083773
-0.0380037711778641	-0.23804002237711	-0.113122947776864	-0.251311452079738	-0.144972401116568	-0.114767059024352
-0.00166349858882969	-0.172867242679653	-0.0695134056178542	-0.188735106936913	-0.0949150397779981	-0.0834077005619827
0.0345637846031804	-0.103665844731478	-0.0241397868093844	-0.121521830583838	-0.0425587228194452	-0.0499989405154731
0.0697918183087083	-0.0321173225938905	0.0218386723177583	-0.0513464455591869	0.0108446365884665	-0.0155050275590502
0.10318082064288	0.0400875589200096	0.0672491864231819	0.0200359039690832	0.0640054516871116	0.0191410628645637
0.133951301529779	0.111272682684151	0.110952371441746	0.0908398493753831	0.115625090168228	0.0530807659629901
0.161490379517824	0.179868767212959	0.151962953629335	0.159364460250579	0.164514589073598	0.085584048246031
0.185029378683537	0.244167863874678	0.189200652602386	0.22382998132788	0.209340665879137	0.115924513733671
0.203990409053664	0.302608669952122	0.221788402148064	0.282639543210477	0.248961232393907	0.143483691183844
0.217905720712334	0.353734968356439	0.248979473424302	0.334358394611699	0.282379439646054	0.167694718327492
0.226433487540691	0.396239073328979	0.270158079253672	0.377746145571141	0.308775107660156	0.188027308338129
0.229524825172609	0.429283096753026	0.285019851046735	0.412043067744493	0.32773475968778	0.204116360516523
0.226911195991607	0.451625175280491	0.292956021600953	0.436099543535673	0.338552586588464	0.215336404763432
0.218642637968051	0.462607186477251	0.293696063554577	0.449300641092611	0.340959544797572	0.221283086210728
0.204939849530921	0.461926161999585	0.287151533480982	0.451330275297494	0.33492170962464	0.22168786726797
0.186187265774479	0.449648309615752	0.273438104030749	0.442182491999561	0.320635982134827	0.216455852805615
0.163033160674209	0.426500577452645	0.253062466312841	0.422464322755448	0.298725152268568	0.205835199384148
0.1359543829964	0.392781273031199	0.226322900627601	0.392326924034702	0.269503398107366	0.189916589303057
0.105638656717768	0.349376332026029	0.193900379078712	0.352506059478765	0.23368040688015	0.169127829003581
0.0728397770355135	0.297411257655717	0.156659464238102	0.303992813577092	0.192137917292176	0.144059079700698
0.0383534716788826	0.238208492610849	0.115609331454823	0.248001801708322	0.145909730061038	0.115422878065151
0.0030113423443508	0.173409728953601	0.0719207746376462	0.186104484835589	0.0962419009793753	0.0840880780150436
-0.0323868783982714	0.104382683008175	0.0266519488429399	0.119598285758629	0.0442634103436976	0.0507710341802558
-0.0670340075027725	0.0327576375452203	-0.0190668841710342	0.0500687505219332	-0.00874757980600599	0.0162803964753479
-0.100138025293236	-0.0397575978141397	-0.0641288117627394	-0.020811941405453	-0.0614838602447737	-0.018573887067148
-0.130929183175425	-0.111406083944186	-0.107469634661044	-0.0913159583824132	-0.112644144040557	-0.0529834129092028
-0.158768960502467	-0.180497521371721	-0.148163760031885	-0.159760690596776	-0.161056478974514	-0.0861768206740598
-0.182825907669189	-0.245201100677424	-0.185150267421378	-0.224339998418714	-0.205415757013504	-0.117302207011831
-0.20244219124839	-0.303866305841046	-0.217535635009433	-0.283394666312053	-0.244620442792177	-0.145563294921744
-0.217063639308538	-0.355008787484735	-0.244531321972784	-0.335408519815107	-0.277716688559773	-0.170209772797649
-0.226268185085311	-0.397361311609633	-0.26547709207232	-0.379062318577552	-0.303920993055123	-0.190571723492659
-0.229945396456861	-0.43018063584993	-0.280050675374288	-0.413537007762002	-0.322846484617284	-0.206226584569775
-0.227780724982226	-0.452342639312888	-0.287654076854956	-0.437662313983635	-0.333786341067217	-0.216594890256146
-0.219805221308548	-0.463289710619899	-0.288076333254766	-0.450832414460767	-0.336455828842807	-0.221412202629001
-0.206242219993116	-0.462769062498343	-0.281321017325932	-0.452762349970009	-0.330790354250527	-0.220613615196427
-0.187495169212116	-0.450829324078763	-0.267603689845654	-0.443483359634732	-0.31694791007192	-0.214324382569205
-0.164243775684008	-0.428116147227084	-0.247514419344833	-0.423624939791432	-0.295516282112167	-0.20297784427656
-0.136994084373033	-0.394809096167267	-0.221372519413533	-0.393355705730204	-0.266772677508271	-0.18677231475158
-0.106467221300362	-0.351674707104347	-0.189824904054616	-0.353404089975123	-0.231407943525231	-0.166143243301536
-0.0734499862114746	-0.299756772011554	-0.153644458162799	-0.304743924880887	-0.190300381940143	-0.141591782192233
-0.0387715183874137	-0.240360181053708	-0.113711187545962	-0.248576692348258	-0.14449313292308	-0.113673186253793
-0.00330064654822528	-0.175180983103144	-0.0710630892536973	-0.186475894147794	-0.0952502235076377	-0.0830769748663032
0.0321249534867629	-0.105692211183995	-0.0266453379063713	-0.119770244578842	-0.0437128890864258	-0.050365858722913
0.0666535214450451	-0.0336533898859611	0.018468854712144	-0.0500942864797262	0.00883334438122435	-0.0162634104970168
0.0994476942266138	0.0391155560687034	0.063166290041444	0.020823224644982	0.0610851299681609	0.0184189364159332
0.129699498298776	0.110795860904764	0.10632053250839	0.0912083585104052	0.11175622576951	0.0527929971961795
0.156750147610458	0.179701143801044	0.146911561291399	0.159359356291145	0.159697438505211	0.085961737201105
0.179776599620421	0.244068502403794	0.183779126201958	0.223492195397281	0.20362477128573	0.11695065908493
0.198165780476337	0.302350547992256	0.215957949083734	0.282007501654413	0.242450477306117	0.144889349702643
0.211446590976033	0.353166587359321	0.242633603694361	0.333476779516379	0.275221127184766	0.16903394302388
0.219311888299941	0.395318917077729	0.263169304403845	0.376677137081964	0.301138916718445	0.188806904150252
0.221785736927428	0.428076794796446	0.277304674577002	0.410874085708841	0.319793271141955	0.203939720045353
0.218678035282287	0.450273338359312	0.284512568248203	0.434947461214	0.330446686049526	0.214024294668231
0.210121345967776	0.461268017832525	0.284641264601229	0.44830182206922	0.332792829601854	0.218927633660225
0.196395914303673	0.460718405395641	0.277719894951042	0.450622589467373	0.326762176267807	0.218630737752856
0.177907148854585	0.44861183476609	0.263948718287866	0.441881630860358	0.312529837379511	0.213196975808069
0.155285665073403	0.425585928388394	0.243870961168164	0.422639704149011	0.290723882792621	0.202899363585715
0.128940375107977	0.391873795334462	0.217745323251935	0.392986937684734	0.261672902048661	0.18771984342726
0.0994790097176225	0.348341214970175	0.186174237580298	0.353591555907276	0.226124964708924	0.16787924012859
0.067579706884642	0.29614528948659	0.14992363736344	0.305385796808217	0.185007041490338	0.143726681077291
0.0339883509026547	0.236679922844097	0.109914299517609	0.249546377092061	0.139391520350464	0.115770989119485
-0.00047057384512401	0.171673036952782	0.0672673891396538	0.18763409237103	0.090547826314648	0.0847730511554784
-0.0349698267424082	0.102561848625736	0.0230283294809203	0.120964836600484	0.039593066330231	0.0514618266583761
-0.0686378478319077	0.0310079466665061	-0.0216389484775354	0.0511616392736681	-0.0122281468415919	0.0167715864318362
-0.100606016211213	-0.0412975536258889	-0.0655713208537281	-0.0200581601115403	-0.0636620081970812	-0.0182938366130696
-0.130041597243229	-0.112653638425292	-0.107652917870999	-0.0909267611315867	-0.113469642628378	-0.0527276920558912
-0.156280200588623	-0.181441510742127	-0.14693677143972	-0.159735822227625	-0.160537484954979	-0.0856195502885812
-0.17851884302361	-0.245887992141786	-0.182385182588896	-0.224672729855169	-0.203606199343125	-0.116084903145906
-0.196181970600597	-0.304360936025891	-0.213172267617132	-0.284085802398217	-0.241598086377639	-0.143413234761222
-0.208841476952868	-0.355344791407692	-0.238607034815384	-0.336471561198442	-0.273562664819996	-0.167036776842786
-0.21622305986781	-0.397500682742499	-0.258132281164751	-0.38051719581612	-0.298705696141888	-0.186514288472872
-0.218360947742788	-0.429999061536537	-0.271511735110669	-0.415393350094423	-0.316628202408308	-0.201633591147596
-0.215046188348931	-0.451653939788037	-0.278185945632211	-0.439901565962896	-0.326612669610756	-0.211949606759824
-0.206366612287734	-0.461899908450056	-0.277940228886329	-0.453390250403604	-0.328381112683702	-0.217219336006492
-0.192544120046188	-0.460547996659496	-0.270737892892818	-0.455520845189351	-0.321894402607496	-0.217281893766213
-0.173928497038388	-0.447775552393829	-0.256737620972165	-0.446276095267722	-0.30735193136595	-0.212077193945023
-0.151115381877426	-0.424389653093669	-0.236484910341418	-0.426254648515944	-0.28539554759081	-0.201813286646374
-0.124501038447611	-0.390723735856134	-0.210269608112053	-0.395622981777634	-0.256341116518466	-0.186490783079626
-0.0947115279912618	-0.347636499330361	-0.178749579935348	-0.355138923975303	-0.220908762703718	-0.166418172292833
-0.062465448039292	-0.296169644207107	-0.142739391988261	-0.305833840295478	-0.179984156990591	-0.142070179371648
-0.0285587510045524	-0.237523730079343	-0.103174267516688	-0.248985702552205	-0.134593603245053	-0.114074149189201
0.00613477115057215	-0.173209417714226	-0.0611416769429795	-0.186249311358408	-0.0859686910155897	-0.0832595697975946
0.040762000000315	-0.104488442112988	-0.0175935993032468	-0.119032627899047	-0.0351934266690887	-0.0503548468654155
0.0744410367945703	-0.0329367948108816	0.0264294962521578	-0.0490315612485615	0.0164993344919375	-0.0162215090996205
0.106309409457353	0.0397245072550363	0.0698902939332379	0.0219873089997762	0.0678497863484236	0.0182546248409176
0.135549186733075	0.111659826325396	0.111766439551512	0.0922389633000353	0.117599537188093	0.0521895331954255
0.161507663544089	0.181054137408241	0.151143056323726	0.160037699826823	0.164606782652118	0.0847595448571521
0.183390386437714	0.245938188344734	0.186948037697572	0.223636969865371	0.207589129732116	0.115101192459489
0.20061591112397	0.304546109822374	0.218255287985482	0.281494097723919	0.245448431738798	0.142456217017232
0.212741457290965	0.355332067102105	0.244234505233178	0.33224857161506	0.277220654020192	0.166158978030737
0.219477057375179	0.397037998146608	0.264183671495049	0.374748293510532	0.302103844237196	0.185656743083049
0.220850266143056	0.428998804792536	0.277746057328946	0.408323020055957	0.319693733992901	0.200651091641144
0.216661248947189	0.450216948383268	0.28429717440521	0.431901115218662	0.329268126080231	0.210675762847189
0.207026128062641	0.460278704323136	0.283609434793132	0.444913170974641	0.330541393191608	0.215534479472546
0.192212055412236	0.459057286917157	0.275679614225127	0.447044526460785	0.323465477792452	0.215171266524514
0.172623716919065	0.44668136840294	0.26072765456044	0.438242564884447	0.30823351852628	0.209656989047277
0.148913312489074	0.423817190278327	0.239365017269313	0.419024555540848	0.285490208180745	0.199312981614748
0.121518805721998	0.390608270228568	0.211945898245618	0.389435525390587	0.255566897192424	0.18420541875037
0.0910928561590046	0.347747795628279	0.179177242264375	0.350104204601718	0.219217267549026	0.164631317758596
0.0583619289313418	0.296195256514115	0.141915332693408	0.301941097557035	0.177377824972236	0.140979245386067
0.0241138455621738	0.237186033791059	0.101141165134641	0.246124098306149	0.131138312874119	0.11373751994205
-0.0107932412582239	0.172376688127754	0.0580039180279056	0.184234378321272	0.0817996052159371	0.0835790903494207
-0.045531648656475	0.103239625716245	0.0135337216431299	0.117623770810498	0.0305048480154887	0.0511002880987121
-0.0792408833459976	0.0315556722019427	-0.0311373323776119	0.0479476675061171	-0.0214680081429794	0.0170825930396154
-0.111075401828521	-0.0408287608187911	-0.0748841013600232	-0.0230595608553421	-0.0728368465134656	-0.0176012400717458
-0.140229769327998	-0.112083023730394	-0.11662151973985	-0.0936373262611472	-0.122346455618346	-0.0520182152956643
-0.166058812959939	-0.180538398862459	-0.155413968803189	-0.162111209045797	-0.168879165285614	-0.0852545625190675
-0.187781591174287	-0.244474887357809	-0.190229727245985	-0.226717377526305	-0.211200671113848	-0.116340986828185
-0.204828542926521	-0.302409357846589	-0.220232806029522	-0.285858377956181	-0.248267687089756	-0.144425492764081
-0.216768613815323	-0.353025551939807	-0.24472040784712	-0.338073138726688	-0.279172648653524	-0.168776021593469
-0.223320495072923	-0.395169220098906	-0.263132080229351	-0.382066383929752	-0.303165739118827	-0.188803680796832
-0.224510320876854	-0.428117912986449	-0.27524203793704	-0.416997667687978	-0.319885237336033	-0.204198218264902
-0.220135159222919	-0.450667806966926	-0.280526327258013	-0.441625557344508	-0.328648738824652	-0.214483899097985
-0.210294328103125	-0.462109214825397	-0.278817568790996	-0.455241382170942	-0.329200811038453	-0.219452996163737
-0.195230105490663	-0.462014533788387	-0.27013453719259	-0.457449917657276	-0.321517191761373	-0.219029369966928
-0.175319640799339	-0.450291568693227	-0.254691125000909	-0.448192867936345	-0.305808178493085	-0.213260553675523
-0.151189403721094	-0.427522749440043	-0.233079902165775	-0.428053514012541	-0.282726210315314	-0.202459037278479
-0.123270252759468	-0.393920349978335	-0.205626830354998	-0.397206432801411	-0.252601155517286	-0.186699335552283
-0.0922218639869411	-0.350362371485064	-0.173012644264696	-0.356434692114059	-0.216169937165784	-0.16632856571619
-0.0587961340875193	-0.29804135544351	-0.136064841634774	-0.30679822795786	-0.174337248864714	-0.141824642237693
-0.0238221609767096	-0.238395113658851	-0.0957263926622737	-0.249593504742063	-0.128148608117157	-0.113792283605154
0.0117912986330037	-0.173188585086755	-0.0530948720570561	-0.186475185358128	-0.0788558257189186	-0.0830248341207905
0.0471636225947932	-0.103886042639257	-0.00912825234387401	-0.118833504043928	-0.0275535990170728	-0.0502123344071351
0.0813885432642561	-0.0321592100119695	0.0351212318476831	-0.0483362476603435	0.0245142311264356	-0.0161797419768989
0.113588573140807	0.0403009594593553	0.0786039456276758	0.0232735450103186	0.0760781993799159	0.0182212591469443
0.142944077437777	0.111796602103013	0.120289072379487	0.0942148378208667	0.125870622382855	0.0521404670873695
0.168811443685697	0.180710626216979	0.15925758121729	0.162777813939661	0.172736454536706	0.0847892627980846
0.190431834792635	0.245265551813481	0.194456472996214	0.227158763048157	0.215393782242525	0.115334302785736
0.207265246480336	0.30382694385519	0.224987227366022	0.285738799781147	0.252745981416287	0.143036858102936
0.218913661028981	0.35488425913735	0.250058654069156	0.33707814568675	0.283840322242569	0.16722858323268
0.225126751179293	0.397115592043934	0.269015356006286	0.379961934287011	0.307899089120734	0.187322783315655
0.225954588513762	0.429721365737868	0.281546159117214	0.41369044111209	0.324551134217253	0.202956710948673
0.22121355026616	0.451544546953083	0.287075998912665	0.437198807898696	0.333129634738968	0.213566073006754
0.211014557398799	0.462041107028091	0.285413778466341	0.449959704239848	0.333402949143223	0.218851675061401
0.195606472516304	0.461020995530549	0.276580003317713	0.451721351541663	0.325371826604993	0.218670225994255
0.17537024744803	0.448630341260726	0.260804459291927	0.442496391047597	0.309264324719926	0.213044111050886
0.150935275882225	0.425619639623501	0.238695268460968	0.422851647580556	0.285737545985458	0.202303444668431
0.122735714370671	0.392245826502239	0.210594186188318	0.392858833345416	0.255119845461258	0.186573082089263
0.091435447113116	0.349301182998895	0.177188533587889	0.353145986834301	0.218140763417771	0.166255338850959
0.0577906265685303	0.297791967458152	0.139313140702983	0.304605439052464	0.175702481568282	0.141864374414344
0.0226334749325576	0.238930445971817	0.0979304605982062	0.248393783714202	0.128860991452968	0.114005513991382
-0.0131260214394442	0.174288975252484	0.0541793440516537	0.18608114843716	0.0788950592550195	0.0834347738874027
-0.0486099993943808	0.105225173665474	0.00908675131331382	0.11903049601849	0.0269425787142277	0.0507816065324243
-0.0829177526092827	0.0334203605058599	-0.0362066852245404	0.0489263999874942	-0.0257031245215642	0.0168103110115735
-0.115180016902337	-0.0393224747252639	-0.0805577684893478	-0.0224578006519684	-0.0777276957127252	-0.0176609856942844
-0.144587042905903	-0.111135683494804	-0.122857249206227	-0.0933276864856337	-0.127834582722545	-0.0517699314967458
-0.170504479472037	-0.180234698589328	-0.162141296239109	-0.161994660677807	-0.17486257557282	-0.0846671629874608
-0.192183800786692	-0.244733498170813	-0.197361097022742	-0.226709651147279	-0.217550549106425	-0.115425565522023
-0.209091413785845	-0.302979162456036	-0.227668881734981	-0.285916872768305	-0.254840921731025	-0.143208638219259
-0.220830944690904	-0.353533375074711	-0.252360020216106	-0.338211689289397	-0.285828191399692	-0.167280215709245
-0.227147393633118	-0.395207444624462	-0.27088066617031	-0.382350505861196	-0.309777481653638	-0.187042518293305
-0.228075847779039	-0.427347147073419	-0.28301122789113	-0.417517898713145	-0.326344296534163	-0.202187055425499
-0.223418658581097	-0.448908329903587	-0.288241388808737	-0.442461687323199	-0.334872535069583	-0.212261849651061
-0.213263941919355	-0.459390290844366	-0.286403360673121	-0.456420037684619	-0.335121474638372	-0.217103512323521
-0.19783641709948	-0.458570263085487	-0.277501635185792	-0.458915556272385	-0.327071580911326	-0.216689477811857
-0.177497049379487	-0.446503883894634	-0.261722370310795	-0.449802521714127	-0.310929042266129	-0.21111126607521
-0.152861956999434	-0.423828921594869	-0.239618581981454	-0.429599936076363	-0.28733393818839	-0.200694756680198
-0.124374967326824	-0.390708716435741	-0.21148954300349	-0.39846728307974	-0.256614423615558	-0.185490612805416
-0.0927205509168185	-0.34788903368462	-0.177998458770605	-0.357233135318282	-0.219507668477267	-0.165778306829495
-0.0586875768257183	-0.296387981459747	-0.139979561590132	-0.307058896245057	-0.176927898285811	-0.141939154184237
-0.0231461159489498	-0.23747739159518	-0.0984122296693443	-0.249375995076291	-0.129939647772381	-0.11447562341515
0.0129623373940808	-0.172809214426653	-0.0544554369177899	-0.185974792295892	-0.0798177890203765	-0.0840998619512519
0.0487394168904791	-0.10381358132095	-0.00915250873418463	-0.118339148102721	-0.0276885964104173	-0.0514643568173356
0.0832887985659897	-0.0322067958196978	0.0363608251931706	-0.0481655749717959	0.0251798282977727	-0.0174107507143818
0.115770066089625	0.0402196835957235	0.0809683511174424	0.0228514929635588	0.0775024908042392	0.0171423477611648
0.145420868860561	0.111649477137921	0.123604222458738	0.0930461743589613	0.128006969886442	0.0512453441768289
0.171659988928102	0.180369289348697	0.163351993395923	0.160860001349764	0.175542759236608	0.0840041705508632
0.193781841370302	0.244556995268346	0.199197430749113	0.224636036133383	0.218839766557319	0.114501427362112
0.211269890156762	0.302597453343011	0.230301316379594	0.282856161467533	0.256813669301968	0.141956853793827
0.223709469975422	0.353053874194637	0.255932334908636	0.334107564335574	0.28851875949742	0.165712552534148
0.230791905964809	0.394707591429137	0.275474055943725	0.377121948738894	0.313174095877319	0.185240152441063
0.232472601969439	0.426860628665512	0.28861275828353	0.411083098615747	0.330389126964173	0.200265331245878
0.228469934087146	0.448427010442646	0.294738647195282	0.434782578193225	0.339473528402977	0.210326979703553
0.218800782132252	0.458888898437594	0.293584895567794	0.447568158407397	0.340160080422698	0.215213179615424
0.203649968197716	0.458037133778654	0.285077894882575	0.449121553952975	0.332411462107871	0.21483618949093
0.183378002118956	0.445966561994556	0.269359761673781	0.439470206821928	0.316422614614602	0.209233140302588
0.158634006793311	0.423363749433501	0.246975586642486	0.419277306814864	0.292824351128805	0.198706472492952
0.129919908151185	0.390429910655831	0.218268470309898	0.388761335189684	0.261947980471771	0.183329713962445
0.097974966827232	0.347918725686884	0.183973349663076	0.348710861368038	0.224537885553468	0.163437032725409
0.063621574747202	0.296817111809262	0.145016372411625	0.300144143816747	0.181525545038639	0.139476938698766
0.0277303780746792	0.238329757389507	0.102474299649047	0.244272048351194	0.134004507620044	0.11200647912048
-0.00879063477665839	0.174021107678856	0.0575916083935594	0.182631387869495	0.0832865990036161	0.0817595644290399
-0.0450884633977895	0.105233267071493	0.0114861133113989	0.116472476459421	0.0305464682596135	0.0493769770965921
-0.0803104885324157	0.0336188482128711	-0.034660947454552	0.0473213495324036	-0.0229052557535716	0.0156609588918523
-0.113632850244653	-0.0390543852602447	-0.0797132229283914	-0.0232080112517581	-0.0757529832483478	-0.0185148698831396
-0.144267686387074	-0.110948344417036	-0.122605180745787	-0.0934365758101528	-0.126711807586816	-0.0522293605056787
-0.171567095048609	-0.180289508750032	-0.1624352337962	-0.161717350278944	-0.174639825078299	-0.0845868037985727
-0.194725810112694	-0.245172256430876	-0.198204749345047	-0.226258581015864	-0.21828511220815	-0.114640446810423
-0.213127839257232	-0.303895334970635	-0.229093149564869	-0.285398155651256	-0.256588700493214	-0.141569638467267
-0.22628574589646	-0.354951555979479	-0.254389013114918	-0.337597840968541	-0.288624308375561	-0.164691407930852
-0.233866362686692	-0.397078934735041	-0.273501952746396	-0.38149828456202	-0.313615928711086	-0.183491749971072
-0.235854722250216	-0.429564954030895	-0.28616047606011	-0.416225273748195	-0.331161602963627	-0.197761598276168
-0.232043819250262	-0.451331451800122	-0.291810750153481	-0.440546127487852	-0.340544148646162	-0.207146701529011
-0.222543159923008	-0.461877995751641	-0.290266634841592	-0.453792944786535	-0.341468267565075	-0.211557234731424
-0.207615699494391	-0.461010279365656	-0.281549851974841	-0.455630668549026	-0.333878300270572	-0.211005626596495
-0.187657715144573	-0.448827666065081	-0.265896090583957	-0.446062720386339	-0.317970202166536	-0.205573022494341
-0.163295628839942	-0.426008139456594	-0.243920748209524	-0.42571787049119	-0.294397632976211	-0.195530855688025
-0.134965680703502	-0.392745359841001	-0.215984763033325	-0.394797499130924	-0.263532965059344	-0.180852201557158
-0.103314081519703	-0.349790358704295	-0.18277695639108	-0.354083578129949	-0.226166384248041	-0.16172686389898
-0.0690789310827648	-0.298144457532376	-0.145107522439164	-0.304613876127318	-0.18326485713306	-0.138456438619124
-0.0330873680467466	-0.239049065377669	-0.103880548711027	-0.247649689249747	-0.135934218162397	-0.111488641836076
0.00374034900063478	-0.17412326855389	-0.0601395501573458	-0.184804510513207	-0.0854674564271997	-0.0815106165940917
0.0404702898599823	-0.104777476773579	-0.0148176621537843	-0.117430641634406	-0.0330012539246327	-0.0491810443048736
0.0761346297262344	-0.0327254933230157	0.0310352679445982	-0.0471601591850816	0.0202062168595977	-0.0153618862093232
0.109790559222795	0.0402248096578481	0.0763286040846587	0.024295109548953	0.0728869964407453	0.0190078914310785
0.140563619822199	0.112226435170044	0.119945030530968	0.095179003961305	0.123783577737075	0.0529717721573502
0.167779473230555	0.181529718626122	0.160847674637543	0.163797626422644	0.171755394682132	0.085648657677214
0.190666224808733	0.246274723713988	0.197844000025648	0.228342558175684	0.215519783869399	0.116150466792856
0.208695144198682	0.304813397990515	0.22991484472732	0.287168249867893	0.253975652634736	0.143730355922308
0.221488403034876	0.355680726278482	0.256188393307169	0.33878144602596	0.286158198203871	0.167750916692794
0.228810599537717	0.397632228907066	0.275984724045524	0.381890477753123	0.311273073180405	0.187675384834752
0.230706131866256	0.429943826638305	0.289023825691076	0.415709262345438	0.328929612505712	0.203184583056412
0.226975253856028	0.451504027665702	0.294815012737012	0.439091144493466	0.338449117166907	0.213734324267029
0.217693908950194	0.461772231124977	0.293272618697587	0.451460208651726	0.339590004545339	0.219010153489022
0.203072138396709	0.460527162810878	0.284518206876296	0.452566725888986	0.332345518727447	0.218824114359185
0.183461809307874	0.447870852504937	0.26885317278131	0.442484409064884	0.316935861399139	0.21314098949367
0.159475169365462	0.424523060624589	0.246903618069396	0.421895848209301	0.293999224244315	0.202242053645068
0.131571984065836	0.390744758240123	0.219002283613323	0.391010972464212	0.263859338946226	0.186231215298025
0.100449797561123	0.347371624498659	0.185780898987849	0.35059444460798	0.227228896823594	0.165527410662013
0.0669010785302403	0.295481894049662	0.147999680670563	0.301635059764274	0.184991252735373	0.140696864000953
0.0317813586071189	0.236364556614505	0.106549574262762	0.2453186489766	0.138185463765883	0.112418790482928
-0.00400956152548782	0.171644628381751	0.0625099419712205	0.183168650784797	0.0880697644886491	0.08152394982714
-0.0396111788819959	0.102691143895097	0.0169050811435873	0.116436191404168	0.0357927195827015	0.0486985647542031
-0.0741713364280654	0.0311443372211626	-0.0291058028499748	0.0466637419729902	-0.0173439454599195	0.0147293983930436
-0.106876400859098	-0.0412755719317996	-0.0743381684525462	-0.024504417564801	-0.0700122532369572	-0.0195816894590627
-0.136960376417794	-0.112802386182107	-0.117632305574254	-0.0953477031642899	-0.120900110262825	-0.0534214810884752
-0.163809949686458	-0.181744486884437	-0.15798472866413	-0.164170852825111	-0.168838719770559	-0.0860085234582374
-0.186646873100941	-0.24627071347615	-0.194304175317379	-0.229128663123289	-0.212544619353067	-0.11648435635539
-0.204881310499667	-0.304735692558942	-0.225724302643723	-0.28851064660337	-0.250947990045831	-0.144065292341034
-0.218040454765083	-0.35566090733324	-0.251534553351455	-0.340742524638275	-0.283130868711195	-0.168041191313338
-0.225790973169007	-0.397783137422172	-0.271179593297459	-0.384450020438699	-0.308341711120338	-0.187810032087607
-0.228105992836469	-0.430362033111725	-0.284435254930528	-0.418774616428785	-0.326213366030949	-0.203032070867797
-0.224751546931811	-0.45226850994276	-0.290773774222961	-0.442524774314184	-0.336053229358661	-0.213207900057964
-0.215810691926456	-0.462940281936503	-0.290002156472459	-0.455104631113696	-0.337579796064743	-0.218119748364283
-0.201524822578114	-0.462120991194426	-0.282094388235246	-0.456269010751147	-0.330730755616223	-0.217695323919112
-0.182278527382455	-0.449859906095248	-0.267207706435531	-0.446112837974511	-0.315674040800394	-0.211989852182356
-0.158697320134152	-0.426811148349636	-0.245870126042867	-0.425342149892143	-0.293018113838229	-0.201312154376978
-0.131226593125042	-0.393169915585577	-0.218376981569586	-0.394196676098575	-0.263084868265744	-0.185717550158526
-0.100525293359219	-0.349727127341467	-0.185394188895278	-0.353458699532354	-0.226617451119275	-0.165511918314152
-0.0673398446055006	-0.297557030059818	-0.147763533596231	-0.304127913956968	-0.184548268214175	-0.141122111284664
-0.0324931928613477	-0.237996173655588	-0.106469779593102	-0.247402046787006	-0.137965119772106	-0.113110144216428
0.00311888547511139	-0.172764656116401	-0.0626622421370414	-0.184827495154393	-0.088155080344419	-0.0822539086350368
0.038603657279133	-0.10335085677764	-0.0173845930850696	-0.117701685235359	-0.0362649879512769	-0.0492682242777627
0.073054365068554	-0.0315073879848668	0.0282391839124079	-0.0476361801049439	0.0164384377786801	-0.0150412961715098
0.105600721398784	0.0409755591177519	0.0731004351562456	0.0236399588279545	0.0686851065495976	0.0194878206845192
0.135442042465399	0.11232908119245	0.116126789453459	0.0943243062375055	0.119225517028646	0.0533825941082182
0.161970933810443	0.18093097857115	0.156382160384926	0.162667680158034	0.166939712987116	0.0857965781729245
0.184453400045007	0.245075006624447	0.19279115085102	0.226826277037546	0.210558644988943	0.115889787815818
0.202374190049981	0.30325802953931	0.224448861581722	0.285160807963362	0.248992712086566	0.142973621327547
0.215339201276923	0.354116925737052	0.250560122207449	0.336238814529797	0.281274868596606	0.166476984134608
0.223070385077565	0.396439288036399	0.270464408978676	0.378878931997984	0.306590930037826	0.185932450950564
0.225554451477499	0.429452543332177	0.28384413437086	0.412431325610963	0.324518187109333	0.201084032782214
0.222518578021115	0.451922832212602	0.290116334522836	0.43587663005248	0.334329609444389	0.211437092011464
0.213972720471301	0.463141390426964	0.289087804479326	0.448716662153715	0.335743147154993	0.216699757160455
0.200074447473768	0.462711399996567	0.280784678153661	0.450699158364327	0.32872765653094	0.216674411211678
0.181142306416967	0.450592985583018	0.265451412307169	0.441803047726985	0.313503156732167	0.211284526879033
0.157775986359584	0.427429449803107	0.243712119409162	0.422536536053335	0.290735057429875	0.20074551858396
0.13043672563062	0.393488420471879	0.215942459470966	0.392891049292056	0.260789306055688	0.185090783968465
0.0998340657806029	0.349685990231864	0.182855152941531	0.353419970864773	0.224430659252076	0.164676934450735
0.0667742539686286	0.297230459343372	0.145300859445236	0.304959602801607	0.18258719731128	0.140033000361959
0.0321218703278877	0.237553396045817	0.104243287120877	0.248640692586161	0.136321932003744	0.111834807763343
-0.00322369752578415	0.172396281476877	0.0607960872275363	0.186042748028241	0.0868876968415506	0.080943584108185
-0.0384080848344442	0.10318965356315	0.0159720272296543	0.118569547360576	0.0354007468496822	0.048097083826623
-0.0725913641627477	0.0315678814971703	-0.0291209190697906	0.0479708481107428	-0.0168899478581215	0.0141416244698125
-0.104972392482435	-0.0408135091686919	-0.0733722056924363	-0.0239027439276599	-0.0687162531460704	-0.020070476333898
-0.134793055822349	-0.112286504028279	-0.11569651067445	-0.0951801476960225	-0.118818797628633	-0.0536964053476608
-0.161442674152227	-0.181256617967107	-0.155147710055984	-0.164108765638013	-0.16606585181301	-0.0859491032383117
-0.184131242312859	-0.245957392880003	-0.190653253915463	-0.228893800787276	-0.209181975236665	-0.115986044155905
-0.202253507471154	-0.30475388843308	-0.221336429675048	-0.287960114566792	-0.247087073819313	-0.143048681074861
-0.215319746244568	-0.356120949091495	-0.246455902453323	-0.339910925239502	-0.278841032424556	-0.166451028349281
-0.222983265615135	-0.398706950512305	-0.265423651095621	-0.383536410929395	-0.30366979378861	-0.185607814801138
-0.225214078565875	-0.431668100945453	-0.278003957322364	-0.418076636015191	-0.321197279615203	-0.200188211504786
-0.221777451936249	-0.453795600021817	-0.283678640331688	-0.442350264750178	-0.330728989926641	-0.209707113637583
-0.21276706126244	-0.464490993246048	-0.282302039953667	-0.455672219414902	-0.332000687659729	-0.213972940673853
-0.198439884897033	-0.463518127580032	-0.273920499869341	-0.457636539345969	-0.324976927504597	-0.212961908274386
-0.179196445762482	-0.450995282319839	-0.258770601089078	-0.448151597897558	-0.309852797904273	-0.206800720006882
-0.155677461588348	-0.427668268779611	-0.237448608668575	-0.427761194534776	-0.287258217582876	-0.195879964822763
-0.128329392938861	-0.393821190219686	-0.210274722487486	-0.396617665101253	-0.257513711972695	-0.180332265409914
-0.0978105641821111	-0.35029267773202	-0.177900450616199	-0.355505300264072	-0.221349880843588	-0.160503627940643
-0.0648639313065643	-0.298146507578308	-0.141111218718594	-0.305512389832126	-0.179676535086754	-0.136804010731393
-0.0303097932898413	-0.238650581089888	-0.100806380979447	-0.247982828383191	-0.133556828290072	-0.109712507411662
0.00495403655881598	-0.173417201342172	-0.0580423963710638	-0.184621460362669	-0.0842608828803443	-0.0798661829767788
0.0400288754496844	-0.103826953752238	-0.0137803670816742	-0.116859281134987	-0.0329263202944622	-0.0478139060599565
0.0739956239412429	-0.0315609242361503	0.0309055709092197	-0.0463777459010077	0.019174556905983	-0.0142884504844984
0.105970497101034	0.041592654517145	0.0749179848597845	0.025095886279126	0.0707577911842161	0.0198729719983966
0.135143873382054	0.113783171488188	0.11716114244737	0.0958196999170647	0.120559978675461	0.0537516747438001
0.160910446282168	0.183233002674727	0.156656078741017	0.164133282380355	0.1674573967411	0.0864261073569997
0.18254954597941	0.248038998116585	0.192280722716926	0.22827172529811	0.210190655846597	0.116905032843932
0.199572688442649	0.306507608623495	0.223101491704625	0.286633625434118	0.24769790899787	0.144311683527374
0.211621094211178	0.357141875389297	0.248324340483596	0.337767530651142	0.279053927244177	0.167900707063085
0.218453587089316	0.398690978240359	0.267322561940295	0.380421417759505	0.303492531580542	0.187092513616348
0.220090630602967	0.430455754195677	0.279839475569731	0.413847636926979	0.320638544092781	0.201609814918516
0.216274351498102	0.451376112355038	0.285358675942436	0.436936248898324	0.329791886773037	0.211041585525855
0.207020859662166	0.460981409271859	0.283747265803356	0.449141154798609	0.330682626123227	0.215253201141239
0.192485964252518	0.459123883869815	0.275067920554501	0.450228163606837	0.323273800169583	0.214237213987143
0.172987044424539	0.445967873565947	0.259569103536259	0.440264496679639	0.30776657688087	0.208089305554022
0.149136672199979	0.422271911212331	0.237849046590911	0.419898988184569	0.284806532598246	0.197132708464323
0.121420002761348	0.388308800823182	0.210229133552661	0.389287083696695	0.254733492862606	0.181431434962354
0.0905977591156943	0.344896946776593	0.177362231784461	0.349124736804257	0.218300760830159	0.161286706772508
0.0575455170811161	0.293075249273419	0.140047136570204	0.300335467185606	0.17643823725629	0.137114879175568
0.0232021300508767	0.234081344237098	0.0992160562071717	0.244061129887415	0.130222491477465	0.109460919119736
-0.0114694982976618	0.169487799205493	0.055979391485165	0.18181453126443	0.0809293511561612	0.079074429391018
-0.0455922115312549	0.100621557787691	0.0113647220832055	0.114878125892762	0.0296920750236947	0.0466329035204574
-0.0783457663536168	0.0290976274686919	-0.0334869073795916	0.0448550078382021	-0.0222249858326918	0.0129732707914633
-0.108999720720917	-0.0433683644665091	-0.0774281616556665	-0.0265375396831893	-0.0735461108159662	-0.0210241812687839
-0.136910402213275	-0.114994454351315	-0.119344740977587	-0.0975169155347482	-0.123012588278589	-0.0544801548396908
-0.161605765449183	-0.184057257471673	-0.158276111996934	-0.166358685425057	-0.169499243857176	-0.086593581485893
-0.182437073568361	-0.248681534029086	-0.193155983344762	-0.231230363340211	-0.211742864155506	-0.116547346872926
-0.198911678982583	-0.307175625364408	-0.223126862364082	-0.290476354375567	-0.248675964920923	-0.143650027004241
-0.210605678905448	-0.358020407550226	-0.247474285903334	-0.342602241171179	-0.279372712159899	-0.167302368288638
-0.217183674761986	-0.399925833820493	-0.265637314967313	-0.386312351779569	-0.303077296969992	-0.186989533032088
-0.218579189539211	-0.432145060766148	-0.277403301704597	-0.420797776001525	-0.319440088449534	-0.202398390552605
-0.214490953139491	-0.453565784136122	-0.282266963747264	-0.444865210701514	-0.327801753567196	-0.212976768459156
-0.204941640358234	-0.463665589384882	-0.280091177481991	-0.457860732232004	-0.327943885190877	-0.218384045420716
-0.190137567449445	-0.462245325191221	-0.270929978049459	-0.459434729087832	-0.319884279215822	-0.218387994073862
-0.170465559539342	-0.449418729047177	-0.255031811227362	-0.449556802148426	-0.30387211016399	-0.212894436302087
-0.146594150492595	-0.425896863464545	-0.233013792978426	-0.428818962898439	-0.28058548058199	-0.202119361283787
-0.119025106182213	-0.391916475317832	-0.20522092786679	-0.397393959316192	-0.250370938376588	-0.186113418499523
-0.0884813441898751	-0.34827878214524	-0.172334470296618	-0.356060826539887	-0.213963131780525	-0.165268246209828
-0.0557539519439078	-0.296033710168773	-0.135168034547322	-0.305883225453074	-0.172250962730788	-0.140162952172732
-0.0216743595646246	-0.236462213108119	-0.0946419054076685	-0.248173850975856	-0.126256410739609	-0.111533935509132
0.0128920776955527	-0.171208352849306	-0.0518247672673032	-0.184612579478058	-0.0772003894795241	-0.0803046236744559
0.0471261042946491	-0.101685657517993	-0.00767100198430358	-0.116620875910258	-0.0261675184517499	-0.0472683837006511
0.0802066104665083	-0.0295899167244598	0.036759650900919	-0.0458873676817355	0.0256060020802549	-0.0133039509609322
0.111341734596768	0.0433085703942051	0.0803901402427976	0.0258423353015411	0.0768497153510049	0.0207380395971366
0.139780989611856	0.115214049193287	0.122146152988781	0.0968065606885897	0.126289174824418	0.0540573231185776
0.164925881116004	0.184433401853551	0.161065438300587	0.165334609249471	0.172768132907446	0.0859492744621123
0.186015706726748	0.249155471897012	0.196043335544147	0.229663097203845	0.214990421775601	0.1156790288221
0.202481087536266	0.307764998401419	0.226157707291931	0.288207342236032	0.251858461510855	0.142603242123138
0.213872486518769	0.358805376245447	0.250624908146789	0.339540180110497	0.282426827208822	0.166131899104825
0.219881499309277	0.401013059813996	0.268830457785116	0.38243113415674	0.305932565659324	0.185731658262529
0.220511777731585	0.433620648245508	0.280534602981283	0.416141238029132	0.322027966722779	0.201065067532875
0.215557658857519	0.455455153641442	0.285238188903448	0.439549307552363	0.330062742837861	0.211568376527035
0.205143277408244	0.465911051758977	0.282826103194732	0.452079577617336	0.329825050735629	0.216918739804498
0.189565262078336	0.464711060493367	0.273375730929021	0.453455536054217	0.3213344617357	0.2169301711291
0.169276720108029	0.451921329527344	0.25714503061441	0.443700180169771	0.304837548973286	0.211568548775371
0.144981620544947	0.42825247881073	0.23473902274568	0.423426911054806	0.281009849619213	0.201098479826948
0.117180881834075	0.393983528611414	0.206477705565109	0.392776989248981	0.250202346738709	0.185585463101937
0.0865645611307982	0.349989703640922	0.173016682958256	0.352454112536516	0.213167114709322	0.165382618477193
0.0538654354002639	0.297400372579802	0.135164647852783	0.303409605016091	0.170826948077645	0.140977441704397
0.019842788907749	0.237555674623245	0.0938740337099881	0.246825488895298	0.124252114022128	0.11297929829761
-0.0147073327321633	0.172122076598313	0.0502877928231207	0.184256984851765	0.0747189908553032	0.0821812216819476
-0.0490208045744627	0.10249363930829	0.0054642169930636	0.117022384893623	0.0233612794131583	0.049279629037361
-0.0822988968897011	0.0303197909136801	-0.0394267235182955	0.0467478293676505	-0.0285530268484353	0.0151209977352277
-0.113733253446918	-0.0426807146356414	-0.0832226152012856	-0.0248404119391272	-0.0797483760320743	-0.0193977687407995
-0.14252057325845	-0.114744971242608	-0.1248154475238	-0.0959622699503247	-0.128974393836831	-0.0533598761356105
-0.167985226567699	-0.184177244519533	-0.163273039764911	-0.164901891521064	-0.175121554929107	-0.0859034078778935
-0.189290999403924	-0.249128392318671	-0.197582140797382	-0.229839003574094	-0.216955015425926	-0.116137141226531
-0.205813667089225	-0.307920572392069	-0.226946016474181	-0.289128167471346	-0.253433964459529	-0.143305901849298
-0.217088650127423	-0.359033700083876	-0.250707081594401	-0.341282661386334	-0.283652616530993	-0.166782859524832
-0.222837903490911	-0.401164679689863	-0.268343975948979	-0.385012762370755	-0.306862625386084	-0.186081536603739
-0.223129182151394	-0.433546569079866	-0.27965517166445	-0.419513856635833	-0.322705428815161	-0.200978166278384
-0.217837958358374	-0.455053571727789	-0.284122828783066	-0.443600670619559	-0.330505787720549	-0.211055423142987
-0.207151033986488	-0.465157578116389	-0.281571580981793	-0.456625824102059	-0.330023132857943	-0.216121995677541
-0.191386283757702	-0.463665884614017	-0.272006234167942	-0.458245032686693	-0.321259067200666	-0.216069628593556
-0.170965935140221	-0.450709537596676	-0.255630432417476	-0.448430873683858	-0.304461794884623	-0.210866435710454
-0.146519340997384	-0.42702416478163	-0.233033597727083	-0.427776892534562	-0.280327578280434	-0.200708647159585
-0.11845778932521	-0.392869200973365	-0.204563445556027	-0.396454902008553	-0.249243377323309	-0.185544134879534
-0.087401734528291	-0.349065559308672	-0.170929860043925	-0.355246039070788	-0.211994230734401	-0.165605425596176
-0.0540686968714622	-0.296676506057308	-0.132995548689687	-0.305222044104044	-0.169519237497513	-0.141298028636323
-0.0192746962090205	-0.236990987564126	-0.0917379362941646	-0.247711477600293	-0.122878176299427	-0.113217304045122
0.0160625188845247	-0.171658510387524	-0.0482770949827645	-0.18441802607801	-0.0733087981497667	-0.0822157318345167
0.0510228296902078	-0.102101713847438	-0.00360134667573217	-0.116783426956243	-0.0218883122397209	-0.0491042278133954
0.0846650357161727	-0.0300302250847371	0.0412192093171288	-0.0465108858697703	0.0301739342568404	-0.0148578616331865
0.116099033654056	0.0427676571759422	0.0851190860635572	0.0246558288748754	0.0816429670242114	0.0195287457911603
0.144531556767031	0.114478675567086	0.127049987264567	0.0949794261440712	0.131275190162895	0.053108218930615
0.169390584645976	0.183399764865486	0.166077532397872	0.162836762263973	0.177927235687876	0.085069746274858
0.19001115568853	0.247725202031241	0.201122460823474	0.226528239584711	0.220298366237123	0.114641654281472
0.205953527457348	0.305864288218086	0.231272371889807	0.284537048927114	0.257264442910227	0.141220911297702
0.216893208861179	0.356403514573973	0.255737374858141	0.335492579774349	0.287841959847935	0.164317225768862
0.222602832106509	0.398134249529688	0.273883986816721	0.378195936753356	0.311231291851074	0.183521204752322
0.223095038173747	0.430345115039854	0.285444143570858	0.411907421503631	0.327060095538582	0.198599666044643
0.218106526571739	0.45190531174076	0.289900945973107	0.435473215329354	0.334682001408779	0.209048763261125
0.207649143706606	0.462229497819324	0.287126427710494	0.448263369210719	0.333910569408623	0.214536546846491
0.191892474559536	0.46103367287402	0.277196890733585	0.449941536381787	0.324808399078938	0.214807720940106
0.171190680678669	0.448353899802434	0.260380821732462	0.440482161955574	0.307670765479221	0.209724690584106
0.146209420685315	0.424857761728082	0.237299238139188	0.420474504965971	0.283211195261258	0.199450403060449
0.117494193575313	0.390783200179485	0.208301502976979	0.390061490549026	0.251806352101634	0.183989076881649
0.0858465487866543	0.346979893504626	0.174069677282137	0.349971061860647	0.214206863975751	0.163691153921731
0.0521494703958785	0.294575178577877	0.13543838755995	0.301186656513027	0.171313085372425	0.139104587149984
0.0173092097782153	0.23493019768771	0.0933858679495609	0.244913384531625	0.124161970164987	0.11094518444949
-0.0177759409991633	0.169745415387492	0.0490804709156206	0.182705881691291	0.0739983949023321	0.0801252378004419
-0.052307476845243	0.100450008746513	0.00361185891815156	0.115854698165275	0.0219436715446861	0.0474418454208869
-0.0855285955167604	0.0287117179010497	-0.0418207433310452	0.0459340826250055	-0.0307244774371884	0.0137882908137826
-0.116730173948551	-0.0437593636162692	-0.0860292854856076	-0.0253909352928689	-0.0826964387865756	-0.0199585143684755
-0.145231202299327	-0.115237776408959	-0.127889003929729	-0.0963913305240445	-0.132670502053265	-0.0529639227360201
-0.170461725706704	-0.18408694219302	-0.16646469269609	-0.165374703981685	-0.179480874097145	-0.0844890486830585
-0.191644447648855	-0.248518294042764	-0.200758676497822	-0.230501779049736	-0.221846177452894	-0.113773212688654
-0.208151720161919	-0.306901621023567	-0.230006984049876	-0.290069560552435	-0.258700028594365	-0.140168683226041
-0.219460638140647	-0.357735819699469	-0.253597133617241	-0.34250637713182	-0.289136826816833	-0.163109300092241
-0.225205145357465	-0.399702855568918	-0.271056250011598	-0.386431182370641	-0.312431168489097	-0.182114122064459
-0.2253681325034	-0.431994621841109	-0.282222480707272	-0.420965047762494	-0.328259148644596	-0.196917657701871
-0.219781053004824	-0.453428862749589	-0.286604413394142	-0.444886101153482	-0.33598290198659	-0.207033425710247
-0.208639879589693	-0.463431149483435	-0.2840289156571	-0.457557009378657	-0.335384452867433	-0.212200010788242
-0.192326516780759	-0.461788577960366	-0.274480895013697	-0.458686647869257	-0.326466874750157	-0.212260675087421
-0.17136295224644	-0.448646069002413	-0.258128475742805	-0.448328293240023	-0.309458403940837	-0.207169749513408
-0.146479295821144	-0.424779634751555	-0.23551922992924	-0.427157787951448	-0.285019740322112	-0.197141861075189
-0.118166218916729	-0.390507282601334	-0.206970004044702	-0.395416960073988	-0.253505106605167	-0.182170398640722
-0.0870650895554347	-0.346694240029447	-0.173173374630171	-0.353917959461312	-0.215677258472516	-0.16253168659812
-0.0538520027039817	-0.294415082523057	-0.134994288115408	-0.303720276807548	-0.172477017425728	-0.138653369194694
-0.0192512668756614	-0.234926062903316	-0.0934293031926397	-0.246102979783735	-0.124994756866038	-0.111115233014902
0.015936431878947	-0.169803348020499	-0.0496246487281229	-0.182696741633609	-0.0745221488368152	-0.0807105497332129
0.0508879798620102	-0.100380674337379	-0.0045961639416691	-0.114880454888249	-0.0222091965074384	-0.0481617738802691
0.0847202750222017	-0.0282885339407689	0.0405737353181429	-0.0443157674558796	0.0306673133532053	-0.0143419419882289
0.116541183709363	0.0447216350550304	0.0848256413023334	0.0272555482846857	0.0828240861504395	0.0198412313136419
0.145496350905642	0.116810680623258	0.12713370553339	0.0980545853347023	0.132999795392638	0.053486203802144
0.170914185657221	0.186186416805992	0.166594345627619	0.166382078744596	0.18006860944245	0.0857709397208787
0.192018321287829	0.250906742189362	0.202150560999335	0.230442166788282	0.222771468715722	0.115848895226394
0.208284150406551	0.309239065478011	0.232894897877443	0.28862860821606	0.2600418784276	0.142995670692119
0.219353053748845	0.35966529034751	0.258015492291032	0.339509072098102	0.290950120432649	0.166579524667728
0.225023903975175	0.400946669848562	0.276830009577342	0.381865980267136	0.314729263867292	0.186064330565483
0.225386464204679	0.432434051408772	0.289003997000641	0.41498923234449	0.331006527433056	0.201141483317852
0.220282066700038	0.453140830234966	0.293952879565855	0.437794647340151	0.339101267086337	0.211295098936718
0.209818279822567	0.462673654558734	0.291498668865862	0.449748155495707	0.338764622306327	0.216260110742721
0.194221778538525	0.460935269421062	0.281700247715275	0.450613429661409	0.329984461755593	0.215910300469197
0.173845768005616	0.448088528895885	0.264847244726168	0.440448016639347	0.312988164890782	0.210267892325422
0.149293166526578	0.424827466958662	0.241612960126468	0.419891942753109	0.288444093537286	0.199646347960456
0.121006129568405	0.391304562793433	0.212418613585987	0.389099967358695	0.256724711450245	0.184143075244016
0.0896629059077332	0.348191122325387	0.178008529203156	0.348777844471237	0.218611978091102	0.164121140811912
0.0560391380329999	0.296392231603134	0.139249137503846	0.299865357857755	0.17506816960782	0.140047349310696
0.0209783523091364	0.237066280654011	0.097105561109514	0.243520128918431	0.12720794466915	0.112475632653237
-0.01462583222438	0.171790305837809	0.0526846018488078	0.181263121613176	0.0763488771583685	0.0821107782255271
-0.0499140183517886	0.101986948419873	0.00698916785241662	0.114376004834827	0.0236720020447452	0.0495467938525403
-0.0840305088083448	0.0294381490281225	-0.0388774865408075	0.0444532794136203	-0.0295195688216155	0.0155309526067939
-0.116153560516179	-0.043942284502195	-0.0837986940355847	-0.0267973622911032	-0.0819247249148356	-0.0191074265128481
-0.145505198455028	-0.116194206501198	-0.126669753826152	-0.0975963545240324	-0.13227784203167	-0.0534633035433457
-0.171458832216645	-0.185484543126864	-0.166511616132318	-0.166212007065225	-0.179465869772517	-0.0866182329591483
-0.193224517843244	-0.249923468390879	-0.202216209009564	-0.230792459013552	-0.222252794300922	-0.117556826268535
-0.210208447594213	-0.307907435641593	-0.232870360832415	-0.289661636164198	-0.259604181596944	-0.145357464860422
-0.22194861924081	-0.358082896309705	-0.257704781136372	-0.341314538894352	-0.290620709942407	-0.169221391197897
-0.228142842974252	-0.399357945637983	-0.276118693282661	-0.384466381736062	-0.314555202782619	-0.188528473104845
-0.228818628088197	-0.43116409855309	-0.287880857365873	-0.418347215151043	-0.331039925783485	-0.202997529217449
-0.223813139467651	-0.452499283025331	-0.292502734638866	-0.441826698808721	-0.339378606183805	-0.212251988303312
-0.213289255895939	-0.46285970755295	-0.289881836141828	-0.454327348336556	-0.339297269672131	-0.216235931400256
-0.197564479284196	-0.461971752461207	-0.28011789648248	-0.455570943605758	-0.330756578887035	-0.215043288566645
-0.177082826235011	-0.449806265048336	-0.263503595410605	-0.445574749138616	-0.313964096271206	-0.208864188601144
-0.152503157746363	-0.426906770441545	-0.24068374486795	-0.424942601423808	-0.289582654210857	-0.198082214509697
-0.124272994723501	-0.393358289508765	-0.212023786636913	-0.393817800329148	-0.257992051951043	-0.182752182725677
-0.0930249994943291	-0.349871905588246	-0.178201383218159	-0.352920546877964	-0.219991323578178	-0.163105007230686
-0.0594624069287903	-0.297487756317914	-0.1400141025029	-0.30324321710639	-0.17655973809825	-0.139436427062817
-0.0243633531238974	-0.237555674623244	-0.0983642461634342	-0.246035333821973	-0.128819343503787	-0.112151474449319
0.0114076243908657	-0.171844877422778	-0.0543084465231496	-0.182938467250336	-0.0780787907472172	-0.0818795835771659
0.0469643811512895	-0.101915892427127	-0.0088166751665643	-0.115365849466745	-0.0254972343907322	-0.0492301950981777
0.081380389970754	-0.0295950118894947	0.0370193217027979	-0.0450245153058122	0.0276529099065176	-0.0150469561693804
0.113744391308426	0.0432644293142945	0.0820708987352495	0.026310211371841	0.0800972008807283	0.019709348418426
0.143206169415842	0.114847792882199	0.125199048810787	0.0968543619083019	0.130580312970652	0.0540259721163139
0.169116404778239	0.183507316421231	0.165374517391951	0.164937904309989	0.177976038153801	0.0869515069236629
0.190721407675443	0.247523920469202	0.20142991745715	0.228826891159343	0.221008120727638	0.117538156667077
0.207517341295254	0.305397934340242	0.232399840125515	0.286989483942628	0.25858729690179	0.145017889365919
0.21915423719903	0.355783154278938	0.257480650304289	0.338058429967972	0.289759000720214	0.168783863263261
0.225423966594626	0.397497692804322	0.276062540243084	0.380849267908438	0.313737804815389	0.18837808699529
0.226395936992088	0.429813858239636	0.287929774663425	0.41463686457667	0.330148775139658	0.203585808276845
0.221877274622358	0.451551108415053	0.292628637828348	0.438272431972237	0.338324153476202	0.213962701921293
0.211940334128272	0.462061285900577	0.290094427323539	0.451115321849685	0.338049976924691	0.219250619260076
0.196780595093209	0.461004103827266	0.280453239855817	0.452802491806591	0.329363176105253	0.219251428186478
0.176730091335777	0.448380942626127	0.264001825814213	0.443271574200037	0.312543342118844	0.213849804910698
0.152384216405738	0.424852453761417	0.241363217470563	0.423074052747743	0.288300746407971	0.203196202376922
0.124195088390538	0.39067364919609	0.212867519330785	0.392328708008526	0.257025321544708	0.187258213902887
0.0928662718562431	0.34672507065761	0.179154829891209	0.351759637918591	0.219484760719892	0.166356099855866
0.0592110016511471	0.294166087773523	0.14100221954835	0.302372204685576	0.176593922092738	0.141037355407046
0.0241165865240838	0.234380916034937	0.0993221601097407	0.245418261712276	0.129394334178825	0.112061542888902
-0.0114833830426026	0.169079542582369	0.0552149682480352	0.182517672934888	0.079118292404818	0.0804276348764902
-0.0466955947475413	0.0996897057716195	0.00972031354180199	0.11503487706219	0.0268726686067484	0.0470382707417249
-0.0806505939874143	0.0278722323193198	-0.0359968093444677	0.044614824075563	-0.0260891465732443	0.0128843448494934
-0.112535595791687	-0.0446669440530321	-0.0807549504263857	-0.0270207347008812	-0.0784770514380217	-0.0211018858884292
-0.141603729280716	-0.11619827793002	-0.12340381879612	-0.0981084075563042	-0.128994100752745	-0.0540954220445009
-0.167277728655594	-0.185072129483909	-0.162955428850962	-0.16694724142095	-0.176462605654109	-0.085435695430904
-0.1888168843806	-0.249482462173562	-0.198326812106573	-0.231719991700963	-0.219557946316256	-0.114491365516904
-0.205672162465096	-0.307785100246564	-0.228664388196943	-0.290768846669078	-0.257162455404576	-0.14075884408866
-0.217408361565481	-0.358476156345936	-0.253273893026464	-0.342584519894359	-0.28831790124266	-0.163788189537476
-0.223725892898034	-0.400250325474766	-0.271623882548836	-0.385856024970423	-0.312257629809981	-0.183149752173225
-0.224633122304452	-0.432325591024016	-0.283529702201862	-0.419769927525201	-0.328641246470021	-0.198543368588981
-0.21992845499681	-0.453555222431589	-0.288506252759073	-0.443160887406933	-0.336830894018269	-0.209373112206269
-0.209734846847081	-0.46339658118169	-0.286418305689864	-0.455426002466372	-0.336634903176929	-0.21521538433139
-0.194340200468766	-0.46165534651251	-0.27730282377015	-0.456284570817127	-0.32809526747675	-0.215744325563573
-0.174178418078545	-0.448475609181563	-0.261376093233407	-0.445777853749104	-0.311478323918898	-0.210784540303567
-0.149921478331873	-0.424614687438623	-0.239214346511329	-0.424553243837903	-0.287469707416627	-0.200495353070753
-0.122039802794362	-0.390357437385465	-0.211131262824291	-0.392819764903121	-0.256424415333009	-0.184902908838245
-0.0911923982339935	-0.346537620251248	-0.177786544008952	-0.351362228234511	-0.219081862384508	-0.164393649126962
-0.058095799643971	-0.294211243319261	-0.139991126865783	-0.301228085896416	-0.176340270040739	-0.139550464029722
-0.0235173851303557	-0.234637283781938	-0.0986824467210314	-0.243704404698942	-0.129238946313968	-0.111111098230518
0.0117161325879556	-0.169417940147077	-0.0549585234228989	-0.180448579893023	-0.0790212602962331	-0.0799891891510075
0.0467756963653681	-0.0999260742719323	-0.00981894891705244	-0.112876068755936	-0.0268088781948705	-0.046965755541494
0.0807968485262929	-0.027834477142957	0.0356393323958402	-0.0426839014888643	0.0261303787991852	-0.0129045714876081
0.112915355848657	0.0450753116865131	0.080312282409718	0.0283654635437544	0.0784998713920053	0.0213487569721844
0.142296083365281	0.116957172032686	0.123110815970259	0.0984973918435088	0.129007316501771	0.0549792866707514
0.168265610327527	0.186037349369688	0.163069013119679	0.166045032410671	0.176490259912473	0.0872435010853072
0.190007670054692	0.250414876649729	0.199073976404875	0.229272619247839	0.219643522226718	0.117343387066936
0.206937081589919	0.308404875981446	0.230192818613408	0.286647856520184	0.257367157007418	0.144559084293095
0.218625888383047	0.358527927313037	0.255618652628596	0.336812039383542	0.288710598455083	0.168224981899886
0.224814863948391	0.399561572654023	0.274699361851803	0.378605624973018	0.312899054910507	0.187749488618371
0.225567866041043	0.430844673720885	0.287146114285191	0.411348787120925	0.329566588352705	0.202764666750383
0.220727849335416	0.451357857789038	0.292412922877952	0.433958397908804	0.33803435067056	0.212723752337961
0.210441557248233	0.460666771014088	0.290348511308309	0.445873335937603	0.338062486477955	0.217355520073705
0.194993596857134	0.45864435308862	0.281016226708029	0.446812767934863	0.329646957868869	0.216554925998161
0.174793322760934	0.445451403427992	0.264687244131412	0.436785553563609	0.31302034284992	0.21038296604251
0.150480785467645	0.421816099328611	0.242001313491229	0.41639098985511	0.288855758787902	0.199192020790896
0.122498382318055	0.387954952135152	0.213336375894873	0.385761031955756	0.257518422938048	0.18312244682834
0.0914939766512815	0.344618115614607	0.179401561057187	0.345596957742146	0.219783141053401	0.162564694905465
0.0581918017651523	0.292780456405427	0.141044011901438	0.296848985077386	0.176602335151204	0.138003413622732
0.0233806515897888	0.233637788576515	0.0992297721317258	0.24069193639783	0.129079079099357	0.110006988534101
-0.012086148846298	0.168756229652535	0.0550848747585961	0.178660680797152	0.0785193952064996	0.0792968335575574
-0.0473641040327145	0.0995004241411235	0.009642359751197	0.112043107746795	0.0260943354902372	0.0464896235209504
-0.0815857861157601	0.027557773954857	-0.0359642955458332	0.042426127073827	-0.0268987157310942	0.0123550608898863
-0.113898342233495	-0.0452632642045874	-0.0805983534657209	-0.028501110392509	-0.0791578883707039	-0.022264472961053
-0.143486256598004	-0.117089820806405	-0.123152586184566	-0.0989827443944343	-0.129409424283382	-0.0564709901663856
-0.169693181086687	-0.186134598210146	-0.162666736768121	-0.167309239830217	-0.176528018710003	-0.0893797094977237
-0.191710150349014	-0.250498748100068	-0.198064247893763	-0.231640663371948	-0.21925769034581	-0.120032986313038
-0.208941254816951	-0.308521828960053	-0.228474123711218	-0.290301831585362	-0.256550054883021	-0.147578396123068
-0.22093039425679	-0.358764353011312	-0.253166988757439	-0.341777621126919	-0.287500607323969	-0.17127764156996
-0.227378919328758	-0.400047420934493	-0.271568807665404	-0.38476626475423	-0.311369306952504	-0.190540568114604
-0.228308990278154	-0.431741732296703	-0.283456759325934	-0.418479505031185	-0.327811140538964	-0.205070908449776
-0.223533847931695	-0.452830157105208	-0.288320690088101	-0.441774451363134	-0.336153795411942	-0.214426029760601
-0.213187039248533	-0.462842082206566	-0.286021281782812	-0.45406898061409	-0.336153643987536	-0.218448999649073
-0.197559918978662	-0.461573227007257	-0.276612427371098	-0.455089092324179	-0.327795521662212	-0.217123874504213
-0.177085627217988	-0.449075953198508	-0.26034446452889	-0.444862788173256	-0.311296682396185	-0.210555615520687
-0.152437964246103	-0.425957139947289	-0.237839165276094	-0.42400509773017	-0.28731354476619	-0.199097269826236
-0.124095167689173	-0.392333529236748	-0.209454153288272	-0.392673026035666	-0.256190907468385	-0.182846147486728
-0.0927364892928423	-0.348897275153234	-0.175889671883398	-0.351592922551517	-0.218682899924626	-0.162144829394866
-0.0591088285216957	-0.296627164845808	-0.137986198335091	-0.301756489650615	-0.175719330011673	-0.137447797873856
-0.0240144151126845	-0.236788661004466	-0.0966961163086077	-0.244406895674256	-0.12837896673656	-0.109328617134371
0.0116860824092625	-0.171069100902979	-0.0531189946235344	-0.181174762112886	-0.0779447425614389	-0.078552564745111
0.047146592285039	-0.100980178264909	-0.00823541249592158	-0.113468300850768	-0.0255650514227371	-0.0458001760329387
0.0814977527112383	-0.0283447910890766	0.0368857892273571	-0.0429923303145881	0.0274762746288233	-0.0119024174883477
0.113884181595444	0.0449382803067469	0.0811754125497031	0.0284725662097314	0.0798788308166252	0.0222702130053243
0.143487957194806	0.116972755279199	0.123580136228178	0.0991285088820807	0.130355556317189	0.0558465076783311
0.169650978406786	0.18601731258611	0.163163156483613	0.167284723682572	0.177752088726352	0.0880294959240458
0.191569547817257	0.250271447769164	0.198834142891836	0.231177697403235	0.220774172392264	0.117995456608388
0.208656796403425	0.308191525881931	0.229668242577955	0.289245457354054	0.258328732167727	0.145043096394021
0.220469355947461	0.358435142189689	0.254853470789292	0.340094161680971	0.28946855731078	0.168564091280029
0.226722455617275	0.399869013880208	0.273723008100929	0.382522421748594	0.313420360078593	0.188042146878871
0.227449181307061	0.431843033926519	0.285971556898902	0.415803288963248	0.329820364240945	0.203178115142639
0.22247192110521	0.453260380411556	0.291037680448557	0.438807769065061	0.337997078152256	0.213445312079766
0.211929051928938	0.46353790572272	0.288768371622923	0.450936764923221	0.337724367841719	0.21854364841343
0.196113873542157	0.462364815838363	0.279240247763981	0.451889006186998	0.32901781200263	0.218287278750026
0.175460968174283	0.449730682968149	0.26275075343187	0.44167752589881	0.312132597973058	0.212622829873923
0.150647972007266	0.426249792494628	0.239973923165788	0.420931446852565	0.28776354523808	0.201788626357643
0.122160725026317	0.392113365424489	0.211312126264678	0.389838610029025	0.256288823561929	0.185832037898463
0.0906918665873082	0.348141741144215	0.177486789413194	0.349167384100178	0.218487151617958	0.165109719260426
0.0570050598436102	0.295457634711479	0.139335615312211	0.299933727372629	0.175302443533999	0.140141300149067
0.0219190544373877	0.235444378133236	0.0977925566468924	0.243362673661379	0.127817514145882	0.111593723157566
-0.0136922724818096	0.169848578830024	0.0539382935548761	0.181013140074832	0.0773119150534377	0.0803292079723909
-0.0489816452252065	0.100160624250168	0.00874954745072876	0.114168155094617	0.0249232059609012	0.047111840238461
-0.0830875389656151	0.0281135386871469	-0.0366819138601427	0.0443849027972879	-0.0280776124269685	0.0128316651694335
-0.115173016573005	-0.044526473795059	-0.0812366410708949	-0.0266900464630833	-0.0804035500636736	-0.0216063755612588
-0.144446871492181	-0.115999648223276	-0.123794278045379	-0.0973406036601873	-0.130779916352424	-0.0553163116123162
-0.170280513409222	-0.184665904491653	-0.163352599521931	-0.165878141419349	-0.178061805198115	-0.0874997292524093
-0.191901759107627	-0.248769683818253	-0.198783507498074	-0.230459160984504	-0.220964039867702	-0.117342688497727
-0.208747525686654	-0.306745897443172	-0.229166861695397	-0.289375734773433	-0.258399142175464	-0.144164324397825
-0.220387764583076	-0.357179882967363	-0.253746557042757	-0.341060337908477	-0.289423506024926	-0.167389936735429
-0.226538379906978	-0.398844020837732	-0.271956265861483	-0.384154972450673	-0.31326649497035	-0.186550990241812
-0.2272194839317	-0.431003394355035	-0.283614682992009	-0.41782961064899	-0.329566678076486	-0.201405551677779
-0.222233436050207	-0.452516146899032	-0.288282080704004	-0.440932163989383	-0.337657979348231	-0.211487048890716
-0.211691595444728	-0.462800519538987	-0.285892174835088	-0.452910493211864	-0.33732100966373	-0.216541651027579
-0.195860344007359	-0.461588093118298	-0.276551458302016	-0.453558108997657	-0.328579355672569	-0.21640277386636
-0.175153449143019	-0.44893094675466	-0.260521793427029	-0.442995021591625	-0.311695477904292	-0.211001027388252
-0.150238244074626	-0.425498920722676	-0.238383409861288	-0.421934429770606	-0.287366386018614	-0.200526781884497
-0.121605286524371	-0.391509481829407	-0.210412057457652	-0.390607256376224	-0.25596865220743	-0.184953974414349
-0.0899646765045361	-0.347767619775737	-0.177198371685117	-0.349779014973683	-0.218268843485469	-0.164567588522003
-0.0561067012431004	-0.295344029540676	-0.139475925674879	-0.30043515390353	-0.175189037724041	-0.139836709722258
-0.0208789624294355	-0.235551804722205	-0.0981224613119046	-0.243770850239433	-0.127782890884144	-0.111413815576687
0.0148221002035654	-0.170074086081844	-0.0542163101239148	-0.181343987487059	-0.0772976714333532	-0.0801858574330357
0.0501400218961946	-0.100371250957887	-0.00877891120714097	-0.114478988672128	-0.0248448862584787	-0.0469683289106565
0.0842228902425282	-0.0281902368334965	0.0370288392122085	-0.0448145465784815	0.0283198441786061	-0.0127094079599439
0.116262280961168	0.0446448436711544	0.0820193082534704	0.0259041973932198	0.0809092498788113	0.0216448614262183
0.145509455504541	0.116288023869727	0.125026721667953	0.0958801722502202	0.131631859776301	0.055201031156006
0.171382187235565	0.185010292962751	0.165036188743973	0.163396543401004	0.179312305714168	0.0871894070891482
0.19314890542233	0.248990978480768	0.200938730456578	0.226656122406331	0.222629345956582	0.116848769348352
0.210267652199754	0.306644870541723	0.231845786292109	0.28407529466824	0.260459965661064	0.14355001913894
0.222303127572923	0.356589085683717	0.257023008822929	0.334267784000969	0.291833160989159	0.166742860061784
0.228938010917896	0.397671965074223	0.275894614644923	0.376075670448835	0.315962963486201	0.185937963996413
0.230135462768778	0.429260198087755	0.288223905681452	0.408846417577486	0.332483030526549	0.20082366335915
0.22563166058232	0.450309117955088	0.293483977650207	0.431533539197339	0.340732773445488	0.21084413462562
0.215473195054651	0.460311191467557	0.291497051936831	0.443608781672284	0.34049783528765	0.215659175654517
0.199877820812208	0.459033210859998	0.282265537066068	0.444805835370562	0.331801411431968	0.21505837612343
0.179236459804937	0.44652102324282	0.265985221863519	0.435122914524613	0.314897079246068	0.208997246407315
0.15422129601772	0.423405089510735	0.243228645692755	0.415125137573545	0.290464525951606	0.197762191745535
0.125355145768359	0.389849322387157	0.214340215009838	0.384900310439422	0.25886609753339	0.181481900623624
0.0933932168043228	0.346606040305982	0.180036615427648	0.34510756907577	0.220861026968448	0.160605402186106
0.0591718304271571	0.294706928331795	0.141211759498821	0.296672384320309	0.177380416098142	0.135728381259878
0.0235732969741755	0.235443066561842	0.0989033909254442	0.240770519531199	0.129507396078782	0.107552215949677
-0.0124917962035239	0.170486479403505	0.0543143775938564	0.178961780634235	0.0785356689190589	0.0769174727096338
-0.0481698896517805	0.101286545063695	0.00853470889555084	0.112575078805853	0.0256357018312448	0.0445137819816185
-0.0826279107684978	0.0295661017839216	-0.0372740298657063	0.0432351072824853	-0.0278826070632156	0.0111222012449649
-0.115080845384241	-0.0428951881739901	-0.0819818392935509	-0.027350406120279	-0.0806956475341366	-0.022464381251198
-0.144796283002895	-0.114314623550531	-0.124516998342159	-0.0974375743575722	-0.131504170520833	-0.0554416967258464
-0.171192343055346	-0.183034697481972	-0.163967958298748	-0.165359785568479	-0.179157949673604	-0.0870378158092221
-0.193516136247964	-0.247292943450914	-0.199310741799636	-0.2293449683814	-0.222384541385363	-0.116401773781751
-0.211187179164516	-0.305531120835584	-0.229709835423189	-0.287789729882169	-0.260123166291172	-0.142765643921185
-0.223722936248535	-0.356345167989345	-0.254449063294442	-0.339234137258246	-0.291460411187708	-0.1654480212992
-0.230762695713818	-0.398507947341172	-0.27294564640618	-0.382397244485791	-0.315647197116187	-0.183893779947612
-0.232241465120997	-0.431261795845432	-0.284949986953943	-0.416466338056332	-0.332324050846037	-0.197830272594966
-0.227893612499516	-0.453412005257705	-0.28992602887836	-0.440240420943141	-0.340804198720354	-0.206841464561622
-0.217789379419742	-0.464298348766193	-0.287709815874859	-0.453052084620146	-0.340824870118542	-0.210801132219164
-0.202189743292429	-0.463561997500688	-0.278339807532363	-0.454538359183481	-0.332353469966561	-0.209722844220424
-0.181535989019653	-0.451173700489137	-0.26206113364021	-0.444655993378853	-0.315597802934511	-0.203725896489611
-0.156540739082829	-0.427749775313459	-0.23949499893677	-0.423980272344613	-0.29121588109484	-0.193143386939572
-0.127751690280239	-0.393508145729361	-0.211008439191499	-0.392670712027375	-0.259577846657162	-0.178014030829973
-0.0959205232883728	-0.349302053529193	-0.177308945022567	-0.351486835726752	-0.221477968390113	-0.158574399530535
-0.0618545955610384	-0.296291052694695	-0.139242629524505	-0.301472443757138	-0.177897589810566	-0.135138743386565
-0.0263913792800515	-0.235896014407396	-0.0977666475543978	-0.243925460053466	-0.129969302623842	-0.108129440742088
0.00960607030520779	-0.169896667865356	-0.0539842724270826	-0.180519991033693	-0.0790190695763788	-0.0781774342830239
0.0453119094578518	-0.0998227175088453	-0.0088885156252583	-0.112691516824247	-0.0262270738553319	-0.0458803583351408
0.0798945749149358	-0.027439753816344	0.0364369154739692	-0.0421545493941578	0.0271145612883598	-0.0120499222342876
0.112539252898706	0.0454588039107219	0.0809073131702432	0.0293103599017677	0.0797195202280333	0.0223934697154068
0.142458851597966	0.117092913002687	0.123458927024583	0.0999062118076997	0.130332859463113	0.0564718993743508
0.169008212994552	0.185811940138581	0.163155782612357	0.167938208207374	0.177843131653948	0.0892502661468989
0.191378153753674	0.249850923983873	0.198923634923951	0.231631918161174	0.220997163990377	0.119764568195189
0.208961159851611	0.307642044016608	0.229867407981572	0.289414969078846	0.258733713605827	0.147201881959688
0.221287246894549	0.35777078915184	0.255213779646588	0.339892182600477	0.290122139844563	0.170889142582464
0.228048354259004	0.399012335461307	0.274334066989241	0.38187808451498	0.314388922206203	0.190297882947124
0.229261952435101	0.430640232722506	0.286946154076072	0.414683519650909	0.331153766048703	0.205160823577074
0.224751551951691	0.451527734095726	0.292498164307588	0.437228702617754	0.339724124414502	0.215013676320468
0.214663408928621	0.461123534766854	0.290816624020395	0.448968161241022	0.339847500476531	0.21962692392427
0.19930044028505	0.459207145406325	0.281931971042495	0.449641915280212	0.331514910586781	0.218876379222979
0.179101267916503	0.445894992433624	0.266077498691421	0.439278595133634	0.314961935339877	0.212750841464738
0.154733503963247	0.421929851923271	0.243852668427978	0.418492049932688	0.290865382091823	0.201508229420581
0.126670356222208	0.387601023247433	0.215605331759537	0.38742611817958	0.259599895439572	0.185200802303956
0.0955826996155395	0.343766232678546	0.182018494392094	0.346793063555496	0.221940127759645	0.164181175602559
0.0622125351628711	0.29151546306221	0.143917656945611	0.297560742995767	0.178827064596126	0.138963252162461
0.0273636315915769	0.232138217875519	0.102249854215914	0.240933632329253	0.131340928424089	0.110209259518699
-0.00809838937743982	0.16725016020273	0.0581222893010509	0.178489004322137	0.080754818676105	0.0787752163757197
-0.0433145960479463	0.0982124616076883	0.0125569995414585	0.111565309177054	0.0282131925120744	0.0454151525006949
-0.0774081965618494	0.0266587922005275	-0.0333158550417144	0.0417961274494908	-0.0250053182683875	0.0109985041756242
-0.10952800505381	-0.045691160708456	-0.0783500464920359	-0.029099625983033	-0.077601904030591	-0.0235995335137079
-0.138877639258437	-0.11706595243009	-0.121413643701118	-0.0993647284472131	-0.128287884025475	-0.0575251512228147
-0.164840235748619	-0.185768958762614	-0.161508190324275	-0.167322049267118	-0.175908964500247	-0.0900032640100003
-0.186664785666392	-0.249960560704531	-0.197510366550432	-0.231193412115024	-0.21916788488684	-0.120217733721027
-0.203821619211113	-0.307998004036574	-0.228503108984018	-0.289383009189066	-0.256974846371962	-0.147452829736597
-0.215916456459785	-0.358416592437368	-0.253722874093122	-0.340454012466557	-0.28839210358027	-0.171063801881728
-0.222694119698362	-0.399977729810558	-0.272582085485456	-0.383162979878209	-0.312661204773162	-0.190486827032588
-0.224190025811631	-0.431973878702996	-0.28486640890484	-0.416747133068128	-0.329435673960939	-0.205379960654387
-0.220200215839756	-0.453307645282014	-0.290098048227581	-0.440049855331887	-0.33805752157717	-0.215199653086842
-0.21081138179021	-0.463445350945748	-0.288176571441235	-0.452445505327394	-0.33830550605328	-0.219662832612139
-0.196249125742448	-0.462150327062025	-0.279188299163282	-0.453602166709557	-0.330187121339037	-0.218637654376268
-0.176875486805034	-0.449480495167709	-0.263395635301065	-0.443495463882574	-0.313934785985112	-0.212153776376275
-0.153297911309273	-0.426088218804036	-0.241400251590194	-0.422712315765599	-0.290204399027677	-0.200546603707311
-0.125951547158745	-0.39215931696322	-0.213519836304973	-0.391411260142384	-0.259333370886386	-0.183953460054504
-0.0954909502920647	-0.348471957315453	-0.180393700813296	-0.350352359858469	-0.222055257259611	-0.162799907931571
-0.0626554323518388	-0.296087739445742	-0.142799826082087	-0.30058019379998	-0.179274101680233	-0.137640550782193
-0.0282495669445232	-0.236333256741302	-0.101644908584092	-0.24339145042691	-0.132044508670564	-0.109138894998085
0.00686461911377082	-0.170920384590014	-0.0580103846807993	-0.180452715650365	-0.0816284969914014	-0.0781188933045648
0.0418366366639733	-0.101339023606327	-0.0129053307142219	-0.113173200460799	-0.0291752869621558	-0.0452778587063386
0.0758001022202185	-0.0293450657633299	0.0325419529599662	-0.0432223599759356	0.0240207232166269	-0.0114244487867609
0.107906928974545	0.0432640893533086	0.0771837993986561	0.0276852499856626	0.0766384615112313	0.0226195826042322
0.137348142499697	0.11470830504171	0.11989009680819	0.0978333499169737	0.127365349161698	0.0560406524778152
0.163476274026195	0.183352989674784	0.159671654752224	0.16560894894123	0.175026102155418	0.0880917910349612
0.185491344860951	0.247470043233536	0.195417308924814	0.229306532521287	0.218303747995622	0.117980243185404
0.202811386038678	0.305537632838878	0.2262224036228	0.287390118568404	0.256093371565373	0.145014080965787
0.2150001472197	0.356178837136695	0.251328309878552	0.338457895913289	0.287445563333671	0.168575503779883
0.221783966957723	0.398177898180996	0.270139483838944	0.381272460867431	0.311593696810571	0.188126809923695
0.22321057145624	0.430775281092713	0.282420154100071	0.415054775880008	0.328188086271841	0.203341978488911
0.219112766637878	0.452765332814425	0.287660729224906	0.438617949017242	0.336572759663543	0.213670421230526
0.20962864154331	0.463485113019031	0.285728291580417	0.451311059083037	0.336537289483703	0.218790223845866
0.19503179354161	0.462592927991588	0.276686851301975	0.452791791991463	0.328109891009359	0.218497444833807
0.175712612041266	0.450102035512138	0.26079570066263	0.443043027327554	0.311553272443413	0.212725121327449
0.152279072529027	0.426694320589251	0.238676104128108	0.422671966370226	0.287560384280473	0.201706331999558
0.125137052226727	0.392647952833612	0.210686041260622	0.39184690014725	0.256507444298633	0.185491765345116
0.0948963997770514	0.348858356771326	0.177514957555591	0.351317783220944	0.219161849984462	0.164459676909377
0.0622531660846875	0.296483513343363	0.139989059073055	0.302084706438188	0.176450286983422	0.139171169908916
0.0279870659340217	0.236886217462976	0.0990498867808744	0.245363998224712	0.12943431487625	0.110352154110309
-0.00703683134785552	0.17173731316591	0.0557934089589191	0.182718689182367	0.0793657344944094	0.0789329679413385
-0.0419381379846499	0.102420131673146	0.0112216227886872	0.115453463900016	0.0273688434229056	0.0457370397702519
-0.0758072949323158	0.0305575923245824	-0.033560338525312	0.045163730855567	-0.0252966971540765	0.0116899328227985
-0.107758606220829	-0.0421606363232886	-0.0774360458705565	-0.0264533559040204	-0.0773474815517243	-0.0223061679573369
-0.136969246197205	-0.113990476461628	-0.119306966610015	-0.097627558808144	-0.127504891465752	-0.055411500573312
-0.162811875158511	-0.183238050618221	-0.158212736882272	-0.166622484510289	-0.174620179554739	-0.0869106106421041
-0.184536259417532	-0.248030159132291	-0.193065934467784	-0.231564729414187	-0.217390186130691	-0.116090805235533
-0.201625352409875	-0.306654631434469	-0.222989009445134	-0.290736960611455	-0.254715673723455	-0.142366178714418
-0.213698829687751	-0.357558442338211	-0.247259095307364	-0.342582364526185	-0.285647382993979	-0.165225660760985
-0.220506763182658	-0.399422279326235	-0.265328484364653	-0.385767082646054	-0.309417566456778	-0.184216548775054
-0.222075307192111	-0.431491180613254	-0.277022002633879	-0.419485843803336	-0.325679990334573	-0.199061409736276
-0.218168965473633	-0.452678925987408	-0.281883538644921	-0.442610611971762	-0.333779637799196	-0.209224386979805
-0.208831470955177	-0.462518028067344	-0.279823339913302	-0.454596033431689	-0.333511718873587	-0.214369049000842
-0.194243682560653	-0.460879284804281	-0.270921132495816	-0.455226398659197	-0.324909750122373	-0.214262905922568
-0.174735646964744	-0.447939498817769	-0.255415112409029	-0.444601196370714	-0.308238175716221	-0.208810069608727
-0.150912249547224	-0.424443405369148	-0.233871569681951	-0.423407205062105	-0.284188108714011	-0.198220180272895
-0.123233014302535	-0.390622399912815	-0.206557287006497	-0.391866979893802	-0.253122253620539	-0.182531784360757
-0.0924141807832573	-0.347230530791361	-0.174064256068095	-0.350749352086416	-0.215792939898991	-0.162107643058467
-0.0592816506189679	-0.295244934384167	-0.137132244429312	-0.301061505403419	-0.173112108846039	-0.137480265069513
-0.0247344755871418	-0.235873651003675	-0.0966447204940789	-0.244034676159346	-0.126131522467106	-0.109325227055775
0.010282439316416	-0.170712603488717	-0.0536775486077624	-0.181265005122171	-0.0761027412236672	-0.0784987596456883
0.0448705991270521	-0.101181498387015	-0.0092439256117123	-0.114113584920919	-0.0241563060122322	-0.0457434139156737
0.0781588912830774	-0.0290340951801513	0.0355175698186122	-0.0442344302079909	0.0284334450887117	-0.0119106071041505
0.10934141721903	0.0438594144948016	0.0794531933178799	0.0266362739588098	0.0803657792869441	0.0221387899561681
0.137689842415229	0.115588541728111	0.121438678042178	0.0967325736125941	0.130347853614025	0.0555533848103438
0.162658368670526	0.184366921814897	0.16050690110503	0.164381627331645	0.177224776617345	0.0875448834404335
0.183547738711336	0.24833596888192	0.195579804713331	0.227827659191968	0.219697887158167	0.117274646893977
0.199854794278715	0.305903589787044	0.225791639391705	0.28551179497254	0.256681980578282	0.144002822217343
0.211185363819012	0.355704689810765	0.250416401603479	0.336045386451759	0.287247084701114	0.16707222067696
0.217266314874664	0.396615827768699	0.26887357291586	0.378238762893793	0.310643696752658	0.185929349862273
0.218112469930077	0.428026253149661	0.280918664988493	0.411384210204786	0.326536603071105	0.200268020854659
0.213499144498417	0.448893171660542	0.286003859187168	0.434374083876763	0.334270769942662	0.20961166399477
0.203509907478154	0.458688617685736	0.283939669607877	0.446626197557202	0.333630255579904	0.213754453062871
0.188384500424688	0.457143801415388	0.2747270237827	0.447843670480194	0.324630675251875	0.212636849800257
0.168513886845187	0.444269099623611	0.258571731298082	0.438025244173874	0.30751942347865	0.206336601574469
0.144548436302499	0.420677090615234	0.236067623950836	0.417766074009755	0.282980901334431	0.195193469278307
0.116959734934214	0.386542865424979	0.207574625467125	0.387200334066278	0.251385917024002	0.179312837863167
0.0864430928621613	0.342664233673231	0.173819885936673	0.347033689864902	0.213515360869043	0.159040507317131
0.0537755038226039	0.290144657271466	0.135693664481599	0.298220931473656	0.170327265279966	0.13482264375661
0.0197929336338535	0.230357637446396	0.0942133616820011	0.241938885110794	0.122929557664444	0.107207883999355
-0.0146196869576437	0.165048347901008	0.0505466237705839	0.179719002362509	0.0726298171067024	0.0769215305934494
-0.0486124665138531	0.0957184089821898	0.00574358525394742	0.112844559425259	0.0205999372131502	0.0446064851315919
-0.0813408766166941	0.0241108537118863	-0.0390715267038702	0.0428953887358451	-0.0318660646060884	0.0110662753765179
-0.112006785130288	-0.0480046603776138	-0.0827935543983166	-0.0284425388516068	-0.0834747594960663	-0.0228307992509361
-0.139877956974739	-0.118876964650012	-0.124357753568212	-0.0994064019609325	-0.132966139136932	-0.0561847208146709
-0.164401112722881	-0.186891364890146	-0.162845683401782	-0.168265599690126	-0.179235966995698	-0.0881435662346835
-0.184873900379492	-0.25032244643156	-0.197208889572499	-0.233138358033471	-0.221045499364764	-0.117816376132246
-0.200793706883401	-0.307643376257753	-0.226591002676514	-0.292294383127256	-0.257364892191906	-0.144445265800723
-0.211768758351689	-0.357475739192027	-0.2502690172502	-0.344157243410799	-0.287306329996128	-0.167396206301198
-0.21752590597508	-0.398618797353773	-0.267677219736574	-0.387370234141939	-0.310144399307921	-0.18617190164961
-0.218074280512805	-0.4303520102113	-0.278614823975454	-0.421110285229257	-0.325550654001239	-0.200537883253331
-0.213180057234114	-0.451526965361641	-0.28260618891986	-0.444231142409262	-0.332863582633941	-0.210068171804972
-0.202916591324102	-0.461543572692087	-0.279560250569714	-0.456183262824857	-0.331855398105495	-0.214575096624699
-0.187519443615895	-0.460107967477429	-0.269581544793077	-0.456756959185731	-0.322531882396911	-0.213969280685696
-0.167386148856701	-0.447248256234386	-0.252959317243522	-0.446063098296737	-0.305137454221471	-0.208252785147469
-0.143183859142577	-0.423618809528108	-0.23033145832153	-0.424798214749663	-0.280362550482454	-0.197662949774539
-0.115405771149952	-0.38944011544305	-0.202037146186711	-0.393180763348687	-0.248585345321075	-0.182189790257956
-0.0847604330035202	-0.345534564422354	-0.168732237749078	-0.351960621716613	-0.210593137868024	-0.162090551626088
-0.052018485338243	-0.293000849111647	-0.131198044196127	-0.3021096707356	-0.167342388390204	-0.137766966901562
-0.0179830662601486	-0.23318052810637	-0.0903310336694925	-0.24481423862643	-0.119927597495472	-0.109776985595072
0.0165162556998339	-0.167770313616968	-0.0471961802854281	-0.181627022924713	-0.0696326893465673	-0.0789060810730472
0.0506991260423898	-0.0982268911144003	-0.00276858858355377	-0.113886874278845	-0.017594855850317	-0.0458881580712094
0.0837788845820057	-0.0262612530254445	0.0418555394230975	-0.0432555493429134	0.0349247365488964	-0.0116297030978335
0.11498183327904	0.0463663785274337	0.0855600654770899	0.0284860353758766	0.0866559371883655	0.0229110682937527
0.143550090110732	0.117890577377987	0.127245033491505	0.0994940705049413	0.136344791501553	0.0567756859846607
0.168849702011069	0.186663167826452	0.165949403010148	0.168000411442251	0.182870770745379	0.0890946953035792
0.190061489283418	0.250913424635108	0.200594522499591	0.232150725006809	0.224962362351615	0.118996343532496
0.206550983996712	0.309063758030913	0.230307169360342	0.290312623192578	0.261542068908661	0.145769305596152
0.217815464708766	0.359684130872364	0.254358057598234	0.341064354250326	0.291670368113578	0.168835719756739
0.223522410377147	0.401523883525964	0.272174064517559	0.383230392424726	0.314576399110108	0.187746287494976
0.223689957983522	0.433817366838204	0.28353124693045	0.416158784617931	0.329899985609811	0.202293364949809
0.218161733185746	0.455375792436128	0.287910047881976	0.438821157077646	0.336969900471309	0.21204798134596
0.207131712114848	0.465571771720893	0.285151380338143	0.450715729831836	0.335567084715539	0.216794012394447
0.190965929974714	0.464102208089045	0.275280049418695	0.451604352487474	0.325721684428658	0.216397325412835
0.170165420875906	0.451008409148768	0.258513088495866	0.44150837764935	0.307711902137865	0.210813016963779
0.145447491838026	0.42698238744882	0.235443609147548	0.421006194750153	0.282264222257608	0.200244664570464
0.117289277264077	0.3922955635007	0.206414188330121	0.390192669742596	0.249792385267814	0.184668841616249
0.0863308328105897	0.347830960080918	0.172132669894708	0.349727861567758	0.211113891541782	0.164356291944712
0.0532499941224301	0.294743721781467	0.133474398256054	0.300539416961274	0.167210489208097	0.139744579791054
0.0187687675482503	0.234417539998797	0.091452522798353	0.243812909444061	0.119198306003724	0.111439213378636
-0.0163200113305291	0.168574107560377	0.0472463336788364	0.181128194928504	0.0683818216659677	0.0802705003653911
-0.0512172686547302	0.0986735484472472	0.00191796092737992	0.11384959434173	0.0159143803378621	0.0470008415533211
-0.0850619903918327	0.0264238389070151	-0.0433915876868777	0.0436439079638606	-0.036928437811611	0.0125388701523225
-0.116974977813712	-0.0464165709238002	-0.087566828213837	-0.0277386823275641	-0.0888668137360296	-0.0221827097010455
-0.146095772376609	-0.118075935760653	-0.129544340405987	-0.0985199530944462	-0.13864418733613	-0.0562513319688441
-0.171722267740059	-0.186890616111873	-0.168415251637581	-0.167016013912858	-0.185144375616975	-0.0888487769300894
-0.193029050404406	-0.251075723734787	-0.203153824614744	-0.231449567437631	-0.227112660285973	-0.119143925567583
-0.209433459394977	-0.309049515151113	-0.232918200152759	-0.290228047067766	-0.263493745144625	-0.146437166285421
-0.220526266486376	-0.359400549402002	-0.256983394443217	-0.341910371701052	-0.293373751931378	-0.170124776918091
-0.226078229533775	-0.400924717700269	-0.274757615628608	-0.38523417340566	-0.31600711231304	-0.189694882442361
-0.226183316501148	-0.432924168237404	-0.285986818440335	-0.419401093055395	-0.331054071079543	-0.204852041459238
-0.220714135625684	-0.454287378724264	-0.290132621800346	-0.443205251676208	-0.337861962282032	-0.215074487913842
-0.209831132180044	-0.464446681189986	-0.287037201507048	-0.455967666983279	-0.336223708043071	-0.220069813024245
-0.193817321908676	-0.463121229292679	-0.276754787069804	-0.457311195236416	-0.32617670183972	-0.219664123651605
-0.173069351086864	-0.450325702894441	-0.259555698832035	-0.447186070168167	-0.308002304050969	-0.21382012782921
-0.148213135991546	-0.426680123521791	-0.236095555537441	-0.426182491075054	-0.282424909089986	-0.202796932527445
-0.119684701409446	-0.392360132142524	-0.206771583897975	-0.394489471902581	-0.249853749571602	-0.186656716149762
-0.0881461989480538	-0.34815809762866	-0.17231721391467	-0.352923390500935	-0.211093776817423	-0.165770151128047
-0.0543598528983909	-0.295174416635729	-0.133594154359297	-0.302600238847062	-0.167106450899903	-0.140665438261059
-0.0191725603656615	-0.234793860953064	-0.0915630615906331	-0.244890909977783	-0.118980791891953	-0.112011525335839
0.0164922333355041	-0.168796477610243	-0.0473240622816352	-0.181526540321657	-0.067990582521613	-0.0806668773822264
0.0517355795819944	-0.0987401045501408	-0.00185521740443863	-0.113964312809448	-0.0152623559957983	-0.047386113357542
0.0856560200953113	-0.0264370141144632	0.0437690850064732	-0.0438996185472712	0.0379457491204432	-0.0130474749127228
0.117404344709452	0.0462791955887533	0.0884623394578257	0.026949186221225	0.090354349960293	0.0214551063230213
0.146211668604564	0.117616851317066	0.131142745791826	0.0968812224457992	0.140686226187646	0.055242616861128
0.171502344509703	0.185954098149828	0.170837519797464	0.164315933314329	0.187782866139732	0.087517346024568
0.192580113272683	0.249594443022782	0.206430659739707	0.227584404097705	0.230335260040855	0.117456993006805
0.208957626507165	0.307057872476085	0.236982031794399	0.285194210169875	0.267228678722932	0.144365430449973
0.220264296217419	0.357010761286806	0.261684278769191	0.335788659107039	0.297497366960752	0.167647655111094
0.226245754991513	0.398274743278749	0.279896030005275	0.378173695614762	0.320361862783269	0.186813971420825
0.226915812548141	0.430118392847965	0.291349439402781	0.411610473267054	0.335470574460263	0.201604498326094
0.222040949308376	0.451352120964235	0.295534274282605	0.434936948780329	0.342187975615635	0.21154771415686
0.211674021932318	0.461322403991199	0.292336648795493	0.447515100058636	0.340340359473412	0.216396435769579
0.196017194320233	0.459694441609565	0.281855482056179	0.448999049765316	0.330006352354528	0.216005078669352
0.175429912831337	0.446490423615358	0.26439088457199	0.439352087591609	0.311505166672379	0.210337216653974
0.150546456935939	0.422404929528329	0.240602583086882	0.419149462352932	0.285585336760445	0.199620318504094
0.121851615560907	0.387735567972753	0.210880028875246	0.388523886750217	0.252668410450312	0.183868295247831
0.0900733626713356	0.343398294638063	0.175937708411681	0.348194790827273	0.213556237580414	0.163392913603738
0.0560363368515105	0.290569634139405	0.136627187229167	0.299145247976142	0.169200669738161	0.138673140682727
0.020628613794776	0.230625409195486	0.0939230097864453	0.242592825714595	0.120683906246389	0.110352932161131
-0.0152164652931578	0.165241177015505	0.048970285664609	0.180116733225675	0.0692827593753459	0.0792952789855432
-0.0506162945111136	0.095801277033671	0.00282296642230544	0.113053418910487	0.0161432591155485	0.0462876452696791
-0.0847053770475553	0.0239258173217768	-0.0433551425420248	0.0430270850713203	-0.0374467378094914	0.012252750656307
-0.116672922641824	-0.0486975475108824	-0.0883949123592285	-0.0282510078987073	-0.0901744760888782	-0.0218763147493747
-0.145775170976455	-0.120322989893173	-0.131161041101234	-0.0990219148074892	-0.140736265970733	-0.0552023616229167
-0.171437565739898	-0.189251455254373	-0.170673433830442	-0.167593016873808	-0.18796428412429	-0.086938566941555
-0.192938675354724	-0.253599671857216	-0.205858507357605	-0.232151685964189	-0.230561159401136	-0.116299246137618
-0.209745943502877	-0.311647740976393	-0.235863245156159	-0.291053885268646	-0.267446243291824	-0.14263952398375
-0.221436009952515	-0.361841976071431	-0.259992780891649	-0.342806782536752	-0.297701721588035	-0.165413924534868
-0.227708946258904	-0.402874012893399	-0.277719077140608	-0.386111236756193	-0.320597334308094	-0.184166364496812
-0.228551020045134	-0.434014450795319	-0.288866775698463	-0.420154733646073	-0.335818489421734	-0.198648199349159
-0.223731018006812	-0.454212475205481	-0.292973986246121	-0.443747111591017	-0.342742673013792	-0.208378912151146
-0.213326437965466	-0.463043910530115	-0.28993270372575	-0.456240288101775	-0.341182144943401	-0.213094816645187
-0.19757932630653	-0.460424038445087	-0.279809170473317	-0.457291457634455	-0.331177420959301	-0.212639967428096
-0.176891125626627	-0.44656931796906	-0.262846464798416	-0.446874405237504	-0.312995723098801	-0.206983962091296
-0.151925245825629	-0.422254049081148	-0.239641550265452	-0.425578532559892	-0.287333298135226	-0.196376484494487
-0.123179394718631	-0.387730317042903	-0.210524558929892	-0.393579603762906	-0.254574033423544	-0.180863792046326
-0.0913683216272391	-0.34376084109451	-0.176167298505493	-0.351662204576113	-0.215504381422556	-0.16077767481118
-0.0572846454299836	-0.291322158421049	-0.137393116765864	-0.30090937644593	-0.171085380296033	-0.136586743879621
-0.0217769025508694	-0.231614322909691	-0.0951558468804418	-0.242673420665107	-0.1224273314141	-0.108882127110664
0.0142566740887592	-0.166218101988461	-0.050576924154134	-0.17869074578396	-0.0708414725663226	-0.0784326471604617
0.04994456001262	-0.0965348040519526	-0.00468047181122367	-0.110461471468786	-0.0175058591923241	-0.0459103725255715
0.0844091243776358	-0.024291992980174	0.0414109194200157	-0.0397476537763434	0.036277913440932	-0.0121285968679168
0.11680232241365	0.0486710732588783	0.0865733091126812	0.0316524388184867	0.0892050945177817	0.0220488593205945
0.146325875350734	0.120475732385234	0.12970865362531	0.101962185549513	0.139999018353546	0.055728285078405
0.172347227301471	0.189363878603142	0.169853458977005	0.169547407673246	0.187528748672581	0.0880528322788159
0.194095957991027	0.253487802104935	0.205915556708876	0.232714060554288	0.230528137619546	0.118104855850506
0.211014766117478	0.311249362751327	0.236988450845146	0.289980267576723	0.267931196861906	0.145080375600631
0.222685731990705	0.361255431495586	0.262292596311273	0.340028224566393	0.298808403533603	0.168290026869608
0.228843900113048	0.402335179351721	0.281196986560541	0.381718928661122	0.322389729994761	0.187188869653578
0.229533035142344	0.433820890181976	0.29342071073894	0.414370993362359	0.33829767440873	0.201519533543152
0.224586547014205	0.454614054619141	0.298417455954906	0.43686904118802	0.345841250834086	0.210869651489449
0.214141412645571	0.464150099309134	0.296023115358419	0.448606762094513	0.344769837669549	0.215099963556996
0.198480447974194	0.462154386690988	0.28628307321002	0.449255232966682	0.335081648803488	0.214194115881769
0.178018610192847	0.448667309789951	0.269451960696601	0.438786155651176	0.317030483494532	0.208232666976125
0.153402393820265	0.424363094676412	0.246157722231704	0.417783300698216	0.291326812459206	0.197515180406185
0.12508702400438	0.389494798412123	0.216781752864246	0.386395222768925	0.258396092054546	0.182061967667589
0.0937252722147407	0.344933880956156	0.182042962840789	0.345368490416242	0.219075353939607	0.162118523271897
0.0600394883433099	0.291832781740889	0.142803961428274	0.295722301890437	0.174373783157979	0.138038160457664
0.0248109024082259	0.231574597857537	0.100047825884644	0.238712752937981	0.125436812000041	0.110308260928735
-0.0111166801576367	0.165870220101225	0.0549156649802053	0.175951405615402	0.0735915453662267	0.0796406363640748
-0.0469060365363548	0.0961545850930803	0.00845393570203374	0.108793147422332	0.0200188287749337	0.0467134942937407
-0.0816907900292287	0.0240889234407459	-0.0381924976621373	0.0388633043151838	-0.0339880152759057	0.0124059479781782
-0.114610767349011	-0.0486267664679307	-0.0838730678763813	-0.0321422352987205	-0.0871327790908005	-0.0223189550871362
-0.144835274464261	-0.120273797073984	-0.127460209004792	-0.102491248995825	-0.138139576915746	-0.0564712435886541
-0.171685295939306	-0.18921746794676	-0.167963898580567	-0.170523734952436	-0.1858678342156	-0.0891347054000928
-0.194333620314323	-0.253654494246406	-0.204271085836447	-0.234453287145599	-0.229030286745474	-0.119388045726389
-0.212166289706432	-0.311938788860565	-0.235470419586907	-0.292658462596707	-0.26654008729784	-0.146477651127698
-0.224713114886159	-0.362556520920211	-0.260795656105352	-0.34366458202862	-0.297456082594602	-0.169795795796398
-0.231664723380835	-0.404187351571804	-0.279646753635801	-0.386190620170417	-0.321014880841096	-0.188875839453389
-0.233030405957219	-0.436037439169716	-0.291788878925823	-0.419451365560614	-0.336869241883475	-0.203501920549993
-0.228615875917704	-0.456945544353753	-0.296722844643667	-0.442285775370407	-0.34437543390747	-0.213243746293278
-0.218540942790542	-0.466366311098299	-0.294331608821989	-0.454089248723906	-0.343342367414015	-0.217887035110564
-0.203079860341776	-0.464112653338193	-0.284697751790788	-0.454569161505469	-0.33382412177053	-0.217304436104844
-0.182648434974915	-0.450344531724419	-0.268097863269952	-0.443747463429936	-0.316111427629446	-0.2114657460313
-0.157905610644654	-0.425842161729899	-0.245166922645367	-0.422251473841034	-0.290921539532553	-0.200599956884613
-0.129333070314919	-0.390913106375163	-0.216270127614483	-0.390265140532299	-0.258650523790025	-0.184719439238423
-0.0976267928813762	-0.346416456256958	-0.182099879185861	-0.348554914535492	-0.220076488277056	-0.164136726604718
-0.0635670357080255	-0.293434385528139	-0.1434835723425	-0.298157061442847	-0.176131528270521	-0.139329255633652
-0.0280016054809442	-0.233253142478414	-0.101364988127106	-0.240355318265685	-0.127882392469713	-0.110930657129076
0.00816147477052515	-0.167500517294984	-0.0568457715756042	-0.17680866468306	-0.0765919552104822	-0.0797795696634091
0.0440338234987851	-0.0975789457868416	-0.0109358200830106	-0.108941103614925	-0.0234051176273211	-0.0466209595165813
0.0787247173658309	-0.0251829877768095	0.0352513994649829	-0.0384564783812959	0.030389591903407	-0.0123247193927033
0.111383801337958	0.0478963794586564	0.0805905196496225	0.0328798281269883	0.0834728232618134	0.0222289643572776
0.14122466291854	0.119821920715567	0.123972273844228	0.103295998079641	0.134528031709037	0.0561814585587063
0.167639655478088	0.188854064333908	0.164418593441367	0.171137486601734	0.182370659679038	0.0887570800277219
0.189881643168648	0.253134759080464	0.200817718620561	0.234672480457873	0.225677000159175	0.119144799117967
0.207410671495625	0.311034918851134	0.23225251855616	0.29237238160043	0.263341951233588	0.146638950668504
0.21980724515182	0.36112637499394	0.257942446821285	0.342872443661501	0.294425202407806	0.170605460490226
0.22678020921855	0.402217771482157	0.277264839953682	0.384992466359225	0.318178563246871	0.190485526576208
0.228325847044535	0.433648539332708	0.289954911898504	0.418017899488682	0.334275017169185	0.205931590223703
0.224213038494191	0.45435537361551	0.295477720133569	0.440809259561641	0.342087160591091	0.21637387638958
0.214519353513249	0.463828083419194	0.293678752379376	0.452741288089928	0.341428452987784	0.221486556845363
0.199485771718456	0.461845558326068	0.284604610023232	0.453469719106788	0.332342979440119	0.221080625786627
0.179513279173634	0.448479944036163	0.26850142711812	0.442953462562531	0.315099472495801	0.215122018045468
0.155263869996963	0.424401178521279	0.245982065343917	0.421767650890209	0.290387195143043	0.203887832092535
0.127233568277105	0.389819571510503	0.217404310683637	0.390054668756766	0.258578821465789	0.187468767026321
0.0961286112594859	0.34553883298368	0.183466734093174	0.348563146184981	0.220438765945057	0.166268721192239
0.0627219725616209	0.29264015913176	0.145016382382119	0.298323301377353	0.176898714019738	0.140848891946893
0.0278300085943828	0.232456540698243	0.103027160335604	0.240611474827452	0.129036486374159	0.111906833039759
-0.00769138682880897	0.166688039329692	0.0586357670669665	0.177067220803517	0.0781310568251345	0.0803221074337778
-0.043009945669321	0.0968047793307785	0.012887968094059	0.109078741505774	0.0253414371148358	0.046859532495231
-0.077276924878861	0.0245391220738786	-0.0330740380211976	0.0383068446979357	-0.0280406271637298	0.0123965652509534
-0.109651863451987	-0.048323922947601	-0.078108197054351	-0.033517263012543	-0.0807077133511644	-0.0221848277746134
-0.139318705156389	-0.119993994436127	-0.121104086176686	-0.104627331962132	-0.13137017905367	-0.0560263174471054
-0.165608566317175	-0.188801676285486	-0.161100131941785	-0.1733292376	-0.17888141837502	-0.088354342733708
-0.187699421569523	-0.252955794727564	-0.19701346522978	-0.237806110073503	-0.221954672656639	-0.118368793071791
-0.204993453569425	-0.310866162465023	-0.227968305866043	-0.296404873890942	-0.259515394058772	-0.145385686553251
-0.217055242096151	-0.361100247995301	-0.253231647256681	-0.347620978674709	-0.290638819713338	-0.168807307577091
-0.223632526798976	-0.402418753125389	-0.27222869480052	-0.390149076010192	-0.314573687047232	-0.188125087096869
-0.224809624526443	-0.434082906063045	-0.284740523989503	-0.423187593539594	-0.330974589656885	-0.203048707240284
-0.220466023072254	-0.454949533443789	-0.290259589231712	-0.445584095169912	-0.339178306498167	-0.213069130092775
-0.210777485510495	-0.464448122063741	-0.288648401483563	-0.456760739307174	-0.33896083724319	-0.21790889465546
-0.196034727123274	-0.462336782579623	-0.279954584864635	-0.456473809661497	-0.330332705903301	-0.21740771618636
-0.176618107591963	-0.44871183652719	-0.264408357370524	-0.444812303789691	-0.313538558044727	-0.211535426040228
-0.153100623957863	-0.424301839032864	-0.242592695716405	-0.42247804128694	-0.28925657543505	-0.200546084198168
-0.125841430511412	-0.389393578019767	-0.214814091825187	-0.389731935399438	-0.257853583080527	-0.184492148802864
-0.0954078365705249	-0.344855528925199	-0.181711093615279	-0.347401120243771	-0.220094836414732	-0.16372557823433
-0.0624746316221294	-0.291803310224187	-0.144063906855754	-0.296558899402125	-0.176912095609572	-0.138754256770241
-0.0278319281569216	-0.231565483547869	-0.102778828742136	-0.238498855651046	-0.12937799511149	-0.110230722606471
0.00761180464888954	-0.165803335567897	-0.058931778196309	-0.174865523833002	-0.078759531718825	-0.0790037252956325
0.042915678319889	-0.0959374331549981	-0.0135199413247359	-0.107055337841113	-0.0261976752064709	-0.0458287897062966
0.0771073959635247	-0.0236579237132195	0.0323416047204241	-0.0367422486583059	0.0270340859181921	-0.0115905661464946
0.109257648315329	0.0492621119960721	0.0775124129427543	0.0343281331379372	0.0796413940627179	0.0228086987589173
0.138533885288727	0.1210037065604	0.120856306999305	0.104386580806711	0.130337205432729	0.0564841870198911
0.164335355542958	0.189834395089394	0.161360848833846	0.171764678956305	0.177964393527456	0.0886375854342707
0.185970912257859	0.253882136910101	0.197871830160997	0.234707477100288	0.221211963043927	0.118451087397426
0.202992278298753	0.311490579796893	0.229431781327504	0.291668729515874	0.258972081187462	0.145235573643043
0.215076086832658	0.361202843306475	0.255226545285951	0.341286031604727	0.29028363452109	0.16840188243643
0.221998820135674	0.401815019029841	0.274612075664194	0.38241230532676	0.314362946423639	0.187461998838354
0.22377321310838	0.432685901354442	0.287320162731019	0.414399979900704	0.330841983427484	0.202152936158916
0.220118639327872	0.452807410565678	0.292824770160047	0.436201135917704	0.339048561741969	0.211996861866137
0.211015309587111	0.461755690249865	0.290996833900839	0.447292112517133	0.3387635448928	0.216741341353554
0.196585111013516	0.459406497049832	0.281917073044552	0.447418629865309	0.330013756318317	0.216240472912112
0.177123273762927	0.44591207620675	0.265865980017008	0.436597898819516	0.313067326004769	0.210464250123751
0.153233887413051	0.421978197948582	0.243482487507445	0.415418396018687	0.288628451889957	0.19964969318935
0.125406757278642	0.387794011336248	0.21513237494068	0.38398846556094	0.257088580526408	0.183823389527775
0.0944025626750776	0.344079683481487	0.181503418316325	0.342984276269987	0.219234660547761	0.163299434827028
0.0610841874516848	0.291788768812776	0.143413406613129	0.293343463375078	0.176016434464062	0.138543230515437
0.0263601749959489	0.232112942338706	0.101795027933363	0.236251867097079	0.128521283347554	0.110166277768099
-0.00885155318840787	0.166630777812206	0.0577425727315303	0.173279839066134	0.0780283460397814	0.0789824461829957
-0.043714644937414	0.096748133867785	0.0122684039609642	0.105782769114389	0.0256874844129489	0.0457277018999239
-0.077434383260391	0.024199443750823	-0.0334973183721404	0.0354238598176654	-0.0272227788504569	0.0112818862129927
-0.109268971239048	-0.0491623711977446	-0.0783992160815779	-0.0360354274323094	-0.0794099345321087	-0.0234400503271091
-0.138515645554374	-0.121433579641475	-0.121290113683055	-0.106785922827318	-0.12959869070419	-0.0575235517726161
-0.164598780248493	-0.190819304747943	-0.161157177673078	-0.175097719457656	-0.176656065107283	-0.0901270848976197
-0.186737100882536	-0.2554196260759	-0.196864522010235	-0.23912990744939	-0.219306513221283	-0.120377654041987
-0.204309087775226	-0.313583494155905	-0.227496484983756	-0.297233840686365	-0.256486997503225	-0.147528274812877
-0.216795945197202	-0.363874442769271	-0.252305509080903	-0.34793369540284	-0.287285067558209	-0.170936005779156
-0.223825894659132	-0.405099160449196	-0.27073364790933	-0.389968712713828	-0.31096254198094	-0.190070914406317
-0.225363162985949	-0.4365940590527	-0.282608225635447	-0.422587842632344	-0.327187546029798	-0.204649016471879
-0.22119641370127	-0.457289119753305	-0.287487811029544	-0.444674540393143	-0.335305219813259	-0.214189537299246
-0.211468869119815	-0.466662761848161	-0.285306424008362	-0.455671722101379	-0.335095905746439	-0.218464320321913
-0.196502465272759	-0.46448118489058	-0.276172426762023	-0.455335281921193	-0.326567728006786	-0.217374686342941
-0.176760535353073	-0.450807672035792	-0.260353256503214	-0.443734192105854	-0.309956100823874	-0.21095495566437
-0.152925596965199	-0.42630983532063	-0.238440830314466	-0.421536888942294	-0.285926306334469	-0.199516098026003
-0.125454882084021	-0.391212950281028	-0.210720188499337	-0.388960407395021	-0.25482708492829	-0.183153197446522
-0.0949787582320036	-0.346345885123051	-0.177793160764876	-0.346786821247135	-0.217410597174537	-0.162237491857675
-0.0621820316017336	-0.292824354913529	-0.140399818714703	-0.296047304175771	-0.174601932759535	-0.137270570606079
-0.0278120823033702	-0.232020498785631	-0.0994160486143579	-0.237999658241423	-0.127474905022389	-0.108874135417186
0.00730104953263907	-0.165670397959851	-0.0559069543585917	-0.174259716581082	-0.0773048537510062	-0.0778466856313511
0.0423074792175595	-0.0952817100123435	-0.010874782352409	-0.106210437636863	-0.0252428091790201	-0.0448820127561482
0.0763060819781228	-0.0226144769541166	0.0345444737708279	-0.0355231514938016	0.0274279754754593	-0.010802169180968
0.108399038007102	0.0505269075748768	0.0791875612636357	0.0360445688832317	0.0794104108168582	0.0235434114523283
0.137737530261826	0.122340786903995	0.121907172454736	0.10669629137223	0.129426263526256	0.0573035712397283
0.163663472106827	0.191155580026798	0.16170109220223	0.17472428145454	0.176340923388667	0.0896894251854366
0.185407196026013	0.255181436688942	0.197453129678527	0.238320505474138	0.218878057444167	0.119861865890512
0.202444845729958	0.312838945617157	0.228262897296639	0.295884511239818	0.255971743744719	0.147086564808569
0.214404103525708	0.362714629711654	0.253381256492696	0.346004242833816	0.286704024188	0.170711207325746
0.221053988558244	0.403596221899632	0.272221058787416	0.387494177638437	0.310328841813607	0.190177196149077
0.22244393363977	0.434780566697191	0.28454795792176	0.419683815619451	0.326505111860735	0.205157881765375
0.218362641691757	0.455156529226458	0.289837322423966	0.441517763888052	0.334571572119445	0.215122434814459
0.208875548398096	0.464186547026292	0.287929616062717	0.452478399453061	0.33430531483081	0.219793420555171
0.194182422902708	0.461654733268527	0.278851781021331	0.45232638043601	0.325716490726634	0.219030144691637
0.174629943202596	0.447672705189711	0.262822967663486	0.441098367094344	0.309047926555336	0.212837416291591
0.150836548238083	0.422972981762212	0.24043305646335	0.419403297171596	0.284975500472569	0.201513984532578
0.123268324353433	0.387835051916462	0.212019971531391	0.387374171911561	0.253861767046134	0.185154512275312
0.0926361565007352	0.34311650621167	0.178279690448841	0.345714251451564	0.216470391449023	0.164145880061654
0.0597412427371403	0.289923023708682	0.140069820968166	0.29539440798271	0.173733975206045	0.139015348372739
0.0254347391140948	0.229578441774694	0.0983827304280418	0.237640698935575	0.126728709820699	0.110414631591592
-0.00940492948604671	0.16374623457736	0.0543758744989705	0.174067784781901	0.0767280516473381	0.0791701746031535
-0.0439590797707446	0.0938517306470156	0.00910364442515542	0.106073792091163	0.024876679734259	0.045997177634144
-0.0774241505375979	0.0215891498642946	-0.0362904313307731	0.0353521422699358	-0.0275485477798418	0.0117286295221618
-0.109030004555242	-0.0512725973418235	-0.080674465147353	-0.0363266066553959	-0.0792562404431975	-0.0227861417845251
-0.138034668983577	-0.122931983266228	-0.122957451037539	-0.107170824570687	-0.128972937770291	-0.0567048844710421
-0.163820551600894	-0.191687746770028	-0.162200853645067	-0.175493517149602	-0.175568682720602	-0.0892515802968099
-0.185573207804732	-0.255707679072776	-0.197347211270038	-0.23951437812835	-0.217775643406703	-0.119598748423028
-0.202647573435991	-0.313372638024535	-0.227538500969709	-0.297647943935306	-0.254539909287795	-0.147016454961492
-0.214516808278949	-0.363246736526846	-0.252052127221943	-0.348466635318932	-0.284961344057821	-0.170846581558931
-0.220819973099962	-0.404118349578594	-0.270317590787909	-0.390727756869147	-0.308317013564134	-0.190514747942209
-0.221554033961007	-0.435301630094917	-0.282116701667414	-0.423661357375456	-0.324291136178757	-0.205673570946268
-0.216561559284677	-0.455713574235703	-0.286946106191941	-0.446092913647615	-0.33224622768582	-0.215768995880004
-0.206058834163208	-0.464833131991798	-0.284676135817019	-0.457386222655538	-0.331974102144228	-0.220509305159239
-0.190452501870722	-0.462438112321616	-0.2753687869528	-0.457216129628781	-0.323486541931322	-0.219753116032633
-0.170289364372402	-0.448606321720241	-0.259275011439235	-0.445591577266469	-0.307012712321048	-0.21352027815608
-0.146318072512131	-0.42401461197856	-0.237002455255047	-0.423163166034878	-0.283200522382394	-0.202138605337927
-0.119024107081442	-0.388883185927145	-0.208883049633673	-0.39017362422346	-0.25237550111594	-0.185735341430729
-0.0890183871093313	-0.344025038651828	-0.175578277083259	-0.347479469045057	-0.215261048457285	-0.164728167689248
-0.0569144680903297	-0.290535549853036	-0.137884103333793	-0.296217599446913	-0.172753915305705	-0.139662896712811
-0.0233464962700497	-0.229772554340644	-0.096712081911549	-0.237759607331736	-0.125904820686586	-0.111191737641074
0.0109874965164104	-0.163474886364408	-0.0531318190698874	-0.173819740272031	-0.0759750338238105	-0.0801235234343959
0.0453596760075176	-0.0931672978851677	-0.00811965081181942	-0.105836915763966	-0.0241103532142214	-0.0471422625958579
0.0789466016705779	-0.0206419230157969	0.0372367015573475	-0.0354909763286791	0.0284012865586875	-0.0130472147040491
0.110862163054742	0.0522637178119509	0.0818288045474341	0.0355002204781739	0.0802524197326244	0.0213379830524803
0.140197435758694	0.123729918847815	0.124552221814535	0.105416419994337	0.130153063032365	0.0551803594570815
0.166176299483017	0.19209505952196	0.164418427591381	0.172644107347804	0.176958158227053	0.0876938630388118
0.187887286896057	0.255616662298963	0.20029300209374	0.235467119145033	0.219388713335446	0.118025557133704
0.204679030486248	0.312791500442738	0.231220977194577	0.292360026917249	0.256377865556623	0.145413662193618
0.216106678550216	0.362294922460968	0.256377467173718	0.341960258824572	0.287008620811587	0.169173433060975
0.221946790765473	0.402991909823481	0.275099068790877	0.383106226627987	0.310535247582596	0.188718995521982
0.222337833315695	0.434220178952861	0.287094706136827	0.415134109261627	0.326612793117452	0.203708922791968
0.21722003617369	0.454858257061672	0.291830383178563	0.436980057947927	0.334576046667597	0.213618741666457
0.20682604066868	0.464302050903053	0.289182223850582	0.448117459095891	0.334192523985686	0.218193696159706
0.191492793409115	0.462226568436584	0.279256660348563	0.448298077383679	0.325461971365035	0.217327400561429
0.171634647594699	0.448617859102483	0.262379523153007	0.437547020791498	0.308619720726025	0.211062015457957
0.147847977403154	0.42409964625402	0.239247386443816	0.416453523599968	0.284339456897965	0.199726592296802
0.120499517013792	0.388886391386056	0.210286034687857	0.385112192074018	0.252992215619976	0.18343683635699
0.0901497212743529	0.343834445263141	0.176231242199059	0.344169713390123	0.215356318853473	0.162584638004225
0.0574471964105372	0.290113242267239	0.137925047246743	0.29452495741072	0.172383553011714	0.137687903287463
0.0231351621048342	0.229159461405179	0.0962939774049585	0.237327655743455	0.125169540426484	0.10937819008697
-0.0119402630537012	0.162769181339074	0.052397369988089	0.174127624683301	0.0750024989597342	0.0784557618559679
-0.0469089397405284	0.0924861834533549	0.00718963343535197	0.106287899880025	0.0230351550660962	0.0456103993168721
-0.0808552216005044	0.0200777629229791	-0.038260460998155	0.0355064964152643	-0.0294562248600292	0.0116539514981764
-0.112877435070031	-0.0526766922382696	-0.0828480697955387	-0.0363987487845031	-0.0811883379575668	-0.0225768055671452
-0.142130658644769	-0.124028079039147	-0.125452660034864	-0.10755531505862	-0.130900258585108	-0.0562408405092101
-0.167961108016086	-0.192373453433214	-0.165056624443722	-0.176181033212135	-0.17747411666549	-0.0885516322944422
-0.189600205599866	-0.255996705419558	-0.2004951998704	-0.24040946920315	-0.219652351385538	-0.118657289200619
-0.206516146149722	-0.313379518096254	-0.230803098809164	-0.298601791032852	-0.256382754640762	-0.145795802036318
-0.218324750592632	-0.363143856428975	-0.255180765470682	-0.349323361448205	-0.286758583552341	-0.16927545007198
-0.224786064952837	-0.404077835360611	-0.273032821443668	-0.391371360511988	-0.310043230470587	-0.188496384065801
-0.225947954229255	-0.435437761381624	-0.284175271351312	-0.424048213293848	-0.325902465258312	-0.203102864570791
-0.221610826526895	-0.456044794391151	-0.288191898189859	-0.446263869128314	-0.333682463824299	-0.212564164781855
-0.211852158761651	-0.465269442558311	-0.285067970440132	-0.457447479314866	-0.333161328120084	-0.216640792022
-0.196876964005068	-0.462799839797124	-0.274979896589281	-0.457299026928806	-0.324344613749685	-0.215269361082967
-0.177021071229493	-0.448668254565952	-0.258264656867289	-0.445802362350106	-0.307465282256211	-0.20855964839304
-0.152870206928466	-0.423561499558921	-0.23556860402779	-0.42353562084069	-0.283185185057339	-0.19691836868662
-0.124848466573863	-0.387769992030991	-0.207212506869206	-0.390652009078679	-0.251856131524747	-0.180525356163329
-0.093622268839254	-0.342214065537098	-0.173805591358114	-0.347919120286849	-0.214234385003622	-0.159798075959793
-0.059968618631644	-0.288109329189464	-0.136073616792129	-0.296416943916096	-0.171253216321837	-0.13522443318072
-0.0247535311633595	-0.226918152622228	-0.09486656202602	-0.237511120128098	-0.123998759554825	-0.107349011304084
0.0110835954824043	-0.160443162272069	-0.0512227611729183	-0.172962133921343	-0.0737611347302974	-0.0768450023669853
0.0466151177317003	-0.0902255947910168	-0.00613049821211963	-0.104301709337336	-0.0217059636661253	-0.0442709528261929
0.0809093228491783	-0.0180235873045933	0.0392736278437258	-0.033314596431533	0.0308725061661457	-0.0103407705440057
0.113079462700946	0.0543940136367972	0.0838125390487752	0.0381927429470243	0.0826740789617655	0.0241399539236738
0.142312700307911	0.125288332421236	0.126319319734362	0.108453107906151	0.13242766127563	0.058280572995793
0.167991265507026	0.193068063004133	0.165776225961531	0.175860803199509	0.17901411555761	0.0911760701150497
0.189375706705463	0.25602884518057	0.201065648379064	0.238750947127767	0.221182946670927	0.121820170546368
0.205954593181691	0.31267020603284	0.231301845298809	0.29567613974805	0.257890822880876	0.149310861759239
0.217357833344104	0.361639900443218	0.255766843429751	0.345346377263828	0.288235342831845	0.172875887248179
0.22335954210935	0.401761889273477	0.273915219999858	0.386637799324855	0.311474488309096	0.191921441604657
0.224028245411758	0.432341916835318	0.285553332635647	0.418871503905288	0.327256034766021	0.206183329222021
0.219194381511214	0.452254850545196	0.290194583876431	0.440914826489269	0.33490510199699	0.215273210417438
0.208975258466895	0.460934310688974	0.287697870191915	0.452137217529712	0.334177726069686	0.219096713434284
0.193619867838909	0.45813166301138	0.278090350284801	0.452182956870752	0.325067816573285	0.217683306199233
0.173504381533415	0.443932036891001	0.261577274946851	0.441001599801676	0.307814849377086	0.211146345052427
0.149243014062919	0.419053993437797	0.238725412846052	0.419166167079002	0.283107038295762	0.199800075123763
0.121272837471678	0.383778339616462	0.209862903268425	0.386828882251815	0.251342090864568	0.183668011130913
0.09025481595691	0.338974484195938	0.175684096179016	0.344756605425961	0.213327848766367	0.163000119153833
0.0569449140974947	0.285763369003447	0.137060951671381	0.294004761029313	0.170043539805731	0.138168874736387
0.0221775135850037	0.22547969225608	0.0950144628189398	0.235878502735956	0.12260432908489	0.109703181916773
-0.0131445148344182	0.159786954313465	0.050735660998571	0.172044429188204	0.0723060098752163	0.0783747986400233
-0.0481304851784893	0.0901023330892479	0.00531603270550248	0.103918404217176	0.0202980301042896	0.0449304207285349
-0.0818826432847142	0.0181038921146105	-0.0400782533005476	0.0331780432669195	-0.0321566278234856	0.0103018728158194
-0.113544407942501	-0.0544559868485377	-0.0843120077166485	-0.0384407674100126	-0.0837921366017707	-0.0245300953492106
-0.142328994915193	-0.125785962614187	-0.126312228356829	-0.109182286024767	-0.133363356313356	-0.0586045033419637
-0.16764069575243	-0.194185654515424	-0.165176928910027	-0.177384066710713	-0.179761694234499	-0.0910788390029838
-0.188753295455046	-0.257812363377884	-0.199892070978502	-0.241267030722122	-0.221731013125435	-0.121129644559167
-0.205159413542099	-0.315034352338871	-0.229641611182565	-0.299234585040286	-0.258213263217308	-0.148098388709582
-0.216481177939063	-0.364408559819994	-0.253733729966012	-0.34984569114575	-0.28829313265121	-0.171437802390404
-0.222473153263925	-0.40472967522719	-0.271611956141183	-0.391855597115746	-0.31122840194801	-0.190684207412
-0.223176286039546	-0.435336257637316	-0.283054567823963	-0.424514227465291	-0.326686434994779	-0.205561775338333
-0.218390699246417	-0.455184610334471	-0.287543180920566	-0.446684138869436	-0.334028169143264	-0.215529531428444
-0.20820893707543	-0.463801752711457	-0.284926168548602	-0.457778462031522	-0.333054710763559	-0.220245859919318
-0.192868193835182	-0.461010102554998	-0.27524629161499	-0.457515484008632	-0.323800017316947	-0.21947804755301
-0.172749294322301	-0.446916762122686	-0.258744903181815	-0.445924316259497	-0.306524474313051	-0.213147669615759
-0.148485741490388	-0.422203970234597	-0.236031997219504	-0.423640447611984	-0.281909348862078	-0.201511350630799
-0.120538528641263	-0.387074381422959	-0.207457175508543	-0.390858259371801	-0.250314533065692	-0.184683758618245
-0.0895859352933943	-0.342304635789754	-0.173705586792516	-0.348361328799381	-0.212489082109946	-0.163127536806999
-0.0563830490359989	-0.288947419053254	-0.135599395764142	-0.29720965958241	-0.169347711880538	-0.137477369983325
-0.0217386786922128	-0.228325201965052	-0.0940744429301097	-0.238715576150978	-0.121953370638742	-0.108487810952307
0.0134930111256615	-0.162158756945161	-0.0502182997812437	-0.174566485092835	-0.071577041842693	-0.0770480575519369
0.0484814166593769	-0.0919803888802189	-0.00502616840683926	-0.106215237968108	-0.0193765381404711	-0.0438775534095883
0.082384377389042	-0.0196080205704584	0.040400642393253	-0.0353839381467306	0.0333460683092953	-0.00975324219670501
0.114376726791412	0.0530857021607065	0.084941325293911	0.036155405846997	0.0852671654294367	0.0245697004109564
0.143664296856897	0.124250357044963	0.127479815885593	0.106636926094231	0.135081770481526	0.0583464072106314
0.169600802509973	0.192211715795919	0.167021204965605	0.174425651625252	0.181634917672415	0.0908664163063147
0.191372632178854	0.255238242348108	0.20242440061576	0.237810676606757	0.223649429426991	0.121309613079161
0.208367949641042	0.311865269935252	0.232740694467838	0.295291563695938	0.260071872141588	0.148893655776607
0.220111588589232	0.360826507565726	0.257165437404412	0.345530657985084	0.290011008179725	0.172865209422126
0.226291282079816	0.401052851556216	0.275069836309864	0.38736928936594	0.312756126973868	0.192544504705705
0.226927259663648	0.431941238146053	0.286210498299274	0.42010792238451	0.32800011968692	0.207503033734193
0.221845412930487	0.452411187257194	0.29009985125695	0.442607670403479	0.335117223486221	0.217162473819672
0.21120133290824	0.461874561461596	0.286656660366422	0.454238786743728	0.333905109454742	0.221267629079135
0.195311970408799	0.459996280741169	0.276018204971982	0.454648025102087	0.324384085562309	0.2197635097539
0.174631832754601	0.446730796860382	0.258526904455525	0.443784554224288	0.306801260336709	0.212777973208524
0.149843390746311	0.422654646057403	0.234883350794005	0.422216033627749	0.281835708350165	0.200732565690694
0.121426383028567	0.387934347346528	0.205515847423736	0.390084148076293	0.24986523849666	0.183813056419695
0.0900484533517168	0.34337897742506	0.171165145989969	0.348142642212549	0.211674892916048	0.162442501054446
0.0564398745527189	0.290116997392628	0.13268974666424	0.297433025940276	0.168226731687276	0.137128349338315
0.0213885558429778	0.229551999161642	0.091046439177014	0.239247551730388	0.120629649427827	0.108464302702367
-0.01425348430568	0.163453918003278	0.0473314680203008	0.175242511616262	0.0701853457115355	0.0772101581165462
-0.0496316911719652	0.0933509644699323	0.00253932056616135	0.106826461063788	0.0180568325908895	0.0440384228730967
-0.0838601157335016	0.0210022441725812	-0.0422424793192625	0.0356748237537352	-0.0344772328036259	0.00978296600082487
-0.11606334264994	-0.0518113507881299	-0.0859231388802853	-0.0364715662714954	-0.0861394114554125	-0.0246593318223234
-0.145408342242266	-0.123328477966891	-0.127436667409818	-0.107842304663099	-0.135680858502141	-0.0583685905511704
-0.171236665272165	-0.191924561525733	-0.165860716594844	-0.176746093414488	-0.181997302215315	-0.0904908377919816
-0.192755137033634	-0.255851349038036	-0.200143212862281	-0.241367576716373	-0.223841433903576	-0.120157182528809
-0.2094020571766	-0.313556819590008	-0.229436283015942	-0.300061146230699	-0.26016313475391	-0.146655819584822
-0.220767559961059	-0.363632613340257	-0.253034511049924	-0.351330446671465	-0.290048685415262	-0.169414867955144
-0.22660095742337	-0.4048456159152	-0.270391872411721	-0.393876272914609	-0.312748579880862	-0.188000276629451
-0.226963279014897	-0.436444184621979	-0.281320072910342	-0.426900138493659	-0.327916377957379	-0.202222670097945
-0.221690734996154	-0.457252113864378	-0.28533867608819	-0.449242303680171	-0.334897038393247	-0.211673246502578
-0.210920693352248	-0.466652095262643	-0.282332537147987	-0.460313723872679	-0.333483775851414	-0.216142138946124
-0.194934318006349	-0.464347138984445	-0.272365325981521	-0.459855445667777	-0.323718456437698	-0.215484585183884
-0.174149452357815	-0.450380666627758	-0.255677648987573	-0.447940846158959	-0.305889584839457	-0.209629823958456
-0.149227256874139	-0.425442949164413	-0.232859366726312	-0.425261376227213	-0.280725888538948	-0.198745763296301
-0.120649566714573	-0.389817349690579	-0.204227200912165	-0.392075071603935	-0.248643598209165	-0.18278541560193
-0.0891102890583408	-0.344412103078888	-0.170434891335901	-0.349218587305865	-0.210446274719444	-0.162011630412766
-0.0553793399519003	-0.290430393424487	-0.132286520436385	-0.297787336320881	-0.167087100799938	-0.136879806695602
-0.0202817058293179	-0.229327731568696	-0.0907208160145358	-0.239106580035817	-0.119640885766281	-0.108039464721627
0.015311357303015	-0.162907975775015	-0.0468493381276635	-0.174854855425034	-0.0693602600367504	-0.0763817020422937
0.0505535615533046	-0.0927260228893566	-0.00170558127429743	-0.106460386742829	-0.0173579369974109	-0.0427404357222246
0.0845932090276226	-0.0205569324414455	0.0435708160606992	-0.0356143595325088	0.0351237980794558	-0.00808533363314404
0.116604123609327	0.0518161046567326	0.0878347537514778	0.0359375325405047	0.0868197254608938	0.0266119846884154
0.145800046372848	0.122650050992101	0.129971368044038	0.106442046592474	0.136466200775357	0.0604297605609924
0.171549355991926	0.190365699017754	0.169017971308211	0.174258207475021	0.182922037435505	0.092571267565971
0.193053276467429	0.253283212639992	0.203889832969293	0.237651834100198	0.224893716024064	0.122247709324268
0.209712346174037	0.309937661139905	0.233710451462031	0.295088398878187	0.261288947153805	0.148813440664332
0.221056369747124	0.359011960403158	0.25774551384746	0.345196134498036	0.291168239583506	0.171716848575199
0.226770072327794	0.399353066147809	0.275417447188666	0.38679418754078	0.313779252694366	0.190486026751737
0.226866854201188	0.43026773100559	0.286501544374085	0.419182773673402	0.328794026244392	0.204845562371906
0.221167322752504	0.450606261371749	0.290490929401803	0.441248187634247	0.335592111484539	0.214283296141571
0.209834866856167	0.459754529709208	0.287250867775344	0.45240972381967	0.334003426752559	0.21850457468695
0.193213048248524	0.457403505921934	0.276841757623401	0.452377120685777	0.324097567254262	0.217331840110667
0.171803751384112	0.443579968892471	0.259521998116281	0.441162000536856	0.306173951301157	0.210730810336561
0.146355018622228	0.418959576501001	0.235919607500636	0.419378906249512	0.280953171547009	0.19897107214551
0.117413193489446	0.38381188692988	0.206412889489477	0.387186648164858	0.248832276921155	0.182146980869206
0.0857074068792598	0.339024760458709	0.1717268450612	0.345322817570636	0.210591840657012	0.160664427136292
0.0520075536885275	0.285763652157016	0.132739466904962	0.294782998230986	0.167170146291259	0.135084976907234
0.0171090739873768	0.225421516284352	0.0904569623070995	0.236796369294773	0.119643413319965	0.106099552821455
-0.0181625816192981	0.159715122958938	0.0460442334358096	0.172956588459078	0.0692841864769209	0.0745663228091322
-0.0530107312887836	0.0901043990346092	0.00057114464424057	0.104630560859338	0.0172390961900702	0.0412284918540877
-0.0866223743728967	0.0182796524522897	-0.0448063570259996	0.0334849931469546	-0.0352129391507964	0.00693422204514797
-0.118193972204735	-0.0540242579867129	-0.0889451736838849	-0.0387103713468878	-0.0867802175003243	-0.0274575244821531
-0.146947215624954	-0.125057151290951	-0.130748173988204	-0.110125650420646	-0.136194094171667	-0.0610941337148706
-0.172250825735907	-0.193172531278633	-0.169283652526231	-0.178998599736083	-0.182336051816076	-0.0931859734829067
-0.193308187518393	-0.256573822341358	-0.203507364261194	-0.243446447141869	-0.223959150291542	-0.122884529937319
-0.209531454632725	-0.313659967904587	-0.232592272800406	-0.301788578595894	-0.260033842124132	-0.149444177810113
-0.220474199308809	-0.362993521737115	-0.255860143202241	-0.352538022707426	-0.289684134990636	-0.172206918174085
-0.225853639605494	-0.40334912407248	-0.272793437434692	-0.394451385854783	-0.312206189535407	-0.190626765031057
-0.225715551873483	-0.434025269574817	-0.283230818027629	-0.426822272152148	-0.32729456072672	-0.204419534800161
-0.219903270322349	-0.453933482913107	-0.286716411822828	-0.44859293545223	-0.334316174511968	-0.213131946405507
-0.208582502347383	-0.46256124903131	-0.28315808666769	-0.459264126177022	-0.333060473802681	-0.216595375763249
-0.192074716318256	-0.459709333850353	-0.272642772869673	-0.458628684720129	-0.323538197608605	-0.214792787922608
-0.170837356683805	-0.445487582791379	-0.2554356307208	-0.44675910922018	-0.305986107601863	-0.20784330811303
-0.145559576783682	-0.420601481162577	-0.232153257102329	-0.42429287874198	-0.281074154890819	-0.19612050723033
-0.116728746539698	-0.385302808480051	-0.203134042081502	-0.391393935914401	-0.249165525111083	-0.179745719212999
-0.085025540648867	-0.340419518974364	-0.169048142686347	-0.348791207252693	-0.21103153966465	-0.159064542018017
-0.0511936220577292	-0.287047569512118	-0.130705553422862	-0.297486229628848	-0.167620924012057	-0.134504810642287
-0.0160299030429133	-0.226532928543512	-0.0890372996488864	-0.238748076445455	-0.120031336123532	-0.106583109186488
0.0196121396158767	-0.160589922001256	-0.0451338044789822	-0.174248173375111	-0.0695574829510356	-0.0759853690187671
0.0548880989301494	-0.0907261085222832	5.6196018964279e-06	-0.105460345695627	-0.0173601804183749	-0.0433245535036206
0.0889299708786851	-0.0187117284677263	0.0452806498535163	-0.0341544091025477	0.0352793483586498	-0.00938850004209621
0.120883742138243	0.0536360517304714	0.0895822467457627	0.0378343955278488	0.0870767384920086	0.0249487029829349
0.149935364280266	0.124516061401871	0.131818971994271	0.108677275463959	0.136773508621401	0.0587594588328715
0.17543775435826	0.19228684271345	0.17103127273975	0.176691371816916	0.183255358243531	0.0911515253664566
0.196600978509985	0.25521785972855	0.206113940111369	0.240139871678896	0.225266100839401	0.121179865111023
0.212859706139596	0.311820916361292	0.236148517251375	0.29752260979965	0.261750846793041	0.148040935620563
0.223797870948533	0.36078666176477	0.260344870067879	0.347523296474097	0.291794621665447	0.171070374842886
0.229161078089562	0.400996365066289	0.278067810635601	0.38901770118984	0.314648746721868	0.189760649967143
0.229012747410367	0.431806737127319	0.289048753773409	0.421344668870289	0.329967201795855	0.203887384100596
0.223198654820086	0.452117594121676	0.292758044724101	0.443403836309775	0.337092644351558	0.213042396408756
0.211870298663922	0.461351246736283	0.2890710606014	0.454599794087778	0.33581148084897	0.21705976874237
0.195322740361687	0.459211674018632	0.278091013620735	0.454609883170201	0.326153859644855	0.215867302341569
0.173982515995703	0.445711394668837	0.260144627731873	0.443411167633143	0.308393063405554	0.20947757052692
0.148512924834137	0.421487313721336	0.23594097271368	0.421596054674124	0.283241751021464	0.19813624923272
0.119387440435137	0.386753109633972	0.205929051029946	0.389327490042665	0.251104336147864	0.18184716551777
0.0872905961012479	0.342334275350706	0.170880455034722	0.347371509306348	0.212778726643937	0.160897855442764
0.0529879249407149	0.289338913902468	0.131681493921659	0.296768807179374	0.16922169196357	0.135742379387045
0.0173119540746235	0.229117257705393	0.0893043311382063	0.23879514852041	0.121521323461356	0.107011026025488
-0.0188415273942258	0.163364839695966	0.0448452438482063	0.175075849385365	0.0709513180785457	0.075567108394553
-0.0545911069264687	0.0935420892304886	-0.000715376903964671	0.106980482787146	0.0186493866017672	0.0422197513502397
-0.0890431133580591	0.0213621981082607	-0.0463056982922012	0.0361466549810694	-0.0341197342538246	0.00791792163825183
-0.121334464914735	-0.0514000559662246	-0.0908371712253244	-0.0357116700054258	-0.08607546117992	-0.0263831897381611
-0.150658562522551	-0.122944287584273	-0.133218229713829	-0.106833217202479	-0.135949397187047	-0.0597776783871622
-0.17638673291332	-0.191571489404052	-0.172465520279338	-0.17551790104506	-0.18260796927143	-0.0914900848954152
-0.197752801175569	-0.255437067843683	-0.207432349284195	-0.239926701369533	-0.224773171821943	-0.120753421172576
-0.214210024761085	-0.312903464332761	-0.23715938748297	-0.298389414159764	-0.261375442929637	-0.146949470259977
-0.225349072137602	-0.362513166175943	-0.260836666162418	-0.349396265873232	-0.291497882162156	-0.169553721958235
-0.230907413167358	-0.403039771064264	-0.277848611488038	-0.391655915928884	-0.314404083082287	-0.18811615062739
-0.230926860803277	-0.43380023113596	-0.287996264893148	-0.424404886942493	-0.32977098409333	-0.202378596803296
-0.225226337251076	-0.453738133751906	-0.290860353599907	-0.446531756590738	-0.336966143048861	-0.211827689395602
-0.213933952307428	-0.462382365221862	-0.286453751295761	-0.45750529259546	-0.33579491649537	-0.216164942471002
-0.197333140180955	-0.459575837121305	-0.275012919155685	-0.457114811346245	-0.326292477494047	-0.215207104541442
-0.175855828968211	-0.445462574014842	-0.25696021019832	-0.445457430189146	-0.308719989247404	-0.208915928981037
-0.150187262843184	-0.420769281690169	-0.233035423851105	-0.423217794112749	-0.283763026045782	-0.197561213149478
-0.120837394912518	-0.385742296229228	-0.203637918804254	-0.390609030403731	-0.251791660864254	-0.181232715076622
-0.0885314992394967	-0.341185485057824	-0.169416047318737	-0.348404973154845	-0.213571648176688	-0.160328837762761
-0.0540703711898559	-0.288153715685399	-0.131083542893345	-0.297634134612866	-0.170038902003398	-0.135394436751211
-0.0183076168239865	-0.227943023399578	-0.0894290493510303	-0.239568064210449	-0.12227724207536	-0.10709355498805
0.0178592753289206	-0.162220659149606	-0.0453956344222622	-0.175857305124155	-0.0715720140435951	-0.0762515557335973
0.0535647034234616	-0.0924566540993056	0.000120029448896472	-0.107929188593257	-0.0190847118222201	-0.0435799368128743
0.08794420940598	-0.0204065284633857	0.0460469977806579	-0.0374959503755567	0.033894577138092	-0.00990653193601725
0.120168285279215	0.0521019189356186	0.0912177742347358	0.0336690527534144	0.0860663958481242	0.0239135414616663
0.149459008219876	0.123232822175416	0.134407458170566	0.103795328869411	0.136155280550494	0.0570167361339146
0.175203871547611	0.191291892640298	0.17448319023459	0.171248575942883	0.183032325373803	0.0885973029630417
0.196638646481094	0.254488610808029	0.210176442135825	0.234328450424676	0.22543088864933	0.117801893092507
0.213205296534124	0.311276553046989	0.24046165480248	0.291556027673015	0.262290830887371	0.143905289666013
0.22447538153201	0.36030027916591	0.264529259694003	0.341621039819022	0.292694192323631	0.166302392889849
0.230166630976415	0.400413871758281	0.281817904464307	0.383390259639331	0.315888159456836	0.1845262130036
0.230306256839558	0.430968920268245	0.292201939001301	0.416180613018874	0.331518746838449	0.198374050815931
0.224710489692735	0.450880010438609	0.295325653300153	0.438853429755276	0.338916536329151	0.207455178582242
0.213514463545115	0.459601221477715	0.291211302140363	0.450766055441321	0.337854332492053	0.211604715354082
0.197015321117842	0.456879636249157	0.280038827854316	0.451542337209064	0.328350974523318	0.210734773029766
0.175659371134778	0.442776675875206	0.262119154001767	0.44110509167648	0.310674941981537	0.204822536898102
0.150139506387046	0.417980106477655	0.238058647975618	0.419998415973649	0.28554230487732	0.194058105837619
0.12096610621169	0.382748800018308	0.208159309125222	0.388347075837308	0.253371786922644	0.178384907297859
0.0888532452666743	0.337948743911343	0.173047903202526	0.34689532946704	0.21498017762929	0.158032892446529
0.0545826522319287	0.284719280958101	0.133523923613331	0.296679121674095	0.171342780006349	0.133420480903354
0.0189866651279334	0.224429368101725	0.0905673966182767	0.238984414941222	0.123559954450273	0.105177285829462
-0.0170548122844154	0.158778263053099	0.0453820245297778	0.175456156945387	0.0729062024677476	0.0742034156527138
-0.0526819333386152	0.0892122742198911	-0.000866774678224677	0.107487464384826	0.0205125997522181	0.0413724928759593
-0.0870246093217881	0.0174150461145138	-0.0469051444798773	0.0367353571995402	-0.0323712290284376	0.00770162983894978
-0.119237345240689	-0.0548799344445057	-0.0914894423336157	-0.0350759247305156	-0.0844806003425343	-0.0258108075993001
-0.148521345825049	-0.125918075644365	-0.133476209137543	-0.106186090100915	-0.13455679735956	-0.0582659434172747
-0.174246669785692	-0.194040637242047	-0.17196256798641	-0.174905613235061	-0.181465421179563	-0.0889578379250603
-0.195639473352563	-0.257431574329498	-0.206001383306831	-0.23941064761173	-0.223913103427988	-0.117242422183368
-0.212146827802994	-0.314460792821063	-0.234907148391421	-0.29804351201603	-0.260806648516926	-0.142652553459637
-0.22335942508202	-0.363656630602031	-0.258143222046765	-0.349297089813723	-0.291203353485535	-0.164802090325287
-0.229023385323474	-0.403761535470024	-0.275288401901749	-0.391867434603293	-0.314347040841765	-0.183325113714278
-0.229195209511175	-0.434054272629579	-0.28619947085121	-0.424959240022591	-0.329908144994322	-0.197962109709768
-0.223711668883339	-0.453446577223861	-0.290349672210095	-0.447418644152023	-0.337261362775876	-0.208110255395661
-0.21271197490542	-0.461453478661214	-0.28750425479057	-0.458661414994175	-0.33623258298143	-0.213306690857733
-0.196477360731547	-0.457930605564356	-0.277573391056228	-0.458423337050763	-0.326883286037784	-0.213170096867879
-0.175420487301333	-0.443062498403454	-0.260659563998198	-0.446756841757775	-0.309497450977265	-0.207480636393247
-0.15019008755487	-0.41763648850695	-0.237273490251489	-0.424315760938375	-0.284771014340984	-0.196387421469232
-0.121254529602906	-0.381970112569598	-0.207735913419932	-0.391313889657427	-0.25306823430816	-0.179952740103886
-0.089297017456189	-0.336928982765833	-0.172785264548076	-0.348548568602184	-0.215131629013882	-0.158637575328468
-0.0550882526297966	-0.283607546676956	-0.13336497847382	-0.297095905671833	-0.1718621327195	-0.133116182248497
-0.0194716531064897	-0.223311509135723	-0.0905658060600918	-0.238293661418362	-0.124305581674858	-0.104206480692476
0.0166456067569363	-0.157687434318113	-0.0456184816756418	-0.17386664306595	-0.0737142850270708	-0.0728648152331839
0.0523644874732681	-0.0881684765235627	0.00038375933838963	-0.105322743435712	-0.0212334772364564	-0.0398787997921134
0.0867817369104749	-0.0164661826151741	0.0463183402539814	-0.0344433372471338	0.0318480798753705	-0.00607961599174704
0.119033696941496	0.0556257929602278	0.09111833193913	0.0369472738112176	0.0842184372760639	0.0277346155513865
0.148324076595752	0.126285348979024	0.13377550306008	0.107052505270145	0.13458192840122	0.0607860555985171
0.174046037992234	0.193810738581056	0.173423048921332	0.174241666313241	0.181790472456431	0.0923446493788961
0.195457654953935	0.256386739321257	0.209021026569102	0.236842009912518	0.224560866832233	0.121582402237831
0.212038790214325	0.312444196936449	0.23967384748541	0.293426790724024	0.261825427993268	0.147738454969566
0.223400909993158	0.360623644001463	0.264565206436143	0.342752821822011	0.292664761209765	0.170117267438403
0.229291012577417	0.399807847970308	0.282995684458886	0.38375827767978	0.316325468480802	0.188136724514215
0.229746678421171	0.429414623293782	0.294614470246442	0.415824764719462	0.332447598456973	0.201499037750308
0.224567606594122	0.448454093759449	0.298820145824287	0.437861562917923	0.340344178532083	0.209771830308999
0.21385230778856	0.456486302985028	0.295441517465845	0.449252027911293	0.339758127620842	0.212833981507954
0.197849426401225	0.453349452976863	0.284568721132124	0.449623257645147	0.330669225794482	0.210724028624351
0.176956793116297	0.439156649914497	0.266544629292033	0.438883389774339	0.313305220602167	0.203600541386612
0.151829642308147	0.414591354071751	0.242107626369436	0.417552747338464	0.288349242791633	0.191841466510013
0.122958828654896	0.379850798509909	0.21174588147226	0.385735539556395	0.256203840721339	0.175533567042359
0.0910562151941151	0.335692116133384	0.176257298424465	0.344167113972823	0.217691157521567	0.154958637467214
0.056914659020703	0.283124921019962	0.136540802004568	0.293892212148827	0.173812973731437	0.13047637105295
0.0213830596330315	0.223398661943172	0.0935715130995229	0.2362226679611	0.125711241641198	0.102558107771107
-0.0146471783260995	0.158130429376937	0.0484451802554836	0.172838453797698	0.0747062150677988	0.0718859183346511
-0.0503080869957005	0.0887416012907607	0.00215774282339576	0.105167598284609	0.0219709220249817	0.039115969539731
-0.0847345887051186	0.0169454050423925	-0.0441937080316173	0.0348863126493827	-0.0312186384958755	0.00510818864279208
-0.117094391634219	-0.0554544547813109	-0.0894860768376926	-0.0362875228347891	-0.0835909545500896	-0.0291885747898704
-0.146604384201222	-0.126618499227479	-0.132594510827089	-0.106629701336561	-0.133898922041573	-0.062798309552941
-0.172649070966034	-0.194818979307682	-0.172518964029143	-0.174514622377414	-0.181033369361843	-0.0948261154755668
-0.194453008919899	-0.258203476177584	-0.208117025521805	-0.238192052225828	-0.223725138622201	-0.124370730381218
-0.211453467333405	-0.315153455641285	-0.238463585684078	-0.296078795443219	-0.260899029598929	-0.150702173659032
-0.223221728401685	-0.364248708750989	-0.262801363456184	-0.346726072371684	-0.291616048386646	-0.173229699963899
-0.229478711781559	-0.404302780969273	-0.280566209641308	-0.388861968759614	-0.315107396568478	-0.191489412211295
-0.230257312361494	-0.434659454120133	-0.291585751160146	-0.421697684115688	-0.331018771129355	-0.205252699111347
-0.225366738583766	-0.454257640875322	-0.295418296905021	-0.444057388347367	-0.338691817476334	-0.214059990671318
-0.214925750713836	-0.462591975641437	-0.292000135715404	-0.455328237492103	-0.337923265658189	-0.217669217064043
-0.199200201337725	-0.459448768971444	-0.281444085050223	-0.455222713695706	-0.328756210481544	-0.215941532275374
-0.178591822466003	-0.444910780369414	-0.264027479261433	-0.443785810220624	-0.311471277001422	-0.208866011463079
-0.153742225970876	-0.419660441380174	-0.240360323204788	-0.421683972819133	-0.286776474993018	-0.196726489123162
-0.125115831540663	-0.383934119714756	-0.21076848627772	-0.38914974451258	-0.255055718443879	-0.179625945961174
-0.0933969793660996	-0.338569569251482	-0.175909590319509	-0.346996408737112	-0.217074802069911	-0.157981369992621
-0.0593630837735923	-0.284696169949222	-0.1365969636068	-0.296293467557222	-0.173753228520452	-0.13236656047394
-0.0238700211059859	-0.22371013791864	-0.0937913380222515	-0.238335453862691	-0.126145894177351	-0.103480877161632
0.0121592473161175	-0.157381185137639	-0.0486388249733916	-0.174763381472992	-0.0755038911983479	-0.07218009582311
0.0478067080494005	-0.0872618250093777	-0.00222432442892728	-0.106968495770656	-0.022964681026933	-0.0391900942770794
0.0821543348953692	-0.0151488616540668	0.0442625271224957	-0.0366055316959519	0.0301903281006726	-0.0053251407710834
0.114331933421726	0.0571384734490771	0.0896353516638819	0.0346098057036133	0.0826495628080918	0.0286018502485191
0.143548011603532	0.127819698551925	0.132754644801996	0.104943231712298	0.13310634389569	0.0617890109071216
0.169214563322237	0.195290030368315	0.17265555417114	0.172760563370099	0.180391419330403	0.093495954340437
0.190610221442952	0.257857521751274	0.208259224721765	0.23631473572399	0.223191180944233	0.122909635478003
0.207240182271191	0.314064854647074	0.238706441436986	0.294045389715291	0.260410701650879	0.149308708434539
0.218736720048633	0.362617552028842	0.263277023120534	0.344543976384811	0.291116016688537	0.172045564115934
0.224857801238947	0.402392899607958	0.281394911575529	0.386586603580535	0.314560382378115	0.190569889515715
0.225642103703839	0.432729031122708	0.292823133811078	0.419429545359771	0.330417149107674	0.204577462873237
0.220875274599662	0.452495445893023	0.297020419501292	0.441918325852662	0.338050139098599	0.21357275603031
0.210639773952255	0.461086324045727	0.293816073860997	0.453439740026008	0.337267000825049	0.217322341515375
0.195170322262155	0.458189853141774	0.283243050345945	0.453682606763766	0.328110465181182	0.215724804179412
0.174858112164671	0.44382415458654	0.265553581495565	0.442651801142479	0.310854493882033	0.20880687960034
0.150361719674223	0.418657808450854	0.241398553116008	0.420968911087538	0.28620112848529	0.196864207911003
0.122178841920118	0.382962686443906	0.211207626852292	0.388818328868414	0.254534013308546	0.179974778574733
0.091030303285353	0.337641196806937	0.175775979412347	0.346973688680446	0.216626006930221	0.158504729810922
0.0577105778867457	0.283885969383299	0.136054856200862	0.296472198484749	0.173407553816514	0.132979371577704
0.0230563444447077	0.223124621327433	0.0931086862314863	0.238581695833948	0.125942067091101	0.10408497582956
-0.0120698337032812	0.15710721870928	0.0481287778584221	0.174921149220547	0.0754807082871117	0.0727216968992883
-0.0468412169256312	0.0873155200901758	0.00217892014334066	0.106864305453749	0.0231483458590211	0.0397162191991046
-0.0804385092622789	0.015442970819169	-0.0436277598956582	0.0360601887409156	-0.0297962217893757	0.0060124171286553
-0.112069356419135	-0.0567938416752167	-0.0882124021219322	-0.0357617052687668	-0.0820682473527513	-0.0274646735160475
-0.140975330974013	-0.127680294074018	-0.130543980106562	-0.106826292550151	-0.132383590253873	-0.0598671931346431
-0.166546739833917	-0.195613492446816	-0.16974193407191	-0.17542661884355	-0.179584433034615	-0.0905054279578609
-0.187991921219771	-0.258832485751095	-0.204769695803663	-0.239723421548249	-0.22235117199004	-0.118720170840321
-0.204721485924406	-0.315753359272935	-0.234771999418425	-0.298050666416999	-0.259569624759758	-0.144008457551383
-0.216280599991602	-0.364930374023961	-0.259006951344654	-0.348902324500584	-0.290279482777699	-0.165948544727465
-0.222376786111682	-0.405106262941732	-0.276871724216596	-0.390985980823107	-0.313709861675744	-0.184158083813029
-0.223052758386033	-0.435536831809155	-0.288120538637017	-0.423528500391856	-0.329522284042733	-0.19839070354477
-0.218143744405117	-0.455089159407112	-0.292219898426076	-0.445411828143387	-0.337079258316306	-0.208088054203837
-0.207810803763061	-0.463228211792925	-0.289033634087652	-0.45609915975938	-0.336202072721095	-0.212846945490677
-0.192363064623015	-0.459765607937836	-0.278638876106763	-0.455385436318977	-0.326954243889253	-0.212344042783567
-0.172230867942272	-0.444858851034322	-0.261320807164757	-0.44338956005022	-0.309628986026823	-0.206398156509778
-0.148059288644919	-0.419291784593351	-0.237734595341335	-0.420830193409919	-0.284939900119013	-0.195166629742863
-0.120276749503789	-0.383399874836601	-0.208262468748656	-0.387970052291172	-0.253265067095485	-0.178693012927385
-0.0895037231752285	-0.338082615081839	-0.173611912496545	-0.345625482763814	-0.215361562630642	-0.15739964531131
-0.0564366021764707	-0.284473121016811	-0.134617533068072	-0.294849996010995	-0.172138448946828	-0.131921474811648
-0.0218516438915678	-0.223908574224182	-0.0922226875229775	-0.236913688244258	-0.124640522551714	-0.10305352385373
0.0133868929970054	-0.158050046223485	-0.0475210514296832	-0.173436499355133	-0.0741109040386551	-0.0717550218334775
0.0483882771201929	-0.0883238274414492	-0.0015237505554635	-0.105802557038183	-0.0216783813706694	-0.0388394498434497
0.0822240323295298	-0.016414119878211	0.0446509790517732	-0.0356781980620105	0.031382016760511	-0.00517242684051825
0.113984271128045	0.0559256731635953	0.0898644718270715	0.0351921481358871	0.0837637023188804	0.0284254578242093
0.142825069006505	0.1269153367324	0.13298649283296	0.105037075756833	0.134162925801662	0.0611848344340985
0.16811437954481	0.194885268054252	0.173020292316757	0.17219050476918	0.181410381596327	0.0924232140919596
0.189109969817357	0.258029062594579	0.208821142767603	0.234895148326354	0.224187204502124	0.121397113456614
0.205329812703134	0.314759926045154	0.239449823685146	0.291613425392142	0.261387395923519	0.147442479717931
0.216449302921388	0.363672724990409	0.264113302244894	0.340997954489088	0.292060367481813	0.169944256381511
0.222285498519829	0.403581238863737	0.28218852341752	0.381919487933896	0.315438901795189	0.188354889965682
0.222932659894799	0.433821042737529	0.293427777421505	0.413747199574103	0.331176302516712	0.202344790939501
0.218200208269397	0.45331557155108	0.297314735818595	0.435436973356377	0.338616464336958	0.211387248294247
0.208153149203721	0.461549609516095	0.293727926408176	0.446459078626047	0.337554705496498	0.215216323392447
0.192964753406014	0.458309030896143	0.282757590507651	0.446540410902852	0.328031310974196	0.213711996952429
0.172933725712972	0.443687406596458	0.264704216754423	0.435670050980106	0.310329509645047	0.206901266403557
0.148621693348427	0.418386600268441	0.240246941858671	0.414404416495597	0.285173554044375	0.195093260527239
0.120445866113244	0.382663399771522	0.20981476113457	0.382830674185748	0.252976230606631	0.178384812981076
0.0890933907372461	0.337367045711003	0.174183627572562	0.341617954819171	0.214546920368888	0.157146274156906
0.0553817002653636	0.283621123371992	0.13427714161968	0.29171705048427	0.170854571713548	0.131880969266379
0.020221778576344	0.222794283176964	0.0911380546617254	0.234346398395464	0.122998436281025	0.103223081135626
-0.0154182502125203	0.156607086663654	0.0459546534671752	0.171118389454495	0.072259353321322	0.0719982940359881
-0.0506098703919665	0.0865560973850793	-0.000189322468637045	0.103440415541158	0.0197793087873544	0.0389582416252807
-0.0844631257257667	0.0143817852373892	-0.0461379702384912	0.0330135062632979	-0.0331772299221463	0.00499425176557977
-0.116168213958262	-0.058136004645113	-0.0907569261760891	-0.0383845124735914	-0.0853327628460977	-0.028973691779728
-0.14500606773547	-0.129227025770034	-0.132961195066131	-0.108954639468239	-0.135422089912601	-0.0620415884350909
-0.170447773272802	-0.197263362555977	-0.171832661787228	-0.177003544622238	-0.1823146514039	-0.0934068171392933
-0.19179296291864	-0.260495338341366	-0.206325185196363	-0.240736007163581	-0.22472385124728	-0.122256312322449
-0.208519114161549	-0.317389314753038	-0.235606633114187	-0.298552499731366	-0.26156714224966	-0.147933072937228
-0.220185767337807	-0.366570124938381	-0.258988723949448	-0.349012460127945	-0.291909986232946	-0.169899192459977
-0.226451371594665	-0.406845695597212	-0.27594395418227	-0.390865538555329	-0.314997235686603	-0.187727269709805
-0.227257237293666	-0.437505431099953	-0.286311392257776	-0.423342201066764	-0.33049449346316	-0.201214491250487
-0.222314412816671	-0.45740150027609	-0.289636517759832	-0.445284694042497	-0.337754320305225	-0.209925107475637
-0.211677714805206	-0.465931796376001	-0.285846693838899	-0.456084557943105	-0.336579008046669	-0.213633925112696
-0.195605383773559	-0.462802646840271	-0.275058847371848	-0.455452872448395	-0.327008407526199	-0.212206686375221
-0.174553905406923	-0.448054872640177	-0.257571035671387	-0.443436243099745	-0.309313775407393	-0.205615793059718
-0.149270415398808	-0.422374563895824	-0.234027567269812	-0.420710949171236	-0.28419668213729	-0.194097521524159
-0.120330998792608	-0.386053179560903	-0.20477276428591	-0.387541242808791	-0.252032209635624	-0.177687165687808
-0.08851002887677	-0.340008310211934	-0.170463734801241	-0.344780368895111	-0.213592196465693	-0.15671178862528
-0.0546171252347045	-0.285453240425613	-0.13187770164228	-0.293540201474855	-0.169815847493032	-0.131652669480613
-0.0194676439217262	-0.223848319745241	-0.0899020131098204	-0.23514936907737	-0.121789502019878	-0.103133488583064
0.0161174958760661	-0.156988505967826	-0.0455856601579975	-0.171264711031448	-0.0708039485095147	-0.071966201184062
0.0513584184396242	-0.0864174347585133	9.21809477472693e-05	-0.103280276867719	-0.0180289829647732	-0.0388788677587616
0.0854594729461512	-0.0138886192498807	0.0460214046777743	-0.032839190231236	0.0352288979170928	-0.00472564797954904
0.117615730316507	0.058833549803015	0.0910480742831642	0.0383563901572801	0.0876483722251563	0.0296124520241066
0.147016717793693	0.130010700791479	0.134006773110447	0.108576517882062	0.137930359048777	0.0632540472664622
0.172969812506972	0.198048486436603	0.173853585846863	0.176175607723369	0.184927815893886	0.0953857358061618
0.194592396919054	0.261217387161034	0.209399121519163	0.239380129520287	0.227359707649095	0.12513577919134
0.211215971782713	0.317984964025011	0.239673512544621	0.296598504974658	0.264163787430151	0.151747994955645
0.222340815652722	0.366959532700445	0.263879009224338	0.346401508740777	0.294431487615033	0.174560745442596
0.227676590459576	0.406924945631291	0.281419253451356	0.387570482194396	0.317428188800752	0.193025151160657
0.227316359194156	0.437157226127644	0.29210478958677	0.419400668852684	0.332825235742815	0.206848795431801
0.221183289560497	0.456511712804934	0.295488294812869	0.440813113690732	0.33996695588072	0.215554430424381
0.209545216928706	0.464425652489576	0.29152109044119	0.45128868689659	0.338634326423492	0.218935763797534
0.192815426732813	0.460677703315079	0.280348023546389	0.450608809246406	0.328843141156166	0.216927677351216
0.171507136179417	0.445401897165471	0.262290380758436	0.438846432360129	0.310849014181225	0.209600902697771
0.14631711914616	0.4193795245541	0.238008903057053	0.416648207583847	0.285354049240834	0.197295491425401
0.117686554434836	0.38296425160714	0.207870648650741	0.384180504482837	0.252756757578016	0.180124043506113
0.0862213536343556	0.337091258788041	0.172567083964572	0.342160261665003	0.213867794392664	0.158460717403672
0.0525856635477377	0.282932916354224	0.13293273619844	0.291551657765337	0.169672154965936	0.132800386861748
0.0175184987812585	0.22185465342504	0.0899379346049344	0.233559333295405	0.121297026969384	0.103757052971144
-0.0181452851660346	0.155523590680321	0.0447330047201639	0.169770214617266	0.070059366164248	0.0721253850578031
-0.0535378214391641	0.085351044444079	-0.00160031698463948	0.101573941202764	0.0171336019513642	0.0386225117415897
-0.087736452128613	0.0129908952715074	-0.0478708265642058	0.0306750262572588	-0.0361875673075407	0.00410616451316452
-0.119823628791292	-0.0598323836329141	-0.0928869381986679	-0.0411187728804589	-0.0886082461226559	-0.0305262419339903
-0.148936858310888	-0.131347992320291	-0.135503009307895	-0.111958415830124	-0.13885630622117	-0.0643729955036223
-0.174414559398244	-0.199864295533501	-0.174753073975887	-0.180096044044566	-0.185803400136502	-0.0966076953190874
-0.19548522474332	-0.263512902676114	-0.209569857365692	-0.24369821988667	-0.228176398433821	-0.126364125762931
-0.211630566084966	-0.320620000496625	-0.239124074957319	-0.301159676466285	-0.264908935864856	-0.152910325338764
-0.222489408549878	-0.369687692180771	-0.262746129535609	-0.351075878660254	-0.295083018022621	-0.175622173354392
-0.227848461886925	-0.409457423263153	-0.279927874514058	-0.392270809496264	-0.317957707962551	-0.193989489583783
-0.227785666243518	-0.43923690223944	-0.290511640067466	-0.424073760437796	-0.333208071713072	-0.207745457542507
-0.222121626152861	-0.45797858645668	-0.294023935286702	-0.445421244174957	-0.340195429124093	-0.216418546136149
-0.210961604597661	-0.465252290693098	-0.290346232303255	-0.455776171159652	-0.338726974687662	-0.219784349258277
-0.194549922695902	-0.460968138110433	-0.279533535441876	-0.454878644477926	-0.328845769251604	-0.217744350216845
-0.173278735679019	-0.445355314151049	-0.261823472458065	-0.442756404518464	-0.310825183595943	-0.210335149261779
-0.147808563885486	-0.419230939341029	-0.237820832436874	-0.420029548042451	-0.285366994069025	-0.197877528807649
-0.118639995103535	-0.38292165151004	-0.207868745802202	-0.38688336977585	-0.252846876722064	-0.180493676690923
-0.0865064502889079	-0.337286931686212	-0.172665836501876	-0.344102929983954	-0.214033953438435	-0.15859735826235
-0.0522218718029137	-0.283403812337098	-0.133068011873224	-0.292765391556329	-0.169862594069536	-0.132745825061905
-0.0166442897657577	-0.22255546603358	-0.0900614034904329	-0.234212851528767	-0.121413496731957	-0.103621742152086
0.0193432621537523	-0.156365717749155	-0.044790814626797	-0.170164629058873	-0.0699743650054442	-0.0720745019957075
0.0549093649964681	-0.0862528045855008	0.00169535766928123	-0.102106793776067	-0.0167143975188276	-0.0388440254408155
0.0892341666114501	-0.0139199735845897	0.0482590235408005	-0.0317808472255332	0.0370524212912346	-0.00476965563584502
0.121526778902446	0.0588389449518701	0.0937625894672472	0.0390385444789984	0.089988308470753	0.0293093711174468
0.151023979650244	0.13019379838073	0.137090944352632	0.108600726377738	0.140769121945592	0.0625769763231113
0.177094072343159	0.19842955719916	0.177262563692647	0.17530390768119	0.188215265526453	0.0942994304237025
0.19891253893474	0.261708545157901	0.213142501255749	0.237479914085236	0.231015652936192	0.123692093283596
0.215836506737425	0.318435654106198	0.243782196637233	0.293682537703334	0.268080872205295	0.150073261981461
0.227349668979075	0.367220200426004	0.268363153006679	0.342636206949551	0.298484561954661	0.172830272852607
0.233104050717908	0.406907928548232	0.286229952820326	0.383249376864861	0.321486924276916	0.191427245950337
0.233106074442058	0.436875369655676	0.297110011884394	0.41488930463138	0.336765784904812	0.205543338976341
0.227191756201697	0.456083761321605	0.300482652847469	0.436479476363146	0.343686371688518	0.214645642264163
0.215556067726048	0.46404599114336	0.296251941281788	0.447436744828905	0.342055437746205	0.218449781785657
0.19857342122326	0.460560543038662	0.284561817153372	0.447430282621751	0.331915049311731	0.216812921749176
0.176759012596456	0.445717296740094	0.265783417709413	0.43640142987107	0.313542337148735	0.209748776814658
0.15084695453857	0.420201418514735	0.240666359972623	0.414876450181916	0.287651907804586	0.197574945812091
0.12134111266982	0.384245566201016	0.209687387847706	0.382940085296886	0.25464820444824	0.180426316951421
0.0889128797923381	0.338675390825431	0.173636147111073	0.341277770090747	0.215339851874804	0.15873335470981
0.0542811061794554	0.284597379314645	0.133410706317803	0.290871782310658	0.170706590396357	0.133066750499335
0.0182200549840877	0.223373919926932	0.0899965318356091	0.232980674666477	0.121871421879801	0.104114403934784
-0.0184200103967021	0.156732563743494	0.0445117667683493	0.169259099565308	0.0701517289962421	0.0727217243136691
-0.0547687108436352	0.0861876835430217	-0.00202589633928368	0.101158058996242	0.0167285157192244	0.0396205547683788
-0.0899044763058107	0.0135077746386187	-0.0484972592653078	0.0304180058227037	-0.0370936484261563	0.0056421680381567
-0.122904687077536	-0.0594932460940122	-0.0937646709455599	-0.0411492243094013	-0.0900035770805026	-0.028375812766806
-0.152890568040631	-0.131009251220913	-0.136699607017449	-0.111718887326007	-0.140713146746217	-0.061608744311362
-0.179173334486343	-0.199378394737637	-0.17631010579106	-0.179582798904456	-0.188078882139696	-0.0933045414569326
-0.200951501873965	-0.262824620684083	-0.211470460490571	-0.242950690616078	-0.23081669878311	-0.122653476463412
-0.217680208555887	-0.319797332026476	-0.241279394186433	-0.300246320673878	-0.267851394580457	-0.148951047494796
-0.228982549982369	-0.368916061535314	-0.265006965114773	-0.350072068703011	-0.298257071599267	-0.171572392267904
-0.234642812950478	-0.40899555006313	-0.28211730953697	-0.391235657333014	-0.321284153116788	-0.189987340632656
-0.234744719154947	-0.43934420812923	-0.292467258588106	-0.423030689000361	-0.336596589777855	-0.203902060074541
-0.229122292416231	-0.45883835651388	-0.295637866410103	-0.444358787213844	-0.343546769689425	-0.212828134778969
-0.21788626993256	-0.466906488666839	-0.291587284969433	-0.45465158902115	-0.341935362030143	-0.216536277927412
-0.201274302879024	-0.463286225844324	-0.280446019322834	-0.453633697187092	-0.331805966966173	-0.214934218298434
-0.179659463808727	-0.448046547496343	-0.262503433304474	-0.441337217582757	-0.313443191243546	-0.208065530543797
-0.153676437831917	-0.421897214580455	-0.238376854318142	-0.418401534367686	-0.287571019178121	-0.196243411223509
-0.123809529906762	-0.385143574342249	-0.208386621176504	-0.385049197168375	-0.254601960112098	-0.179557334904615
-0.0907953290311136	-0.338713713170953	-0.173180852203485	-0.342099601624288	-0.215347311257312	-0.158355462940443
-0.0554820571811537	-0.283828525964517	-0.133558892091748	-0.290655419797819	-0.17078251036385	-0.133103963559676
-0.0187956047442265	-0.221955511042058	-0.090465709821392	-0.232069443769699	-0.122019450495357	-0.104387447533974
0.0182882526644042	-0.154898070547912	-0.0450342483779157	-0.168053697893066	-0.0703584391522908	-0.0729760412915898
0.0548347410385624	-0.0842099896643313	0.00166315119129251	-0.100078998984992	-0.0169629255843587	-0.0395778794543199
0.0899360335242037	-0.011655240796471	0.0484418685582986	-0.0298632727425328	0.0368809019218856	-0.00506459114351952
0.122748763906254	0.0609933275735705	0.0941128464647799	0.0408404947008978	0.0898775476238858	0.0296244219601942
0.152506077552699	0.131993752275428	0.137525474623661	0.110294254034521	0.140749503949788	0.0635203629490157
0.178622451205506	0.199755515518586	0.177693995973365	0.176896518343729	0.188356784786716	0.0957162916808565
0.200355939490036	0.262560628365352	0.213514627974428	0.238962749714379	0.231409313877861	0.125274188582726
0.217161468760397	0.318896786523438	0.244097173600657	0.295021324116528	0.268816126818776	0.151420231320868
0.22860784782486	0.367398133404493	0.26868913729891	0.343767563190051	0.299625608971798	0.173537853441194
0.234396382024022	0.406876595329985	0.28668584614401	0.384085125716554	0.323054485505037	0.191182004330143
0.234533930341289	0.436635101348935	0.297829854570099	0.415329452105095	0.338728089554716	0.204198538484971
0.228814016987891	0.455550999737175	0.301578380201812	0.436427232026809	0.345964620540724	0.212262528734049
0.217361992577341	0.463078594170689	0.297776660849527	0.446818712887771	0.344538330617399	0.215286747762278
0.200481145753878	0.459007695763057	0.286492286354975	0.446214187614451	0.334480526606641	0.213266104796185
0.178639894892004	0.443478088694381	0.268025849108551	0.434608400628736	0.316080494551627	0.206257840600906
0.152566454665363	0.417272517563098	0.243080368914939	0.412585280993744	0.290081730796129	0.194516711405812
0.122807351188109	0.380741703968115	0.212130703803831	0.380280703470412	0.256930612196312	0.178028463778866
0.090110682781478	0.33481585801696	0.175997482763556	0.338416442782913	0.217475168014604	0.157023886210169
0.0552825138411478	0.280659865376472	0.135630236823435	0.287989350210188	0.172723295909085	0.131876554197147
0.0191661314428436	0.219629294684033	0.0920639829386024	0.230248071247295	0.123808456103428	0.103130643140054
-0.0173628392564814	0.153379445673175	0.0464412075818385	0.166813870552796	0.0720375595220065	0.0715769311577404
-0.0534579078886402	0.0833093754886222	-0.000228354459990078	0.0990909341720722	0.0185705277317153	0.0379936600468783
-0.0882703353315992	0.0110616135407016	-0.0468707143448238	0.0287654455803513	-0.035318516654511	0.00334317931983945
-0.120976372396424	-0.0616481186946915	-0.0924140787110007	-0.042400739651968	-0.0883469120015775	-0.0313592291284918
-0.150791764823876	-0.133054146630462	-0.135791877349377	-0.112619269971271	-0.139244720308266	-0.0651141222599325
-0.177089096609994	-0.201465870472999	-0.176044186058033	-0.180201357785783	-0.186872427941039	-0.0970440979859773
-0.199071251645879	-0.265014161258023	-0.212027912198434	-0.243350418455058	-0.229930544327668	-0.126293723477635
-0.216142605443374	-0.322023924802801	-0.242770987559306	-0.30047054884861	-0.267318277840046	-0.152199962265575
-0.227833890144426	-0.370996794317386	-0.267430616633477	-0.350136968559221	-0.298079602171848	-0.17424745305632
-0.233824236791997	-0.410674950539895	-0.285341329857527	-0.391132443333492	-0.321438540630579	-0.192046040886853
-0.234114498369646	-0.440366656865764	-0.296244327432029	-0.422738558915333	-0.33704330292249	-0.205429065890479
-0.228501819362193	-0.459023736153814	-0.299651734439184	-0.443854968560504	-0.344244552666793	-0.213980834910434
-0.217125605994536	-0.466212236548574	-0.29551370292991	-0.453930048504168	-0.342855342777568	-0.217475816748139
-0.200310255553707	-0.461832964520582	-0.284015834817651	-0.452716206332214	-0.332940460671796	-0.215759142042315
-0.178549696571309	-0.446099797640917	-0.265550324797114	-0.440275722841553	-0.314806758660243	-0.208771511632818
-0.15259667969651	-0.419809557605119	-0.240856199410941	-0.417271682417616	-0.289192573341787	-0.196722141493483
-0.123018710021739	-0.383270166707651	-0.210369449404613	-0.383932384898263	-0.256512802649594	-0.179636046968155
-0.0905690300508508	-0.337327237088755	-0.174816189597115	-0.341065252115365	-0.217564887275278	-0.157864420023704
-0.0560377047677417	-0.283053554896883	-0.135024117976267	-0.289743509133291	-0.173296732465898	-0.131949523914235
-0.0202287554692386	-0.221739957618351	-0.0919181706563898	-0.231279477651563	-0.124785316698827	-0.102606672592133
0.0160406234315217	-0.155028500512427	-0.0465758407638038	-0.167342941868262	-0.0732956453000248	-0.0707542081951455
0.0519863274594369	-0.0843654378881003	-5.46106886882378e-06	-0.0993723724367411	-0.0199703561052004	-0.0372190620651045
0.0868119135334019	-0.0114843908187476	0.0466636659032914	-0.029069733588882	0.0339102354633305	-0.00292455345854541
0.119717810001005	0.0617918554714901	0.0922728570121802	0.0418075163394467	0.0870381328338151	0.0312264013779293
0.149904731307765	0.133608207738296	0.13567299118324	0.111498065386711	0.138108221467481	0.0643847551860994
0.176691696166456	0.202230102348904	0.175859575584001	0.178366104210557	0.18594700783384	0.0958174595661103
0.199197594884275	0.265797874223787	0.211699539980548	0.240685705118222	0.229228803824309	0.124765746057309
0.216737519310099	0.322694799775325	0.242284353041762	0.296951322767907	0.266840362902694	0.150593622233953
0.228770987066169	0.37150564294944	0.266864213653886	0.345837007405274	0.297825254124963	0.172741785720464
0.234943651859656	0.411050537903388	0.284860683402583	0.386220419517028	0.321413820844357	0.190726344421709
0.235269049112662	0.440686303936876	0.296059564288976	0.417464879841224	0.337259632483928	0.204273285539958
0.229595222710592	0.459366034026003	0.299959318248207	0.438511821722633	0.344712990490236	0.212882203954728
0.218132365453102	0.466619961769124	0.29643188248372	0.448818341536261	0.343576654489039	0.216296048548094
0.201269489746763	0.462294028246692	0.285542282941373	0.448107368840977	0.333896666757147	0.214391098454241
0.179535898222626	0.446554879568736	0.267555050554048	0.436379222077508	0.31595770701635	0.207190712425647
0.153679409985213	0.420184171508206	0.243111535861992	0.414217222490113	0.290478589315036	0.195011057819588
0.124221821894263	0.383514858941474	0.212612429025322	0.381754640645701	0.257867282069323	0.17796868132369
0.0918514785776618	0.337455146229998	0.176817457392227	0.339714015402392	0.21892793964657	0.15646211029
0.0572991639883062	0.283156943793217	0.136646426494306	0.289101319426296	0.174629314329964	0.131017655124869
0.0213398365899761	0.221978541346483	0.0931466929028084	0.231184611025916	0.126078926231302	0.102272796533405
-0.0151943041722354	0.155592050216969	0.0475128302915209	0.167612390128839	0.0745741826763436	0.0710269733338883
-0.0514615716373009	0.0854200637876176	0.000835115271771485	0.0998184664174043	0.0212857915540831	0.0379784030282332
-0.0865844439136908	0.0131222225618664	-0.0457288373795368	0.0295114792424325	-0.032490175211179	0.00394854944665372
-0.119686667831301	-0.0595852888734631	-0.0910454223859138	-0.0415392711623123	-0.0854451664295896	-0.0302076429308872
-0.149924893939164	-0.130958122166673	-0.134028591878605	-0.111557919725232	-0.136288193861512	-0.0636235880635382
-0.176625062894077	-0.199346373980797	-0.173752244931175	-0.178887924679802	-0.183871856228642	-0.0954893994343628
-0.198963330893359	-0.262930068146487	-0.2091499537077	-0.241777930225275	-0.226899064335023	-0.124935395065211
-0.216346935648535	-0.320077975301209	-0.2393571964874	-0.298680206454506	-0.264285808199843	-0.151208934809901
-0.228331530424276	-0.369315733812937	-0.263641826852162	-0.348208795262075	-0.295100024657051	-0.173659364077098
-0.234629852846726	-0.40938021839124	-0.28142505548751	-0.389165853182021	-0.318589385197736	-0.191757417375637
-0.235269771427603	-0.439544305945166	-0.292491299572792	-0.42082829915492	-0.334419148591277	-0.205235721703045
-0.23005029211383	-0.458700871343045	-0.296339015609814	-0.442069601255665	-0.34194201874197	-0.213643190404334
-0.219086127084742	-0.466349762348379	-0.292857976399507	-0.452298381966535	-0.340961030314825	-0.216793609905156
-0.202651137742458	-0.462336073275772	-0.282141224252995	-0.451228372530958	-0.331519605651009	-0.214631834604963
-0.181174595526223	-0.446844214440711	-0.264478804315267	-0.438898717375598	-0.313896516999506	-0.207227514229693
-0.155349157406971	-0.420676709142456	-0.240521092933146	-0.415975579955905	-0.28880093412723	-0.194910847187289
-0.125702644168688	-0.384180676971785	-0.21064276989169	-0.382717720927636	-0.256622356524794	-0.177783072151513
-0.0929880276362353	-0.338264433219354	-0.175545944330812	-0.339983784334951	-0.218140818517383	-0.15621101399114
-0.0580384792954294	-0.284069380586812	-0.136066983312101	-0.288904427859894	-0.174295124999135	-0.130691924806644
-0.0217387089250468	-0.222941646003305	-0.0931610379370306	-0.230837133527259	-0.126160088047414	-0.10185427410237
0.0149917024067018	-0.156549397348271	-0.0479425720339547	-0.167467342799655	-0.0750022512868786	-0.0705179429101088
0.0512674149159677	-0.0863286296326893	-0.00145387542926051	-0.10020993063121	-0.0219693181923387	-0.0374288817406485
0.0862145356679489	-0.0139687679995655	0.0451535390043464	-0.030703200446481	0.0316532903977397	-0.0034696092515665
0.118998316704015	0.0587740923978637	0.0907102093577602	0.0393878472458712	0.0845525413886177	0.0304523085864249
0.148835311563148	0.130116704658933	0.134062814999899	0.108403368228345	0.135418099623356	0.0634486933529689
0.17510917608118	0.19838372677059	0.17420341824676	0.174795136568752	0.183072184880886	0.0947341281120371
0.197035385633314	0.261746860562833	0.209988044684463	0.236888119571157	0.226180950229679	0.123515353981101
0.214039888409816	0.318587983555686	0.240492242656448	0.293180167792362	0.263625590638017	0.149153210923631
0.22568220483875	0.367460937718177	0.264948676991899	0.342300498002237	0.294447795763979	0.171123048567852
0.231676483063313	0.407136931136206	0.282767515496814	0.383045749848831	0.31788252602279	0.189001972607218
0.232061347254276	0.43692182144965	0.293738055945301	0.414683851613074	0.333597966895817	0.202577131859893
0.226661388173886	0.455730864769372	0.297379878966811	0.43606912913157	0.340963787700219	0.211387989844182
0.215628363051598	0.46308010982044	0.293605809689588	0.446602369472859	0.339810007828748	0.215166611362312
0.19927264795071	0.458827540045035	0.282533895367656	0.44599273914543	0.330211052710536	0.213723063314135
0.17804469712552	0.443172236914882	0.264482361119042	0.434268992628635	0.312474440160737	0.206972091258699
0.152632407386084	0.416936163398519	0.240133975364142	0.412071892870041	0.287330197541988	0.195109301167585
0.123527382846831	0.380486032622574	0.209908494859523	0.379602867386726	0.255179381474976	0.178157541036501
0.0914259513521452	0.33474470114755	0.17455754307523	0.337637701500343	0.216802561295766	0.156483703025423
0.0570987075793945	0.280852134631841	0.134967747474829	0.287203179723585	0.173130486722954	0.130664869732542
0.0213794906538814	0.220128914464106	0.0921364561499904	0.229547569859085	0.125224970990293	0.101468056341609
-0.0148383986519071	0.15419134525464	0.0472025196889012	0.166262121587795	0.0743382889282139	0.069872489274214
-0.0506676892761329	0.0844066143253164	0.00120849419681595	0.0987062052915304	0.0216071422950315	0.036759091335379
-0.0852120278238216	0.0123917489232157	-0.0447209810496359	0.0285148260220705	-0.0316902991238586	0.00308308627748896
-0.117609125506917	-0.0601529010471397	-0.0894671278469676	-0.0425914570188971	-0.0842448004385983	-0.0302586112375532
-0.147059844039442	-0.131465933710411	-0.131943082215939	-0.112844326730031	-0.134748720268167	-0.0624688717184129
-0.172955822690097	-0.199851500688784	-0.171213984506154	-0.180549570415121	-0.182029924447316	-0.0929086850943401
-0.194543563977156	-0.263421718438109	-0.206200295644301	-0.243877333172976	-0.224763272595738	-0.120941335867709
-0.211293869834368	-0.320476812588448	-0.236030327537318	-0.301182613227638	-0.261845500178832	-0.146054064990747
-0.222806902650126	-0.369490473755159	-0.259973116706674	-0.350986332326354	-0.292339187888928	-0.167784119876764
-0.228815145577541	-0.409179292323072	-0.277459174819863	-0.392024256304687	-0.315502401857566	-0.185693911682489
-0.2293431671601	-0.438835127175327	-0.288288501502062	-0.423547289062805	-0.331025810961802	-0.199492816298321
-0.224167406084763	-0.457406807477908	-0.291972664029194	-0.444450283259272	-0.338289591991534	-0.208608659171946
-0.213373370273422	-0.464475549956122	-0.288412164942426	-0.454198391546661	-0.33712477569377	-0.212672641816617
-0.197207973727406	-0.459974773866827	-0.277705411483606	-0.452579393306166	-0.327594614865078	-0.211439535889262
-0.176082419598619	-0.444163507011583	-0.260142738179866	-0.439702143773006	-0.309985466685031	-0.204831851277985
-0.150683377777524	-0.417886730759058	-0.236372055131123	-0.416277302369402	-0.285003072787279	-0.193106828560595
-0.121536099355496	-0.381494758196687	-0.206763202033324	-0.382580740967779	-0.253020805980514	-0.176379513953379
-0.0893926113693224	-0.335856974045747	-0.17201469076482	-0.3394551815043	-0.214800686321407	-0.155091133733407
-0.055077599016308	-0.282045560299556	-0.132959510104042	-0.287996366531293	-0.171265816390698	-0.129837750211002
-0.01945429145807	-0.221325712243868	-0.0905478375320283	-0.229526184576399	-0.123481407996441	-0.101328676316734
0.016593309477183	-0.155293369572553	-0.0458852577397492	-0.165710438355321	-0.0727111102490026	-0.0704141197653798
0.0522245033437012	-0.0853426097868324	1.52484282580597e-06	-0.0979790216657354	-0.0201033371902267	-0.0378104110273707
0.0866103558770795	-0.0131569772059578	0.0459823931008389	-0.0280155579091271	0.0330562381361686	-0.00432161665235967
0.118950595659275	0.0594772843591264	0.0909141344663912	0.0424469293710553	0.0854604283149568	0.0292397179491671
0.148476341142299	0.130723106357317	0.133671433204666	0.111676116760622	0.135814260873678	0.0620581942627081
0.174561381948562	0.198848689168264	0.173272984510993	0.178068709620287	0.182965542444924	0.093369055793856
0.19638682658774	0.261984965642445	0.208593814341165	0.239929511574038	0.225609787327708	0.122328503135244
0.21332800868915	0.318509424352221	0.23872033859381	0.295781534660475	0.262655989341061	0.148193619473378
0.224890017282012	0.367013197226743	0.262886853573515	0.344321249061816	0.293163975452591	0.170313314837615
0.230742644232543	0.406339506845152	0.280496963117836	0.384439883547937	0.316371195639316	0.18815864331747
0.230903101694575	0.435882178158982	0.291329153120066	0.415503977131291	0.331931979115573	0.201471774778358
0.225199072151275	0.454632762666912	0.29488414478458	0.436448239310958	0.339184246196935	0.209825524439354
0.213812127392474	0.462147878490602	0.291056726747753	0.446714654567184	0.337919946079139	0.213064957280881
0.197100150248157	0.458272520724885	0.279947820939625	0.446006282174301	0.328178505344646	0.211162325957299
0.1755659828057	0.443136457691924	0.261861174578064	0.43430273780444	0.310245924756369	0.204197150759592
0.149942763014422	0.417449453575441	0.237470563904651	0.412168145643392	0.284852986487814	0.192480980329524
0.12074228205346	0.381451915963688	0.207190266216845	0.379723752028194	0.252421038175234	0.176068611999071
0.0886555563773023	0.335958392712753	0.171776050218895	0.337683604547629	0.213771237984283	0.15525659568642
0.0544226970774043	0.282049836078586	0.132127887835432	0.287048907718882	0.169885004339968	0.130462947477006
0.0188303213720519	0.221055395157055	0.0892648294977937	0.229085118678429	0.121873264748749	0.102244554399939
-0.0172782632932241	0.154666974621724	0.0443532114890285	0.165436910894462	0.0710253863158999	0.0713705090339897
-0.0530590926816462	0.0843759970785923	-0.00153855782349384	0.0975401607879739	0.0184920257399221	0.0385663660616898
-0.0876376140305869	0.0119374224329858	-0.0472661197217421	0.0271050110238359	-0.0344571885388023	0.00472100867051345
-0.120147731832154	-0.0608353164496133	-0.0917042581510675	-0.0440944956949849	-0.0865424751467815	-0.02923128580174
-0.149762370236726	-0.132125120599797	-0.133777237001917	-0.11427276135556	-0.13649937908556	-0.0623649352431468
-0.175828008868194	-0.20025502444805	-0.172578787846806	-0.181759840464431	-0.183202840069322	-0.093856715267269
-0.197542505314343	-0.263423695025456	-0.207073091289121	-0.244780577929421	-0.225370638494965	-0.12287224351454
-0.214333700444551	-0.320063344915259	-0.236436736084464	-0.301763117123331	-0.261929500207474	-0.14873591909464
-0.225775071625695	-0.368786429158816	-0.25998173021335	-0.351298941142793	-0.291956846840708	-0.17088900281374
-0.23159369845548	-0.408414990767161	-0.277166171993991	-0.392173553143068	-0.31471161322856	-0.188878729356453
-0.231829680691802	-0.438284053088602	-0.28779478278353	-0.423657637127223	-0.329875462705904	-0.202475486788168
-0.226289484178129	-0.457305513693879	-0.291361857276749	-0.444626199057001	-0.336815888859766	-0.2112153764365
-0.21509551738822	-0.464959512437489	-0.287730518927651	-0.454500568639772	-0.335351806354893	-0.214858291684675
-0.19852922057997	-0.461040739580485	-0.276952137371598	-0.453013710711292	-0.325539017987438	-0.213274752672391
-0.177027073335856	-0.445670335815268	-0.259272766206854	-0.440225927588717	-0.307662740440702	-0.206465257835966
-0.151289719007845	-0.419593775693388	-0.235311580443843	-0.416820734023005	-0.28243402468878	-0.19471580083888
-0.12184271316674	-0.383124193006307	-0.205431364986067	-0.383070877832682	-0.250235196638527	-0.178115500883623
-0.0894325718349078	-0.337164581755392	-0.170350192159796	-0.339841123310207	-0.211840142811733	-0.157040735969105
-0.0548778519236163	-0.282877029070559	-0.130943441904532	-0.28826217420679	-0.168184912939977	-0.132000463134889
-0.0190406062801584	-0.221643990606536	-0.0882178031674407	-0.229688119183194	-0.120347699369684	-0.103615072033508
0.0171864807334096	-0.155171254282192	-0.0433385748699332	-0.16579936975255	-0.0696056565074069	-0.0726620726011539
0.0529500149552014	-0.0849247895273012	0.00262083754565952	-0.098012992058574	-0.0171160161820581	-0.0398162267057551
0.0874017644971105	-0.0126065573318141	0.0485032245760448	-0.0279734690131611	0.035828280174509	-0.00587589852066392
0.119722328008838	0.0600318144235152	0.093164622166792	0.042641717935044	0.0879175510265582	0.0283166069637102
0.149129448120218	0.131223815408542	0.13550558799063	0.112154529098191	0.137861245905447	0.0618878900520177
0.174992756723096	0.199316397684124	0.174591050046354	0.178994918443331	0.184519097560951	0.0939986100026427
0.196504203719007	0.262501415619402	0.20935803027078	0.241462878600578	0.226610432883752	0.123727589572107
0.213061426834862	0.319176320460838	0.238955096516029	0.298031898169253	0.263074242606209	0.150263930719852
0.224201734378885	0.36790533346935	0.262668967467718	0.347309515629151	0.293004690898747	0.172907835765918
0.22963317710044	0.407466491235836	0.279936955478687	0.388075748400449	0.315673406313985	0.191105621969102
0.229412113541927	0.437170252293047	0.290546725231721	0.419587983672374	0.330763310290785	0.204598251444968
0.223404282756365	0.455934468612087	0.293985929650143	0.440701612407995	0.337633005781332	0.212974413723755
0.211822480293314	0.463272733811427	0.290115074873421	0.450826791902528	0.336082057589423	0.216105104370926
0.19504582887732	0.45903183134832	0.278989492864503	0.449691013155041	0.326145086644812	0.213990794108863
0.17358539885437	0.443388412779235	0.260867247993541	0.437348317725682	0.30809303589223	0.206736753114013
0.148167335618683	0.417131712953141	0.236388116776081	0.414466898659511	0.282635935157078	0.194676658375811
0.119281132886827	0.380592970155664	0.205951335079654	0.381279062454715	0.250171426695325	0.17788918717494
0.087582898425573	0.334665847972304	0.170321732821553	0.33858590269958	0.211499880017343	0.156699396133984
0.0537698449965533	0.280479655385273	0.13043067488864	0.287433297580725	0.167587916591338	0.13156309390079
0.0185852820450787	0.219371748745777	0.0873437430930984	0.229082495535653	0.119539499074717	0.103083947864007
-0.0171614790887904	0.153004579292944	0.0422792351700989	0.165132973782152	0.0686463232768956	0.0720800905583963
-0.052644751995925	0.0828142168263057	-0.00365486190951449	0.0969556816781396	0.0160652553356949	0.0393175508766061
-0.0869848132070838	0.0104944701211706	-0.0492927108597831	0.0262010105642976	-0.0369217634291657	0.00570094118408061
-0.119287790025979	-0.0621889346959679	-0.0935128779196256	-0.0453876316172719	-0.089019938830855	-0.0278570385362541
-0.148682991441542	-0.133438403703133	-0.13526793792349	-0.116012182896013	-0.13894928329481	-0.060495546981292
-0.174469194481179	-0.201561086981499	-0.173695899209651	-0.183945749892901	-0.185569637662858	-0.0914936619975851
-0.195810885577076	-0.264713122213745	-0.207814241411177	-0.247331172470224	-0.227589536853612	-0.12014147781464
-0.212128250242739	-0.321265844255862	-0.236844183242942	-0.304508250574313	-0.263929820568325	-0.145881784522951
-0.223021921440792	-0.369772638953043	-0.260124338913143	-0.354002211401397	-0.293667934227899	-0.168238796353738
-0.228279935529702	-0.40901731325621	-0.277116143325915	-0.394575618341577	-0.316069667599409	-0.186781871266769
-0.228025154865449	-0.438330114079564	-0.287605302083992	-0.425526446193282	-0.330829758770541	-0.201228016693152
-0.222152185167991	-0.456662750762275	-0.291055213872078	-0.445808547490086	-0.337336971694723	-0.210993016722989
-0.21085093911941	-0.463568451482917	-0.287294815282294	-0.454946833548353	-0.335433813223002	-0.215666646896051
-0.194431628462117	-0.458935432000721	-0.276350369077137	-0.452777820643982	-0.325199929952047	-0.214936440330893
-0.173310724682953	-0.442978024313829	-0.258459647519168	-0.439439195939027	-0.30694085376981	-0.20864833507213
-0.148122399145745	-0.416512078443348	-0.234251077889291	-0.415646664456792	-0.281380283558368	-0.196998901034059
-0.119295710705846	-0.379884580341506	-0.204112111183884	-0.381662278796099	-0.248905071856845	-0.180075810879507
-0.0874729989815926	-0.333984767355342	-0.16878744301764	-0.338303148306458	-0.210281789629274	-0.158343948793209
-0.0533873122747435	-0.279919241791655	-0.129171168537249	-0.286639542397246	-0.166429886032151	-0.132471495152389
-0.0178541276773535	-0.218989103349808	-0.0862727839193536	-0.227978652599521	-0.118405474435562	-0.103272420672972
0.0182325945677286	-0.152815420696634	-0.0412432667484667	-0.163987899831289	-0.0674637600476778	-0.0717072262026069
0.0539770918324389	-0.0828014811796514	0.00487173371698195	-0.0961180714557671	-0.0147448451559707	-0.038583712957875
0.0884648415653373	-0.0106241318740784	0.0509433620942415	-0.0260839520872117	0.0384654150962982	-0.00475363376882815
0.120811232594816	0.06194589389024	0.0958428899200836	0.0443498723172298	0.0908518014349898	0.0289740520262367
0.150193254783882	0.133086613579915	0.138461403076647	0.113430588027056	0.141105584467578	0.0618322483029905
0.175977625386141	0.201073599537287	0.17782341114375	0.179554539014637	0.188057305916765	0.0931302898502662
0.197394884691865	0.264035799035214	0.212804851521803	0.241047136229398	0.23039436866867	0.122099206385666
0.213904880741391	0.32034259501015	0.24248124659745	0.296470446578809	0.267023158992995	0.148047754040808
0.225107794917752	0.368579275067837	0.266075729969457	0.344568190681737	0.297010889843464	0.170339772349049
0.230748779719053	0.407593602510704	0.282991616364571	0.384274658897643	0.31961175509743	0.188423369553336
0.230874735087259	0.436798214734752	0.293024434107639	0.414983817704808	0.334501377083959	0.201989040733077
0.225292182424376	0.455215271477114	0.295721309759552	0.435637134726218	0.341044898187682	0.210555132521648
0.214110278836613	0.46243385049947	0.291037113001634	0.445662630220932	0.339055627879285	0.213921237907493
0.197586327158916	0.458321326892979	0.279137597340033	0.444736140086499	0.328587666523916	0.212040200842163
0.176123934167664	0.443009535372262	0.26038055497218	0.432808457849063	0.309934471010926	0.205002877964438
0.150386840285503	0.417186071797369	0.235468198151375	0.410424170959853	0.283828208071023	0.193156263579455
0.120868528508877	0.38105200788858	0.204813197445498	0.377707527985709	0.250692515182824	0.176602368842565
0.0882957615557488	0.3353772022418	0.16913675105655	0.335396238042115	0.211351485436036	0.155676829817537
0.0534889060319552	0.281210646868019	0.129284094902055	0.284531558017102	0.166794836942209	0.130816298458699
0.0173374919257131	0.219877226137057	0.0862173373499156	0.226423862519932	0.118148535376947	0.102570870027645
-0.0192155202932424	0.15309849533293	0.0410641674273965	0.16275216495437	0.0667234035937847	0.0716815132508105
-0.0552558515212471	0.0824258162827069	-0.00511641767740913	0.0949680646982338	0.0136926646312761	0.0388401833027487
-0.0898810984234139	0.00968770579705721	-0.0511520639101518	0.024767977765427	-0.0396530966369578	0.00490972089972561
-0.122243157205336	-0.0632359316624113	-0.0958587419190324	-0.0461142286611057	-0.0920189536288054	-0.0291800772698332
-0.151570627045221	-0.134488116531853	-0.13808692721434	-0.11594963872467	-0.142133511873167	-0.062481253841559
-0.177285481280491	-0.202389356530402	-0.176860559786529	-0.183126499121913	-0.188871375342977	-0.094126285029246
-0.198670231427607	-0.265173590714935	-0.21110665245888	-0.245911313957987	-0.23096103701992	-0.123228060321463
-0.215223419954575	-0.32133102190134	-0.240003281283329	-0.302746247547179	-0.267341412155826	-0.149067099777667
-0.226565919868934	-0.369535993236325	-0.262907141403932	-0.352204179821398	-0.297101671238701	-0.171066031159892
-0.232443429992013	-0.408657298024242	-0.279354539975768	-0.393024307260689	-0.319509241343665	-0.188787197234342
-0.232883205474573	-0.438048342269102	-0.289240907470486	-0.424415669943248	-0.334247699503885	-0.202046768213237
-0.227658517206105	-0.456617363359892	-0.292147581374937	-0.445196803214012	-0.340688715788134	-0.210446653337465
-0.216835361872749	-0.463823139476595	-0.287993394574674	-0.454751607677508	-0.338651644093495	-0.213810389007911
-0.200625108042408	-0.459440975872591	-0.276844519089832	-0.452806776295269	-0.328194762519576	-0.212051630227229
-0.17938954686235	-0.443591117249294	-0.258920942738581	-0.439449732970203	-0.309610701832414	-0.205180929338341
-0.153759330375854	-0.417044204763286	-0.234784699224966	-0.415415502327375	-0.283622704862373	-0.193458638788902
-0.124213343170033	-0.380163402722622	-0.204735560709712	-0.38104434358513	-0.250635957732957	-0.17692587407326
-0.0914799287916665	-0.333907994448149	-0.169436402925659	-0.337261888082922	-0.211448489703664	-0.155902351536158
-0.0563981805950724	-0.279483009694441	-0.129733784852009	-0.28524075725646	-0.167020898464939	-0.130852358871115
-0.0198906712670427	-0.218282477590092	-0.0866391996196983	-0.226351237032882	-0.118453251202242	-0.102377845621355
0.0170572179487339	-0.151983952977208	-0.0413525819538551	-0.162265107026528	-0.0670391457493029	-0.0712679766714789
0.0534852360264457	-0.081994397239767	0.00499976298446416	-0.0943807592090024	-0.0139485692498212	-0.0382326393247609
0.0884484052004262	-0.00994304406872703	0.0512088263074034	-0.0243229863530244	0.0395190859426314	-0.00411256954635352
0.121065148181008	0.0624783972906087	0.0960948518699884	0.0462377068967149	0.0920508099405404	0.030217857253282
0.150544111246124	0.133527779512967	0.138547800063306	0.115611453375864	0.142353455726516	0.063876165591506
0.176302851836625	0.201530906639579	0.177645663560403	0.18220141350499	0.189281838575652	0.0960396445771721
0.197636018298275	0.264616396759127	0.212358972378074	0.244272994443756	0.231551541179463	0.125819736646334
0.214067972023198	0.321101120995927	0.241872088460782	0.30027714850798	0.268096325570136	0.152437223620508
0.2252546610277	0.369481275318643	0.265497598125102	0.34882427537532	0.298006276480225	0.17520470477023
0.230980283184669	0.408508101220948	0.282680362689341	0.38873068935532	0.320552051750047	0.193549746372227
0.23130723229823	0.437523243609549	0.293193620521432	0.419322074940132	0.335417404554843	0.207164255839039
0.22603703506133	0.455528748043769	0.296507514553659	0.439539377347469	0.341973100578544	0.215569448763071
0.215251914767309	0.462154889524996	0.292463015679265	0.448879334644158	0.340031772916655	0.218573729117986
0.199166249955786	0.457363228507784	0.281108985681765	0.447135706068572	0.329642604935637	0.216143955332424
0.178132550178725	0.441408440153557	0.262716608115641	0.434393536335769	0.311090309972224	0.208396769010227
0.152763112230112	0.415096432055836	0.237954080465536	0.411311994099855	0.285093354963333	0.195724158020097
0.123512935159091	0.378712405566233	0.207262149961826	0.378081916368211	0.252062131495238	0.178290623509122
0.0910865886925577	0.333055157395353	0.171436022671859	0.335447282856148	0.212804094864161	0.156509088901888
0.0563027203064726	0.279143477577613	0.131414227392422	0.284401447342895	0.168292288307093	0.130893991104852
0.0200687848850168	0.218225368659506	0.0882383581587481	0.226174819565714	0.119638460470707	0.102056930777879
-0.016639572151871	0.151923016745941	0.0430731893843163	0.162365268280298	0.068143225446073	0.0707700109497153
-0.0528667435572823	0.0816943743254239	-0.0030380924699735	0.0943696497495133	0.0149789959958828	0.0377172134530067
-0.0876693599418886	0.00930370998553307	-0.0489897627104122	0.0238761117750815	-0.0385586722060204	0.00372035446212118
-0.120165451210551	-0.0633920457484489	-0.0936918291952286	-0.0473404201813238	-0.0911639549726441	-0.0303518406805156
-0.14956156643368	-0.134519294139922	-0.136084002089306	-0.117473329001239	-0.141551151945299	-0.063613017687314
-0.175271177121339	-0.202355987749469	-0.17524313841296	-0.184820605138597	-0.188580781467415	-0.0952381498981675
-0.196581140377546	-0.265086439063642	-0.210092025740901	-0.247573780165902	-0.230969295220445	-0.124353773523961
-0.213004682113911	-0.321163851590849	-0.239745282962399	-0.304138722083365	-0.267649364609333	-0.150221956347579
-0.224184501976463	-0.369249876025364	-0.263452427392808	-0.35310269452655	-0.297709172540137	-0.172225261317747
-0.229892590360669	-0.408226635777333	-0.28062854262744	-0.393267992779238	-0.320418427078281	-0.189881814710694
-0.230184294474138	-0.437479201372163	-0.291066538608539	-0.423941406615803	-0.3354620980581	-0.202978399342614
-0.224864645755616	-0.45595030602944	-0.294297249320272	-0.444048887384987	-0.342210935555705	-0.211114866080521
-0.214030712637216	-0.46312301523885	-0.290249799214955	-0.45307070107864	-0.340475870076086	-0.21414514189902
-0.197922563732687	-0.45877653416729	-0.2790571676522	-0.450798701688275	-0.330299028039382	-0.212037107903543
-0.176924103866618	-0.443013192211146	-0.261040130886969	-0.437344405241536	-0.311950845300228	-0.204862973311006
-0.15167463090703	-0.416571844355119	-0.236861536964115	-0.413428513885319	-0.286128750746448	-0.19293405264516
-0.122646779058235	-0.379780305654541	-0.206895010578099	-0.379342359968918	-0.253219076640362	-0.176314422814745
-0.0905392451019601	-0.333575201496001	-0.171823219952885	-0.335949924033209	-0.214007658746907	-0.155316871034141
-0.0561390665873107	-0.279160646282103	-0.132454067493963	-0.284363826197786	-0.169454400749155	-0.130373913005817
-0.0202992420945754	-0.217953262055815	-0.0897141594070204	-0.225908737298414	-0.120670784974968	-0.102045609026868
0.016072436769982	-0.151669245500695	-0.0446974771271057	-0.162232494074748	-0.0689705630262386	-0.0710866584426799
0.0520854083616968	-0.0817576939522374	0.00156152790526246	-0.0947286305239174	-0.0155517085679058	-0.0381944039269928
0.0868439494745906	-0.00987586925315291	0.0479072538995062	-0.0250323980185809	0.0382601066199101	-0.0042230870092798
0.119483378698223	0.0622826332014536	0.0931581657142725	0.0451693692894084	0.0911310041335119	0.0299206870066536
0.149191814451394	0.133004629252938	0.136148002327219	0.11417377106055	0.141755179101777	0.0633203816568466
0.17533241315245	0.200671500370897	0.175860209050804	0.180381519603064	0.188983587912942	0.0951373996011975
0.197121524799348	0.263477584782968	0.21116010353364	0.242068094133192	0.231532218440072	0.124503122147975
0.21399874700493	0.319800545480095	0.241144705460623	0.297707570747722	0.268338129229714	0.150697018115829
0.225546980575341	0.368174720482886	0.265079514704183	0.345941159913346	0.29849282123209	0.173119941469919
0.231504278185609	0.407356297008934	0.282412346409988	0.385616518696309	0.321264001600403	0.191294288179274
0.231921491744125	0.436658976792344	0.292963773880977	0.416084550943226	0.336327816829642	0.204982038668781
0.226624173313863	0.455028016760176	0.296280707711584	0.436295907654742	0.343045735465297	0.213726982936394
0.215742195065471	0.462027374186856	0.29228422649888	0.445742060170213	0.341223276109255	0.217292100170737
0.199547319572017	0.457558524548392	0.281083878073876	0.44419613827013	0.330908516601165	0.215535051942847
0.178443203643327	0.441835501136661	0.262976132525995	0.431711628485372	0.312393289459646	0.208422100122106
0.153072879873175	0.415649291125436	0.238613076813601	0.40891306330108	0.286409777885252	0.196190599627197
0.123899757689112	0.379291628233501	0.208389696676407	0.375960036641126	0.253388727974286	0.178890034352179
0.0916099739816309	0.333580668537233	0.173037178205201	0.333577553743694	0.214155604159686	0.156892324388142
0.0569855964198067	0.279556300382382	0.13343175865023	0.282756500108409	0.169693969920577	0.130761602268152
0.020889998080036	0.21848086943557	0.0905705788461381	0.224741527680033	0.121114192805894	0.101242043691808
-0.015742857089553	0.15198058031702	0.0455994969876147	0.161156386417119	0.0697012011867385	0.0692893862127314
-0.051986229940406	0.081514117875221	-0.000427553669224653	0.0934286765694904	0.0166050907867939	0.035775876203942
-0.0869122836983683	0.00884754649098829	-0.0463769027484099	0.0232697528490965	-0.0369056278247602	0.00166434578835712
-0.119641432329525	-0.0641500612905699	-0.0911248149178411	-0.0475384732472233	-0.0895472202043258	-0.0321224784534989
-0.149372889108506	-0.135578688143914	-0.133584035866944	-0.11720414564566	-0.140043422825665	-0.0647489718925253
-0.175506677206071	-0.203680030387932	-0.172820028063443	-0.184061963308882	-0.187247897626101	-0.095536227545903
-0.197311626814264	-0.266597505549059	-0.2077598186122	-0.246354431994478	-0.229850616233888	-0.123813401203938
-0.214278390222322	-0.322756829720336	-0.237535512828753	-0.302543090176131	-0.266747522715738	-0.149051694377831
-0.226020258126586	-0.370815756356267	-0.261417274306471	-0.351261750929141	-0.296987706057174	-0.170793888202613
-0.232271380724476	-0.409680434859755	-0.278833857248345	-0.391338159971753	-0.319809991332751	-0.188627118834506
-0.233041158777061	-0.438782541301583	-0.289577355381792	-0.422075334004886	-0.334886029915276	-0.202297545014809
-0.228088121744659	-0.457117000310777	-0.293161849820814	-0.442368771780532	-0.341594408765616	-0.211265580260718
-0.217469452657693	-0.464206345153019	-0.289488371638884	-0.451644396251581	-0.339776638357547	-0.215181809937826
-0.201402889990797	-0.459838881673628	-0.27865837483782	-0.44962931146247	-0.329520593250633	-0.213799244521248
-0.180276491458378	-0.444088191691682	-0.260967183064577	-0.436374487082491	-0.311146696427058	-0.207017118171474
-0.154764053517979	-0.417631969479753	-0.237064763472608	-0.412555868874101	-0.285393674287936	-0.195056771890897
-0.125399601533677	-0.380727364687386	-0.207330474166468	-0.378448960755152	-0.252672360140631	-0.17799112088214
-0.0929599574570979	-0.334254867680822	-0.172465563756992	-0.33492591043471	-0.213769438021454	-0.156231907211324
-0.0583100699720197	-0.279402900956287	-0.133302587757096	-0.283127651816877	-0.169622540064962	-0.130368428079923
-0.0223626385524045	-0.21762654739917	-0.090789059963941	-0.224417124945857	-0.121303661519916	-0.10113066349314
0.0139484068950945	-0.150730031492513	-0.0460267895179381	-0.160477824356459	-0.0700781881252636	-0.0694122791135621
0.0497433942454177	-0.0802800491978138	-4.20203587723943e-05	-0.0927318208561529	-0.0171020431002317	-0.0359881790000586
0.0841743740784276	-0.00804534060494467	0.0460352178517462	-0.0228273738897174	0.0363306844456873	-0.00171831694395024
0.116447947541922	0.0642100114021039	0.0910596527461546	0.0475475822588538	0.0889017082115662	0.0325442619014416
0.145828800908359	0.134767614618391	0.133902369804682	0.116693911029316	0.139305630572892	0.0659666325494155
0.171743357092851	0.202073900518249	0.173575569708115	0.183012246719751	0.186384915098433	0.0977893934232229
0.193442749033889	0.2644371800109	0.208954979178622	0.244766621249647	0.228841217519538	0.127184492629022
0.210369206843714	0.32036470554189	0.239129207874858	0.300406881105083	0.26560299006276	0.153422701262039
0.222079657718788	0.368493329542196	0.263337766151993	0.348541846629216	0.295761383824059	0.175850731202929
0.228269831983982	0.4076211232799	0.280991292152301	0.387989106883531	0.318591752695244	0.193914285413991
0.228947693230464	0.437028288612741	0.291870050043798	0.418084597319454	0.333782110750064	0.20731096036067
0.223911709857214	0.455567863959045	0.295487167558411	0.437791481025922	0.340701567415163	0.215557539435329
0.213290036201238	0.46268260320055	0.291741504628509	0.446644529085006	0.339155433412714	0.218453237944794
0.197378246193037	0.458169172755723	0.280733787682565	0.444487111415005	0.329179057897029	0.215953231322825
0.176621030840066	0.442192515315436	0.262763368970257	0.431456249974422	0.311039569943396	0.208161430865544
0.151705329975887	0.41556962858304	0.238492667611583	0.40825304830577	0.285437315618421	0.195456393476147
0.123125212972486	0.378690060875765	0.208331990131719	0.375086561987421	0.252772959869651	0.177990090099984
0.091574164667225	0.332507521273816	0.17302892762911	0.332687923417688	0.21385280652635	0.156163092678029
0.057811816605422	0.278189488799224	0.133476629246946	0.282006310377068	0.169658169148248	0.130479071947536
0.0226521970584173	0.217072964236843	0.0906901685925236	0.224205561811401	0.121315344508815	0.101541358732874
-0.0130366198473827	0.150778053454565	0.0458352227015375	0.160809944677046	0.0701378987436771	0.0701161290518016
-0.0483958311152745	0.0806776881747997	-1.42158142779875e-05	0.0931579016596899	0.0173109771938794	0.0368850488267848
-0.0825521720515997	0.00840010861208715	-0.0457064643657282	0.0229069433574816	-0.0358697045974352	0.00266796667448634
-0.114657436318315	-0.0643273875666042	-0.0901074742171397	-0.0481613438275198	-0.088110795664886	-0.0316688401404891
-0.143916085219038	-0.135699830657433	-0.132133671323157	-0.118199205961373	-0.138149980566788	-0.0652424784161132
-0.169712373917704	-0.203971526417974	-0.170872808408865	-0.185444046167984	-0.184878963842886	-0.0972318810007965
-0.191287706429728	-0.267207771274841	-0.205295011058722	-0.248024272498944	-0.227039034129263	-0.126761757676146
-0.208107606424919	-0.3236893840119	-0.234591243413309	-0.304307013378347	-0.26358244218162	-0.153084291478106
-0.219773023806013	-0.371910020385322	-0.258096882209649	-0.352879654155909	-0.293605355735898	-0.175557575356394
-0.226023932701169	-0.410648741342099	-0.275298950047944	-0.392587642907415	-0.316373640941916	-0.19365699512102
-0.226891656086765	-0.43929378721159	-0.286026939851075	-0.422815084304776	-0.331560660262791	-0.20711033246984
-0.222165382509403	-0.456897231348449	-0.289801979262389	-0.442575351504013	-0.338522043110278	-0.21544416011241
-0.211928685750138	-0.463128801280186	-0.286497538155563	-0.451422036906207	-0.33705966729132	-0.218442502027346
-0.196409324676454	-0.457970909426855	-0.276157996825794	-0.449181391453093	-0.327215431909694	-0.216022185456092
-0.1759806060906	-0.441680413377116	-0.259004649892399	-0.435946736968661	-0.309268070478903	-0.208240280759202
-0.151275356343969	-0.415053225664363	-0.235613931338391	-0.412369745596826	-0.28392603631992	-0.195442457653439
-0.122764985836458	-0.378365694735403	-0.206308719488575	-0.378638949877088	-0.251585034035863	-0.177774896745988
-0.0911553684030975	-0.332415995679801	-0.171765194870706	-0.335509063389603	-0.213028613040902	-0.155675202391909
-0.0572460134900049	-0.278237767365343	-0.132826279682923	-0.28400838150856	-0.169197459572564	-0.129720685958678
-0.0219028177393062	-0.217108665654725	-0.090480238253298	-0.225426690351976	-0.121166262190147	-0.100606635147169
0.0139598909459168	-0.150686808828026	-0.045887253018532	-0.161435730972629	-0.0701976787715853	-0.0691826592189692
0.049454215531076	-0.0804641491449441	-0.000130292874384628	-0.0935078965132551	-0.0174410933475044	-0.0361773340952666
0.0836998262542885	-0.00822003208125907	0.0456204034832927	-0.0233855041117269	0.0358175801676199	-0.00240283917651653
0.115857874129169	0.0642000786404506	0.0902081870786105	0.0471395576007776	0.0882638441811089	0.0313400168468862
0.145146983854983	0.134962749765436	0.132524786358126	0.116291758787661	0.138586322584743	0.0642774508622637
0.170958287616059	0.202411071854326	0.171628773157391	0.182452747832685	0.185609933076861	0.095714086004575
0.192523868117447	0.26479991438124	0.206456616131568	0.243933282494624	0.228007685303573	0.124881530213688
0.209284883081566	0.320649578786977	0.236154285433938	0.299287376432616	0.264676589025027	0.151093342175443
0.220811645019491	0.368667741897887	0.260002121434432	0.347254341624208	0.29468295119048	0.173707839798388
0.226821179152017	0.407750446442115	0.277427330311075	0.386768200643203	0.317293308132648	0.192142241313922
0.227343676354155	0.437263314644643	0.288203212234033	0.417229589442649	0.33220878337997	0.206026519857637
0.22219439010056	0.456092518121433	0.291818678928595	0.437589501513017	0.338832775633547	0.214782425631927
0.211509431248469	0.463646325130736	0.2881450315854	0.447292830473304	0.337020021742443	0.2181088478982
0.195583592211435	0.459624552571988	0.277263856137395	0.446035805476546	0.326858473204315	0.215879684470986
0.174853966265279	0.444061337823189	0.259471802723031	0.433788668509033	0.308657678491301	0.20815711824097
0.149995493879982	0.417650300339177	0.235445925044908	0.411108834540422	0.283138910387693	0.195327995112781
0.121488913121753	0.380703633500134	0.205621561260947	0.378124039187399	0.250697419637018	0.177597029386482
0.0900127555519331	0.334169414475971	0.170770405955332	0.335562907678539	0.212109742435478	0.155446985242779
0.0563114352506334	0.279282970119137	0.131794702182317	0.284448848941515	0.1683111090281	0.129469300386744
0.0211845859065799	0.217501003340964	0.0896931375852025	0.226072850447512	0.120377557625848	0.100337636300763
-0.014512023492397	0.150577140597003	0.0455867493674121	0.162101947480294	0.0695800639842778	0.0688558629662036
-0.0499244325244852	0.0799905402071174	0.000480687317281694	0.0939940679869981	0.0170793941660509	0.0357075883318834
-0.0841754263072692	0.00741612552490837	-0.0445499718616342	0.0234719507533605	-0.0358323744583113	0.00168777953827391
-0.116401400897747	-0.0654431912885116	-0.088438182706982	-0.0476848884635853	-0.0878480203880551	-0.0323723131427381
-0.145780283881888	-0.13686609549981	-0.130140449603432	-0.117691305497523	-0.13768198299527	-0.0656177990193208
-0.171662395243454	-0.205218124100772	-0.16874623931394	-0.184883238932315	-0.184204212274241	-0.0972372032795904
-0.193254099208662	-0.268665452633491	-0.203188373709356	-0.247493832575923	-0.226141225773273	-0.126349242733863
-0.209992845383818	-0.325541471135745	-0.232589079796821	-0.303965619781757	-0.262444140226692	-0.152193091227578
-0.221466143696713	-0.374324129084839	-0.256201816752558	-0.352910393569367	-0.292220307281993	-0.174124514613249
-0.227419600271919	-0.413709715554673	-0.273440119935793	-0.393139903383338	-0.314754094803636	-0.191642854949091
-0.227908517404147	-0.442957159395177	-0.284088088133295	-0.423954868361957	-0.329738107406515	-0.204531460810212
-0.222760079458765	-0.460984201111667	-0.287661328219964	-0.444261961927063	-0.336539741726773	-0.212401862416713
-0.212100215865827	-0.467354148908916	-0.284069132699135	-0.453509202518135	-0.334963548087456	-0.215127686245193
-0.196193967339537	-0.462001156300876	-0.273423280157379	-0.45144673989855	-0.325045235088434	-0.212693827162449
-0.175439727386751	-0.445203082949538	-0.256026149067324	-0.438139584300192	-0.307052904203697	-0.205177894940126
-0.15047959148074	-0.417836197470433	-0.232527923568124	-0.414262437562751	-0.281686196346276	-0.192882423355861
-0.121785968100584	-0.380293844175686	-0.203300023977786	-0.380076120672914	-0.24933943546218	-0.175853637276244
-0.0900608240615711	-0.333492554400429	-0.16903131873923	-0.336431710701028	-0.210805519155406	-0.154390189069551
-0.0561036650080713	-0.278556086947383	-0.130541156291153	-0.284455462926978	-0.167043745353878	-0.12892713650279
-0.0207893985536146	-0.216805887175996	-0.0887670359141599	-0.225513543054131	-0.119151594055166	-0.100052319505564
0.0149508376007937	-0.149895262598559	-0.0448061981108047	-0.161315550690856	-0.0684106657481387	-0.0685721582877235
0.0502074779431048	-0.0792808104277954	0.00031651607724333	-0.0933293454698938	-0.0159807205238332	-0.0352491300819863
0.0840865554734125	-0.00669758722282021	0.0454712568278479	-0.0232536326876928	0.0368566348651547	-0.000994760422938541
0.115753911921034	0.0660363716922297	0.0895190280294269	0.0471866587282703	0.0888062069731666	0.0332549356904524
0.14445824214925	0.137081515543358	0.131349618391312	0.116285856716391	0.138587434085916	0.066595519916644
0.169645749810248	0.204739576677787	0.1700095974071	0.182477995090918	0.185061826530814	0.0982434819055477
0.190619875286598	0.267198945810402	0.204426043959367	0.244093385383558	0.226934870451676	0.127410175692047
0.206893723113528	0.322914446853534	0.233747043942445	0.299666944555554	0.263127486214614	0.153458620578408
0.218092498816906	0.37055483711021	0.257271482128343	0.347885098412916	0.292718179485989	0.175846285317228
0.223956796153014	0.409023693272977	0.274458599581361	0.387609629265923	0.31497505012306	0.194103107234325
0.224502582406053	0.437746180692696	0.28511841951728	0.418170320515681	0.329594983662917	0.207943351478541
0.219499175576095	0.455712096209972	0.288766552628587	0.438467890238341	0.33597503713936	0.216818858473021
0.209018882229185	0.462451835975012	0.285280508730989	0.447933597513507	0.33396796165604	0.220387127841696
0.193294283813311	0.457775189404917	0.274721311640119	0.446292480131867	0.323666273373763	0.218422039722368
0.172720473096718	0.441785883724013	0.257340210221488	0.43358039541806	0.305389909484317	0.210858521822056
0.147961814699274	0.415190232488565	0.233753714583171	0.410440966784148	0.279872162851743	0.197970440985256
0.119523315650657	0.378256748085469	0.204337175303132	0.37708752056524	0.247518365372566	0.179901183031079
0.088132764391233	0.331851590682437	0.169818331721637	0.334310423459754	0.209106621816775	0.157147126375408
0.0545918921807311	0.27711910835233	0.131083592842395	0.283155545664095	0.165563196088815	0.130386388560982
0.0197469108160264	0.215447688310002	0.0891480940864509	0.224892336160057	0.117945524132574	0.100427434481049
-0.0155259724086738	0.148567746176818	0.0451756854067306	0.161129456997606	0.067499857426617	0.0682158184250577
-0.0503811594302086	0.0779936510159376	0.000229956126122674	0.0932502926029171	0.0153645589343401	0.034541443765936
-0.0839759789465319	0.00547919831379704	-0.0445593554846729	0.0229074360302123	-0.0371840124628203	0.000235921162933494
-0.115495052190055	-0.0671751352342833	-0.088091052295882	-0.0481634821506987	-0.0888434730310854	-0.0339127588480922
-0.144163394231426	-0.138165807173747	-0.129319772707719	-0.118182433408583	-0.138322207674518	-0.0671577060981004
-0.169365805792203	-0.205824496091883	-0.167369045218053	-0.185453059949203	-0.184477182462953	-0.0988257722528179
-0.190324865209161	-0.268344894011869	-0.201233512674697	-0.248146757213822	-0.226021923312685	-0.128149507250355
-0.206479773445231	-0.324155048346953	-0.230111665946871	-0.304640911592972	-0.261901006282218	-0.154422920297236
-0.217416236242658	-0.371874284313696	-0.25333003288165	-0.353500327024761	-0.291227693250752	-0.176971768668378
-0.222886998497999	-0.410354382484798	-0.270355759738406	-0.393525149692078	-0.313306464552759	-0.195183608645701
-0.222972117327674	-0.438988052038991	-0.280996895436664	-0.424046478337974	-0.327861405583526	-0.208678692926784
-0.217541436409496	-0.456770447030024	-0.284758814321593	-0.444032525579094	-0.33429519716845	-0.216899363195222
-0.206771204566827	-0.463273191827651	-0.281512732037593	-0.453008427746375	-0.332441769618466	-0.2195988299317
-0.190968843564151	-0.458371169419306	-0.271315655715933	-0.45079181745744	-0.322352375708082	-0.21672877516149
-0.170549733523647	-0.442234618980106	-0.254412193779974	-0.437483976444614	-0.304292290954786	-0.208435460366279
-0.146134309975282	-0.415613071535603	-0.23140393998062	-0.413752890149661	-0.278940890948682	-0.19517586186095
-0.118135489543724	-0.378785110506754	-0.20262944182556	-0.379811031568282	-0.24666035799566	-0.177198666030484
-0.087164874903393	-0.332586907018187	-0.168761838086541	-0.336434621610458	-0.208209142960359	-0.154995639536766
-0.0539219568465719	-0.278105906695306	-0.130617352511797	-0.284671684822107	-0.164520242204412	-0.129134284946824
-0.019196715509292	-0.216666617189743	-0.0891355930326904	-0.225830665455593	-0.116680883655341	-0.100240213222416
0.0161282845320721	-0.149949331583397	-0.0454137880378122	-0.161600379361915	-0.065981196860293	-0.0690564831697094
0.0511432052735059	-0.0794431764634437	-0.000471609823197688	-0.0934699239463907	-0.0136057612175044	-0.0362057581754635
0.0849077006852637	-0.00690429983373387	0.0445713439485162	-0.0231904056895817	0.0391312475155244	-0.00242677127464454
0.116511287919871	0.065846385596128	0.0885860736279911	0.0474496417992979	0.090904859124391	0.0314981326579312
0.145121319292756	0.136981447092204	0.130464674497428	0.116693488658887	0.140417342937391	0.0647561633051622
0.170123834472431	0.204818998392073	0.169242668354677	0.182955834578637	0.186531744776468	0.0965735132116906
0.190802147475925	0.267552145215087	0.203817314942274	0.244586566770597	0.227973589770923	0.126090999921479
0.206693693491506	0.32361953817886	0.233293421684349	0.300173341449735	0.263696707918347	0.152554523410472
0.217484823570875	0.37164964899339	0.256921974518046	0.348469379901778	0.292816518729384	0.175299499715776
0.222993980486503	0.410488574022168	0.274122659464944	0.38839224836126	0.314632352079475	0.19376977914568
0.223306344749334	0.439502279384385	0.284687159202427	0.419293165779205	0.328859225637545	0.207658151975385
0.218229217312266	0.457634468452214	0.288142192136464	0.440047947751785	0.334897548894997	0.216452017676485
0.207826610767964	0.464399673962677	0.284405228452129	0.450017542711104	0.332589436256753	0.219892336819957
0.192278753456411	0.459627387753248	0.273598378969064	0.448827354623164	0.322010384057114	0.217847218688148
0.171899318255507	0.443471819827731	0.256039709381708	0.436410232960413	0.303465534147629	0.210320922046684
0.147265729548409	0.416705432558326	0.232400077787819	0.413331776947588	0.277683016296488	0.197607933125863
0.11881728855881	0.379659574406557	0.203079014467841	0.379773448700499	0.245075876654935	0.179816362996615
0.0872536197259818	0.333237689967313	0.168789589589432	0.336549397544803	0.206441213243632	0.157369394287529
0.0533939741126603	0.278582926412681	0.130366430807185	0.28477852744257	0.162730562840877	0.13086288581547
0.0181413173520563	0.217041175303139	0.0887486427926534	0.225833055183132	0.115025748360807	0.101045899301721
-0.0175499148459942	0.150268991242835	0.0450206679763828	0.161427977158466	0.0645900030793642	0.0688491061765862
-0.0527579308999389	0.079692040342072	0.000186236756089953	0.0930289720521711	0.0125671479345706	0.0350973257912428
-0.0865876908707331	0.00698634545938882	-0.0446467898606499	0.0223312662917016	-0.0397724576679419	0.000689853663837823
-0.118208624828368	-0.0660924291436569	-0.088352968021689	-0.0489316710917649	-0.0911406550204824	-0.0335136034059572
-0.146868932596906	-0.137737323469156	-0.129821659950211	-0.119017993305095	-0.140263233298883	-0.0667217197605418
-0.172003470104023	-0.206224529023753	-0.168087368609174	-0.186287146337567	-0.186013052274181	-0.09826504903348
-0.19289392359085	-0.269648390883727	-0.202057110231045	-0.248962202517681	-0.227115508753342	-0.127431807386422
-0.209024310977042	-0.326313298977928	-0.230867619946738	-0.305450416088468	-0.262523122152173	-0.153603906911015
-0.219994341795237	-0.374715778569638	-0.253827910634332	-0.354316548095243	-0.291356082548949	-0.176195357695555
-0.225532960400265	-0.413611125400076	-0.270437377269997	-0.394334400355658	-0.312928454116702	-0.194647098141481
-0.225663467150525	-0.442342577283393	-0.280576924420057	-0.424796510663551	-0.326978581357208	-0.2085739380274
-0.220183359874168	-0.459909189292984	-0.283846190700626	-0.444637815126989	-0.332930028216766	-0.217346366865783
-0.209201184037478	-0.465939990039379	-0.280203568834911	-0.453373514845706	-0.330639079495878	-0.220599487786666
-0.192983326656543	-0.460406106631557	-0.269763383287583	-0.450844459760018	-0.320176360986321	-0.218156106762993
-0.171945601164612	-0.443591272859467	-0.252783744517252	-0.437207123730885	-0.301818311629989	-0.210064398689523
-0.146754261868501	-0.416352986232252	-0.229835263968608	-0.413205039541255	-0.276243262497273	-0.196748292010426
-0.117905392531535	-0.379048214808188	-0.201195487400316	-0.379123211958608	-0.243803362439569	-0.178496449080553
-0.08611295091341	-0.332554000924334	-0.167465981436433	-0.335788571164304	-0.205239010436627	-0.155905180544636
-0.052176239326328	-0.277959108124504	-0.129405096934839	-0.284259687463675	-0.161465029479294	-0.129676677996461
-0.0169621301969737	-0.216559192823757	-0.0879258051386423	-0.225808491007055	-0.113557631698228	-0.100558312633402
0.0186064895932748	-0.149991192813162	-0.0441359376007017	-0.162047291283813	-0.0628081192307633	-0.0693634552238313
0.0536191611847184	-0.0797050753850659	0.000903553055693735	-0.0943638945994562	-0.0104151177260092	-0.0367148276806636
0.0871693204957555	-0.00743363978909817	0.0460188244372016	-0.0244122710296953	0.0422846427179499	-0.00328374828746891
0.118400860530379	0.0650056812184164	0.090034327927599	0.0460867479599123	0.0939426694203119	0.0302547243328398
0.146539917132831	0.13577530158752	0.131820494750897	0.11539524416649	0.143245435422885	0.0631949820938035
0.171021271290133	0.203183943290146	0.170422577930719	0.181891283788306	0.189054199490539	0.0948310213768097
0.191159887436058	0.265429726774975	0.2047770355472	0.243839286731682	0.230110352627828	0.124310981438045
0.206506489462135	0.320984156446539	0.234038517211599	0.299714974462201	0.265396673188621	0.150825598606342
0.216747842892766	0.36853663415778	0.257499199746853	0.34816252326512	0.294063249564534	0.173616267345995
0.221699014922593	0.407010620142185	0.274593824814831	0.388023530075059	0.315440024411382	0.192032035971997
0.221446044772655	0.435845221264174	0.285094491770432	0.418630162951281	0.329259198361301	0.205708678073837
0.215810810340911	0.454023175025799	0.288480618712588	0.438901241672839	0.334923619463611	0.214143830392883
0.204884072955229	0.461048495989248	0.284609177304759	0.448298421348392	0.332261406594566	0.217156666474192
0.188881598668031	0.456682666094675	0.27355244331136	0.446581497157478	0.321325360061027	0.214741838948416
0.168154128369996	0.44096629609946	0.255610747731592	0.433818445625621	0.302399204376289	0.20703993729068
0.143309103525063	0.414542727912585	0.231480246210034	0.410677089116707	0.276200251460365	0.194445901138639
0.114805449574554	0.377634721940086	0.201629080026416	0.377377040874578	0.24314937171681	0.177104919439043
0.083347362955295	0.33109898827636	0.166861042812831	0.334697270289822	0.204068417966711	0.155393784242951
0.0497456464142491	0.276115473172135	0.128097554707235	0.283652069788226	0.15994592817351	0.129792765342293
0.0148857359554995	0.214149426033589	0.0863324108447134	0.225462013859459	0.111903317025015	0.100900057008981
-0.0203002996619204	0.147031340044659	0.0426528100172604	0.161677900136309	0.061235056810505	0.0695040451451702
-0.0549127818763463	0.0763700316112739	-0.00199027635988771	0.0936272002318198	0.0091001030918902	0.0363383956174468
-0.0880786179598685	0.00397683270046085	-0.0465844803339113	0.022925410594656	-0.0432366764350344	0.00228388221913525
-0.118988913796204	-0.0683502250419813	-0.0901138466471955	-0.0486963216168557	-0.094509790247391	-0.0317460678838244
-0.146914604180358	-0.138876167577418	-0.131556624370938	-0.119420590147227	-0.143476538748074	-0.064858754864002
-0.171315249243003	-0.206053155834584	-0.169984731698271	-0.187471446708996	-0.189038819901465	-0.0962758198959297
-0.191498645383637	-0.268210061725456	-0.204277827012435	-0.250908216833921	-0.229940072468979	-0.125209223247489
-0.206973724211267	-0.323885198685427	-0.233481632066805	-0.307983861835044	-0.265133077538838	-0.151028832357967
-0.217360641553179	-0.371742989818086	-0.256774281272577	-0.357152240223624	-0.293721381249345	-0.173207847800033
-0.222401261367651	-0.410593499733496	-0.273520270285834	-0.397141863379278	-0.314992167241228	-0.191300645966024
-0.222122475292985	-0.439706000167866	-0.283498849416984	-0.427271110033574	-0.328656828332613	-0.205052388370676
-0.216318900039711	-0.457899980108309	-0.286273831899135	-0.4465596105587	-0.334125666529128	-0.213938858654518
-0.205090650294648	-0.464571085686277	-0.281841389082757	-0.454641349208987	-0.331261381847944	-0.217634922823518
-0.188695342249819	-0.459470607862789	-0.270419187841315	-0.451478246084164	-0.320164569402791	-0.215917016897266
-0.167543286224417	-0.442737506573649	-0.252407090112632	-0.437320808071497	-0.301161436663065	-0.208704654836884
-0.142298749620511	-0.415196046072936	-0.228518291804348	-0.41296025891881	-0.27498936217846	-0.196238295368696
-0.113460251607024	-0.377286392850374	-0.199140449369101	-0.378677067574443	-0.242058471660636	-0.178615090950774
-0.0817406512811028	-0.330049697846765	-0.164925604289631	-0.335251475974579	-0.203149461650206	-0.156280084629947
-0.0479304900142342	-0.274765096355372	-0.12661742384939	-0.283673696204225	-0.159191558989855	-0.129864199563932
-0.0128772055300263	-0.21288467551774	-0.0850615520741325	-0.225150693494163	-0.111246412047566	-0.100143169165954
0.0225258148037818	-0.146122832720865	-0.0412728911159285	-0.161254240267719	-0.0605653721731426	-0.0680524057856628
0.0573994467146894	-0.0759109510078351	0.00377545817735923	-0.093371354602658	-0.00829290812963126	-0.0344039670539982
0.0908628492451085	-0.00388387594996414	0.0489641809739932	-0.0231914305932349	0.0442915318753189	-8.0563285260528e-05
0.122068896160831	0.0682753692784795	0.0931244855188148	0.047505134133364	0.0958861483864229	0.0340560402857554
0.150228633866409	0.138846901751341	0.135087541282093	0.116917656216681	0.145203655970462	0.0671772685188454
0.174737555992413	0.206195520929838	0.173829516283728	0.183381221859452	0.191106233295068	0.0985409575654907
0.194851988084248	0.268494038895011	0.208215132561868	0.245151137086779	0.23231377388736	0.127343242892582
0.210060216304988	0.324117479912366	0.237348719583693	0.300735540212526	0.267771031819362	0.15289254746962
0.220000017890525	0.371625116387045	0.260511780766101	0.348844283906712	0.296583531248059	0.174585567890863
0.224466697319001	0.409827831031148	0.277172296365496	0.38839923970368	0.318040225810102	0.191929233227931
0.223564965637041	0.438115990421316	0.287167757268569	0.418803226151932	0.331843237456309	0.204689515263372
0.217171551480094	0.455514893668881	0.290059486818812	0.439014063799789	0.337382972664441	0.212446234808022
0.205455488319918	0.461654632079097	0.285772197950281	0.448487551225627	0.334490390787547	0.21504840159225
0.188715391022717	0.456472394361095	0.274412611392838	0.446933193757156	0.323233949754609	0.212473153077132
0.16736824813021	0.440180642605914	0.256272146508313	0.434338828247729	0.303920693880535	0.204809665714447
0.142053907614793	0.413537011526212	0.231998462819863	0.411287659212418	0.277292742959313	0.19238312481809
0.113223834729575	0.376779986386458	0.201988080519754	0.377936751404627	0.243795914292324	0.175266448196462
0.0815360096750991	0.330676927957367	0.166973052886616	0.335048163271381	0.204271485125587	0.153771268287931
0.0477320152821576	0.276237779420933	0.127826922583139	0.283674397648765	0.159722636834177	0.128324684990058
0.0126260540580662	0.214727304388704	0.0855359443342475	0.225122461364214	0.111281676645484	0.0994853271930098
-0.0229076300559077	0.147721216056253	0.0411906160477517	0.160967191786222	0.0602067396119217	0.0679777465144456
-0.0579807669953968	0.0768353714026344	-0.00414631320662568	0.0927449541833853	0.00771664873897634	0.0345706137337691
-0.0916972257870854	0.00393284175145641	-0.0493597843599016	0.0221763358475428	-0.0448990626369666	0.000169339626459825
-0.123193017795085	-0.0690512312751367	-0.0933455369212013	-0.0489801656259881	-0.0963604973381613	-0.0342744526697424
-0.151667083117557	-0.140209246516756	-0.135034678286018	-0.118978546128226	-0.145428957259511	-0.0678223059982145
-0.176449797278051	-0.207788176788077	-0.173453447404876	-0.186157689787361	-0.190974789276192	-0.0996212011643786
-0.196863777294331	-0.270097086021945	-0.207600809981116	-0.248839964853875	-0.231845589818437	-0.128867970291542
-0.212416014483866	-0.325698445397941	-0.236630528470423	-0.305494803827171	-0.267058082375807	-0.15490090789349
-0.222741541612699	-0.373342387979427	-0.259816557075517	-0.354708524265101	-0.295754277318636	-0.177162222047219
-0.227598385236604	-0.411942350874571	-0.276569162480592	-0.395208006937524	-0.317212757642188	-0.195174316495841
-0.226930656002624	-0.440685743242105	-0.286535119923833	-0.426016597096804	-0.330960231858328	-0.208578068949437
-0.220631058550575	-0.45860937386171	-0.289322629088659	-0.446091533969575	-0.336458439009717	-0.216921550641562
-0.208831360589848	-0.465166359779571	-0.284865402894166	-0.454875414390449	-0.333531158752109	-0.219923958460554
-0.191821872017966	-0.460123306897806	-0.27332014325313	-0.452186312376692	-0.322260222464492	-0.21743249237058
-0.170047535060834	-0.443599586888286	-0.255050428872118	-0.438220446010981	-0.302981608764202	-0.209454329037261
-0.14414322811575	-0.416204758915258	-0.230669779290623	-0.413643609470197	-0.27634903417909	-0.196239358766248
-0.114721777141867	-0.378525421354129	-0.200723019594931	-0.379049946138709	-0.24296267608194	-0.178053021339991
-0.0825573347854236	-0.331616130251287	-0.165967198214283	-0.335428305024892	-0.203700836120683	-0.155418376455369
-0.0484805362160628	-0.276734909055552	-0.127234677785831	-0.283909281876168	-0.159549736721608	-0.128989193887904
-0.0133420808947345	-0.215252832149753	-0.0854068582552308	-0.225703587525751	-0.111560882407198	-0.0994943092340318
0.0220089039289128	-0.148660356196011	-0.0414314911061708	-0.162148537565071	-0.0608634265036372	-0.0677190620733782
0.0567580049465756	-0.0783235637153251	0.00376570960739467	-0.0944874870908494	-0.00854149470407278	-0.0343684519520197
0.0901047074958353	-0.00579017160240913	0.04915434644851	-0.0242037389409265	0.0442051180703232	-0.000191507216202729
0.121267665271818	0.0672531095715944	0.0936278293520622	0.04702932647518	0.0960957744412953	0.0340454815110625
0.149488585266251	0.138967266214057	0.136020357531784	0.117356254582031	0.145783881816069	0.067545731159777
0.174092746417574	0.207444479501081	0.175191760776318	0.184846810108964	0.191948238718851	0.0995020907782672
0.194361557510261	0.270663912306288	0.209958198417771	0.247497522263827	0.233222367442912	0.129047123973315
0.20975711024341	0.326811884501766	0.239336163740289	0.303540186203676	0.268465702591131	0.155379900522368
0.219898721604771	0.374373896748011	0.262558410746412	0.351535461307766	0.296788328441864	0.177791357088482
0.224579025628176	0.41223321961817	0.279107286538446	0.390450426209908	0.317590334592782	0.195708492847581
0.223824934346779	0.439814896469376	0.288788033499878	0.419767902277396	0.330643385780829	0.208776450421917
0.217628527890421	0.456578449068457	0.291394957213939	0.438972983684922	0.335696580622738	0.216646912419846
0.206195432329609	0.462422418814757	0.286992875634596	0.447917042104967	0.332791616205665	0.219200406673393
0.189819824886722	0.457391083107132	0.275753220204518	0.446531531298482	0.322064067301812	0.216434992872115
0.168858862354698	0.441580867331502	0.257918079684589	0.43474910556302	0.303698904935228	0.208434826810608
0.143781490614774	0.415263456055569	0.233878806763694	0.41264893995695	0.278031004801918	0.195422181243741
0.115005057326743	0.378493595183676	0.203945517130391	0.38009697740716	0.245285209447515	0.177547264091133
0.0831475472487432	0.331817122096704	0.168727431664666	0.33746584649997	0.206051668380282	0.155187774059645
0.0489861174359256	0.27623503112982	0.129078968818516	0.285612076391563	0.16124329944628	0.128895702773142
0.0134520405948998	0.213256116981817	0.0860964105565426	0.225930511606513	0.112107760994419	0.0993970506578459
-0.0224087038211992	0.144890638265053	0.0410815433929398	0.160347180186043	0.0601912150171697	0.0675822900043389
-0.057532274656203	0.0732283203901002	-0.00466409592493238	0.0908832457161579	0.00707429069968026	0.0343244057021885
-0.090909446668328	0.0004576288782438	-0.0498570650006806	0.0196850487947053	-0.0456594409056139	0.000518459205437325
-0.121675184101423	-0.0714600004703344	-0.0933741869163224	-0.0513022068530138	-0.0966237911753427	-0.0330316930589417
-0.149155701778072	-0.140937368709258	-0.134304522046344	-0.120476760797767	-0.144717107444259	-0.065648042966399
-0.172909251156223	-0.20680178686647	-0.171967402053238	-0.186611632223782	-0.189154149925153	-0.0967780924372221
-0.19251861031196	-0.268003910583091	-0.205686407474554	-0.248588493877741	-0.229209963835598	-0.125860780239107
-0.20770071103849	-0.32356250730993	-0.234846211237449	-0.305327649527698	-0.264251671691658	-0.152321994738518
-0.218177616357318	-0.372302688829645	-0.258754774294034	-0.35555209672528	-0.293549475040224	-0.175486789161196
-0.223638973505816	-0.412766773529248	-0.276625259945108	-0.397718876986459	-0.316222143331181	-0.194573983593909
-0.223826340103198	-0.443429169474568	-0.287731497816655	-0.430244865084306	-0.331392987857554	-0.208824010657425
-0.218367712094982	-0.462524841292007	-0.291263643673262	-0.451362441398397	-0.338020160365737	-0.217426547384701
-0.207161830893867	-0.468919483378692	-0.286855045531342	-0.459959677379382	-0.335518459096325	-0.219920225289166
-0.190383399463715	-0.462257719975226	-0.274610677371929	-0.455718793414381	-0.323824306775865	-0.216237209483148
-0.168521018236752	-0.443090608268275	-0.255135736587622	-0.439220697037206	-0.303467079134264	-0.206732873974898
-0.142391672266101	-0.412890757219506	-0.229510839336647	-0.411936269160012	-0.275576574486966	-0.192167365944878
-0.11285644735775	-0.373241157883624	-0.198810045514375	-0.375409271051966	-0.241338766332212	-0.173311634209748
-0.0808937424461251	-0.325946999786966	-0.164177423602656	-0.331357832922595	-0.202094688804391	-0.151002017649653
-0.047402143984755	-0.272463129317484	-0.126523445696798	-0.281116080914568	-0.158970445914361	-0.125885914892662
-0.0131206932013548	-0.21368860097917	-0.0864379868953749	-0.225448953720602	-0.112748396595662	-0.0983452526529295
0.0213654515136915	-0.150111682859581	-0.0442857487908496	-0.164723072339919	-0.0639500673783426	-0.0685818431024194
0.055560731836239	-0.0819281845639069	-0.000320284433621632	-0.0990305310992422	-0.0129301169530255	-0.0366807165459659
0.0889155212792671	-0.00979759144931054	0.0449391924871724	-0.0289671078284413	0.0396854168615517	-0.00296270154238837
0.120718358160043	0.0648219286230391	0.0905231503980233	0.0440407391677861	0.0927895245866969	0.0318696489989625
0.150049326496173	0.139516525636792	0.134943701914488	0.11759123704633	0.144704069535423	0.0666718911626615
0.175876924977909	0.211166127145695	0.176366038886986	0.188566310283743	0.193358435875144	0.0999839304005898
0.197047143198729	0.276334694431601	0.212775360520466	0.253554634103523	0.236474952307149	0.130214133342246
0.212666180334546	0.332148483103604	0.242533407290159	0.309708781901707	0.272188815732781	0.156042810920719
0.222218503210989	0.376855505247506	0.264661816631501	0.355306151752351	0.299372401778186	0.176671659226814
0.225651524231058	0.41010995226047	0.278993768923011	0.390019986263234	0.317809178059971	0.191945505605197
0.223398693883865	0.432919170496048	0.2861582877687	0.414846353860856	0.328176873685923	0.202322881411913
0.215977010936662	0.446602010433088	0.286962143507732	0.431064230674978	0.331337137289814	0.208395107789967
0.204039594123635	0.452487922177259	0.28229566397216	0.439913000695245	0.328228791192124	0.210758578496418
0.188074511483816	0.451017054974898	0.27262775608314	0.441703968578842	0.319290025721787	0.2096110420511
0.168285707879598	0.441378540771837	0.257804595414183	0.43547470464785	0.304234626273604	0.204594701386377
0.144673515102667	0.421842936488416	0.237216858104451	0.419341630654152	0.28226116979389	0.194953450453063
0.117032964075465	0.390025760857678	0.209901544667058	0.39079099705014	0.252176321585366	0.179642294186887
0.0854310173702509	0.344488054004273	0.175391898621884	0.348288427729248	0.213403483722887	0.158055780295414
0.0503883395993233	0.285514971372787	0.134104319094379	0.292066039037735	0.166433687909677	0.130367094994736
0.0130005410353801	0.215583055815619	0.0875742061936135	0.224585861939897	0.113093656427173	0.0977299256000924
-0.0251286366677013	0.139166194470883	0.0383442190531277	0.150337249392279	0.0564025091748935	0.0621869658601827
-0.0621624967445535	0.0615337367440155	-0.0106312581665433	0.0746051711292904	-0.000158811164780254	0.0261246126758501
-0.096392940560073	-0.0123873439854915	-0.0566039773390922	0.00233159662740446	-0.0533761638685674	-0.00822723445722591
-0.126614218265063	-0.0794666081401611	-0.0977697364795751	-0.0633554162454509	-0.101183136576298	-0.0394411848808323
-0.152347621944576	-0.1391977693286	-0.133692707337227	-0.121974464176766	-0.143156815433841	-0.0672553848217244
-0.173872287396495	-0.193660335022495	-0.165305647902483	-0.17564334335652	-0.180496725872912	-0.0925535936323489
-0.191795411333062	-0.246315068997987	-0.194228233415407	-0.227888995659625	-0.215208916429355	-0.116822558004133
-0.206797648952192	-0.300431365149701	-0.222052439428334	-0.282033965127928	-0.249214199527025	-0.141463550067098
-0.219101954163309	-0.357153335001083	-0.249342463746223	-0.339257247037589	-0.283147971795213	-0.166939201616484
-0.228148255984996	-0.41415787283016	-0.274965755339439	-0.397241064859526	-0.315558732737332	-0.192188501993006
-0.232625747541862	-0.465525608839326	-0.296064822781764	-0.450028470141329	-0.342879158015482	-0.214583417607474
-0.230540543061628	-0.502368312655128	-0.308317980320533	-0.488672135388768	-0.359770459013144	-0.230204218254719
-0.220089084258442	-0.515536150910527	-0.307410521995031	-0.503918326438619	-0.360889080144834	-0.235055199572787
-0.200268397447804	-0.498167454657922	-0.290295537995336	-0.488774257616515	-0.342425890468225	-0.226186181016729
-0.171456751830958	-0.448099310457323	-0.256389120892418	-0.440932508888376	-0.303558444531201	-0.202749120368286
-0.135723764960528	-0.369333067923366	-0.208274479514394	-0.364251267290817	-0.247307174970867	-0.166633998907507
-0.0964720968477808	-0.271327333126412	-0.15124369860839	-0.268070309443651	-0.179994045178077	-0.12212750073667
-0.058043847895678	-0.167720122147212	-0.0926237720163425	-0.165940102714396	-0.110425863573955	-0.0753445014574337
-0.0247641188915841	-0.0731664578590282	-0.0401023119484339	-0.072471361352689	-0.0478765339380973	-0.0328142830544342
