2.99463899731659e-11	1.33951110331982e-10	1.28117777384791e-11	1.76147017682969e-10	2.01730407225545e-11	1.32150877906768e-10
4.04231066030125e-05	5.37341311504263e-05	8.13716873927596e-05	1.52517039582288e-05	5.08751407678146e-05	2.91921590627828e-05
9.20298790270059e-05	0.000158756997012091	0.000247929556163744	7.29182502659052e-05	0.000153239922253298	8.73252349778079e-05
0.000147533041512031	0.000335543981580806	0.000527273539750527	0.000196037863838688	0.000325208658993388	0.000190143561094114
0.000197913519010199	0.000604822693932893	0.000938205895149646	0.00040317540167613	0.000581342036369044	0.000355083980450911
0.0002336634013981	0.000985275870875722	0.00148553232994405	0.00070414971298642	0.000929889233592577	0.000597206782633983
0.000254745607640686	0.00150010651314439	0.00216457720916213	0.00109908804567608	0.00136736964150526	0.000932827839832633
0.000241712232155972	0.00214839697144644	0.00294012114431282	0.00157828132967714	0.00189247226151602	0.00134754860423363
0.000181753646075031	0.00292924818694219	0.00377096059417094	0.00212876486145473	0.00249597672102026	0.00181931534618764
6.27821225159363e-05	0.00383639615344363	0.00461206494775255	0.00273971879546003	0.00316547769247814	0.00231509087508247
-0.000125506144892309	0.00485878613333973	0.00542155162921279	0.00340685759624804	0.00388598574058502	0.00279782086203292
-0.000366271790569219	0.006044743135515	0.00620020276918908	0.0042010151398379	0.00466838082715185	0.00327100633696787
-0.000692558372132506	0.0072917382496826	0.00687816669183508	0.00504885798491485	0.00545363290571098	0.00367346852718469
-0.00111564626429168	0.00853179991016049	0.00741389611756522	0.00592252829967057	0.00619545450020457	0.0039875744508881
-0.00163818065242277	0.00969115662212915	0.00776796956710312	0.00679263512546289	0.00684206481861396	0.00421805571363528
-0.00224917031963529	0.0107001650959736	0.007904225894287	0.00763265458956004	0.00734211462800805	0.00439084791597484
-0.00289871915902976	0.0115928015224032	0.00783751777849338	0.00852025751287825	0.00769785144623852	0.00459245183082119
-0.003572553529296	0.0122119753228047	0.00748738461116775	0.00931501114278762	0.00781992385149336	0.00479629942089099
-0.00423150306547005	0.0124740391183907	0.00681429539164546	0.00994102808495047	0.00766607785352152	0.0049860802362504
-0.00483337140281019	0.01230757801159	0.00579463161240235	0.0103204598588395	0.00721352343992811	0.0051121388381463
-0.00533838244197341	0.0116616325115544	0.00442976757436713	0.0103835339780398	0.0064637463750923	0.00509443283075202
-0.00570844293962665	0.0105738034004705	0.00277552988925457	0.010149041741653	0.00547752247110658	0.00486301806243784
-0.00593115852116548	0.00896403765384117	0.000857749705248275	0.00948930974307812	0.00425237699566415	0.00428567633820521
-0.00600377264688198	0.00681462676716296	-0.0012638950583912	0.00834088564519537	0.00281517920493844	0.00327161165076242
-0.00593568311098992	0.00412566143141937	-0.00352426547719045	0.00665605551471372	0.00118847993255222	0.00177351037203131
-0.0057434716032078	0.00092049633726706	-0.0058612549378715	0.00441146715205107	-0.000612697618959181	-0.000196055703422745
-0.00546671904612132	-0.00275585839180713	-0.00823698155228848	0.00161766070685678	-0.00258323397610942	-0.00256853514681452
-0.00509192766367794	-0.00681401382176237	-0.0105882004462472	-0.00168488536995694	-0.00471399730744636	-0.00520340612349241
-0.00461336361732293	-0.0111399553318651	-0.0128681799476575	-0.00541945003347175	-0.00699363100353613	-0.00793280744350159
-0.00402060849384139	-0.0155963222005046	-0.0150307834830896	-0.00947927385572204	-0.00939916457335523	-0.0105842408669694
-0.00330586115274461	-0.0200311396907874	-0.017026015077963	-0.013734549977342	-0.0118900826834315	-0.0130080750295794
-0.00251837560466707	-0.0243673343296018	-0.0188537661989198	-0.0181119993709622	-0.0144529394345879	-0.0151417544618318
-0.00161903761811606	-0.0283551592786501	-0.0203813732310528	-0.0223731117309659	-0.0169493319591269	-0.0168713628667528
-0.000616897750551767	-0.0318106201921606	-0.0215116350896227	-0.0263277095241407	-0.0192589077918197	-0.0181556030069981
0.000462796305439692	-0.0345726845804909	-0.0221554553772392	-0.0297965185565621	-0.0212591593686735	-0.0189827777488036
0.00157933424861436	-0.0365179155291377	-0.0222481277164285	-0.0326260697320354	-0.0228421361766491	-0.0193580534791682
0.0026393025076511	-0.0376761242918922	-0.0218280072559994	-0.0348044001104992	-0.0239943767432172	-0.0193439272449705
0.00364725293110172	-0.0378754580105022	-0.0208192569850421	-0.0361184600864789	-0.0245829536890914	-0.0188776215556406
0.00459210056360905	-0.0370467526137318	-0.0192206611874192	-0.0364583687332083	-0.0245477431892164	-0.0179222352209852
0.00548330097781149	-0.0351426696295676	-0.0170507238343705	-0.0357451859252083	-0.0238508468801987	-0.0164371057471388
0.00634843190684798	-0.0321416297235628	-0.01434319357359	-0.0339403509634385	-0.0224755475267123	-0.0143943115128242
0.00721390558307729	-0.0281290665199454	-0.0111758013041886	-0.031137964439049	-0.0204658789773728	-0.0118304150149684
0.00813507156086522	-0.023050294133212	-0.00755692573232533	-0.0272880677439248	-0.0177848845607388	-0.00873992293889418
0.00915041560163765	-0.0169366453748335	-0.00352018099729453	-0.0224411624002537	-0.0144343742839176	-0.00518069847564284
0.0102808404321521	-0.00985997123981692	0.00089733498777453	-0.0166872735525345	-0.0104272596960693	-0.00124476375506102
0.0115232039316869	-0.00194581886204077	0.00564924153428324	-0.0101583549541333	-0.00579513173271726	0.00294905793688979
0.0128826222660681	0.0066234615701292	0.0107006224890789	-0.00303018981007197	-0.000583351411001005	0.00727222450789919
0.0142709716937469	0.0155991000749085	0.0159417156030606	0.00450615305179144	0.00510468668113401	0.0115796150676818
0.0156130179834576	0.0246919129673057	0.0212617818268538	0.0122461223777541	0.0111426345361828	0.0157368245445207
0.0168388231399446	0.0335937670602222	0.0265334032067654	0.0199951811737214	0.017377503504349	0.0196228371079046
0.0178995616387631	0.0420058514551318	0.0316155951179598	0.0275850006286503	0.0236380554950897	0.0231323380195424
0.0188428399084671	0.0497523465785626	0.0364265721431619	0.0349698847361955	0.0298081919378246	0.0262239180808419
0.0195947411379334	0.0565128058083949	0.040709109445155	0.0419386040868763	0.0356257139806443	0.0287549051840103
0.0201403267433597	0.062081419278167	0.0442397830954175	0.0483547964087561	0.0408745142643029	0.0306229155451678
0.020462633179015	0.0663048140658692	0.0467908035279408	0.0540795175551016	0.0453488751022044	0.0317351860590122
0.0205306749967756	0.069076591610171	0.0481552195028805	0.0589578205475347	0.0488662090162137	0.0320193368063146
0.0203497231570673	0.0704467605193316	0.0482555271131799	0.062942837303356	0.0513585781389577	0.0314976821623847
0.0197563606514396	0.0701996395740679	0.0469122989384242	0.0656422858815537	0.0526127196305518	0.0300862595520171
0.0185986764442304	0.0681970019171717	0.0440911027366524	0.0667204508548833	0.0525088096471391	0.0277797348631573
0.0167121957889911	0.0642952381846986	0.0398546276309181	0.0658336102523747	0.0509692849370591	0.0246050879195608
0.01395306666318	0.0583721350081443	0.0343576274016531	0.0626861789706831	0.0479692542405783	0.0206192860937886
0.0102506993031574	0.0504486468589275	0.0278562878429809	0.0571899278175572	0.0435889649386704	0.015943106911699
0.00558202702429948	0.0404377334274045	0.020555704129964	0.0491807359455827	0.0378609444408487	0.0106181186343686
3.58328881573922e-05	0.0284214297530964	0.0126664291917346	0.0387325221526371	0.0308976396783938	0.00471744934289743
-0.00620109279868006	0.014605633474096	0.00435033709992593	0.0260859223473242	0.0228503718896347	-0.00168211578367477
-0.0128632341994087	-0.00067443718572755	-0.00428403743210293	0.0116273604841931	0.0139032591838362	-0.00848871301310591
-0.0196831464656792	-0.0169732117903784	-0.0131980751107186	-0.0041463380670856	0.00424280418069038	-0.0155852458283405
-0.0262969072361446	-0.0337519398891725	-0.0222635088808165	-0.0207147778481462	-0.00587226391735259	-0.0227968977811967
-0.0324072503583618	-0.050434788437265	-0.0313257824220279	-0.0375615510098372	-0.01618640831397	-0.0299003527606824
-0.0377873063651273	-0.0664498664130526	-0.0401494957872729	-0.0542161158714496	-0.0264391423653428	-0.036625707372131
-0.0422987142318482	-0.0812649589730714	-0.0484185819267981	-0.0702610472808341	-0.0363740750500284	-0.0426762067083536
-0.0459715078599886	-0.094501616567295	-0.0558680754451531	-0.0853915142792341	-0.0458381403861307	-0.0478114183566739
-0.0487092961751856	-0.105638880255435	-0.0620132221270065	-0.0991243884980205	-0.0544882187503463	-0.0517123406063878
-0.0504967534786765	-0.114276702333557	-0.0665061964796135	-0.110991874936275	-0.0620604324511648	-0.05416466441274
-0.051313142243826	-0.120069200074864	-0.0691278107772133	-0.120477618264376	-0.0683149652207902	-0.0550457812661333
-0.0511205301434638	-0.122733571890713	-0.0698258245445791	-0.12704448475443	-0.0730501460819632	-0.0543345080508737
-0.0499451238372662	-0.122198973336032	-0.0688183368036612	-0.130312595078257	-0.076221440127538	-0.0521677356832149
-0.0476312957177169	-0.118190136485769	-0.0661789471385238	-0.129743928176684	-0.0775845469367491	-0.0485934290372014
-0.0440940540343601	-0.110636545354199	-0.0620759352811724	-0.125065637280734	-0.0770098783056328	-0.0437300991991223
-0.0392920777805368	-0.0996062291297581	-0.0566203512477801	-0.116248154961679	-0.0744070174353772	-0.0376929638961291
-0.0332568410937602	-0.0853324564130334	-0.0498292970005139	-0.103536534918377	-0.0697359830157606	-0.0305855836476563
-0.026133743941155	-0.0683084298103138	-0.0416847170321506	-0.0875280758586878	-0.0630793864858906	-0.022553145286447
-0.0180912536916813	-0.0489694959166755	-0.0320218224315964	-0.0687796567160027	-0.0544524227969084	-0.0136472247936918
-0.00937703329772901	-0.027904915212009	-0.0207593238855021	-0.0479904994657714	-0.0439847336691097	-0.00398082785798575
-0.000271200714763504	-0.00573730759836503	-0.00795445525109602	-0.0258343543319471	-0.0318827509088112	0.00628776786695853
0.00893922611533339	0.0169268802877847	0.00612973015606364	-0.00289471586618487	-0.0184341592494511	0.0169480577197531
0.0180256003107414	0.0395382747675832	0.0210528921207754	0.020345484251701	-0.00397364710089581	0.0277497468492506
0.0266731946563444	0.0616087024363915	0.0361079208461245	0.0435175524036595	0.0110357647433792	0.0384172438564378
0.0346160634382198	0.0827149656976691	0.0505446849404527	0.0662757021046731	0.0261142764510169	0.0486837443028177
0.0416030289572732	0.102469565712639	0.0636666613366791	0.0882347559190592	0.0407782573019721	0.0583074685298871
0.0474019451501847	0.120484182494195	0.0749447309640466	0.108913621943265	0.0545756326706979	0.0670720181288938
0.0519102069139228	0.136440131197373	0.0841900280533343	0.127818986298316	0.067222502289401	0.0748159218271565
0.0548440192430179	0.149740385233257	0.0911924807437275	0.144145806136933	0.0782641873916042	0.0812458552094019
0.0560495428825093	0.159820106814139	0.095968767773498	0.157147729246993	0.0873908173210013	0.0860511883803081
0.0554585214704096	0.166124654932837	0.0985885198220194	0.166173123440556	0.0943584675974888	0.0888704886494373
0.0531121190679649	0.168186723134801	0.0990869133764961	0.170772430558139	0.0989875284985524	0.0893284987766844
0.0492612589783992	0.165844692425191	0.0975297452482525	0.170925526888181	0.101281496979902	0.0871787558217545
0.0440321474715764	0.158841076006809	0.0936328879958684	0.166522256992557	0.101012938313371	0.0821469771552789
0.037663351011736	0.147251488632842	0.0871610118006548	0.157768204463243	0.098081085156866	0.0742222110711072
0.0303939397418997	0.131376572760454	0.0779482812499446	0.144980208157489	0.0924362331339224	0.0636509938087583
0.0224314120378862	0.111706302001194	0.0660118160635592	0.128495293898684	0.0841075065314076	0.0509318839403172
0.0139694846446704	0.088954792894447	0.0516830426408899	0.108719207542464	0.0733022995322278	0.0367941600300319
0.00507713723425862	0.0636618477798888	0.0354233327254912	0.0857079813385945	0.0601823660851419	0.0219107811883065
-0.00417647448148863	0.0364102049600172	0.0179219728608404	0.0595447539268782	0.0450751116367606	0.00689758568878809
-0.0137067299435089	0.007720509743499	-6.32549365906144e-05	0.0303442841935338	0.0284082882191449	-0.00784025110934665
-0.0233688610244844	-0.0219411499862366	-0.0178347188829673	-0.00162237235232618	0.0106867403847304	-0.0221595766404791
-0.0329741026946112	-0.052135669730501	-0.0348927938299888	-0.0358131665042012	-0.00756732021014553	-0.0361514985230192
-0.0421304458371898	-0.0823640734947686	-0.0508628976897485	-0.0713660078178076	-0.025775534666011	-0.0500125709467535
-0.0504056842763921	-0.112046826405464	-0.0655739160142755	-0.107106331341293	-0.0434130204309356	-0.0639001855105515
-0.0573505226354305	-0.140486877226068	-0.0789522982653016	-0.141644248425475	-0.0600204960494385	-0.0777712433389042
-0.0625715387390541	-0.166872061769994	-0.0909180866236775	-0.173526697135313	-0.075218527049534	-0.0912787431918205
-0.0659084331145498	-0.190420364937401	-0.101416499422296	-0.201517256720707	-0.0888226636601815	-0.103825364352264
-0.0671167690320452	-0.210093476106041	-0.109976792967325	-0.224400300220504	-0.10043644033549	-0.114445566224459
-0.0661934819662412	-0.224993690286817	-0.116088905319137	-0.241385166087847	-0.109772497551146	-0.122167168843161
-0.0632761540944605	-0.234376744248897	-0.119205485570756	-0.252056744689739	-0.116555203229831	-0.126176476938913
-0.0585981143128999	-0.237731328989017	-0.118870016021625	-0.256335157781981	-0.120526897484514	-0.126004019615536
-0.0525415997116399	-0.234978004777976	-0.114979675644168	-0.25452970273987	-0.12161893950421	-0.12170906437456
-0.0451975479791295	-0.225973742391855	-0.107374290768278	-0.246739359842789	-0.119473429673806	-0.113585265850818
-0.0366530934585436	-0.210925943390157	-0.0962601285185689	-0.233189074110989	-0.113918180207551	-0.102282176689719
-0.0269035238427155	-0.190235199180049	-0.0820481352791638	-0.214087076524008	-0.104891251666869	-0.0885575374654713
-0.01588869594931	-0.164449211499441	-0.0652666145439284	-0.18965885852593	-0.0924761834192597	-0.0730917306755829
-0.0036151943847857	-0.134312929441952	-0.0465538378212236	-0.160338165595874	-0.0770173044566826	-0.0564188516299611
0.00997226985784422	-0.100424321982018	-0.0262930847079641	-0.126493388286958	-0.0587830992010973	-0.0386912828022886
0.0247576346085802	-0.0634948413601407	-0.00484245463772051	-0.0888255832430974	-0.0382266540820078	-0.0199265434680832
0.0404560802663779	-0.0242863483024251	0.0175025604812893	-0.0483131088902392	-0.0158770556260773	-0.000109565726961446
0.0566030841807478	0.0163643128614217	0.040440552131908	-0.00617785504492232	0.00769072997042585	0.0206359519424705
0.0726187887605754	0.057530577582552	0.0636142899448404	0.0362083047825299	0.0318922372374011	0.041923837491739
0.0877403233822188	0.0981629166936353	0.0864779061343003	0.0774864786223234	0.0561052706051971	0.0630537615935291
0.101213681112985	0.137133417340685	0.108364423531559	0.116441562244485	0.0797099227257052	0.0830965675561192
0.112350544599848	0.173283011887916	0.128508168826135	0.152122554632758	0.10207653310449	0.101050714906654
0.120602423989645	0.205499617652381	0.146119278827071	0.183891334481804	0.122562711929437	0.116038522342517
0.125729116034601	0.232928457093164	0.160588768952914	0.211514532338163	0.140642562014351	0.127536387905009
0.127418115845953	0.254653319483782	0.171154019149894	0.234674618997638	0.155515408527073	0.135264070105182
0.125618336919929	0.270106305041934	0.177296076782105	0.253194733157514	0.166505877536578	0.139348127366654
0.120422215548692	0.278993597166145	0.178663465233938	0.266837126539573	0.173029494437791	0.140166189498355
0.112030115639748	0.281270708617665	0.175072439595287	0.275241392700787	0.174661295309079	0.138183793962819
0.100848426246941	0.277248610031452	0.166650810244694	0.278114875053745	0.171358770733233	0.133883305915346
0.0870071969988164	0.266943721022531	0.15333883689813	0.274688791490326	0.16295152361267	0.127346851174914
0.0707327847591018	0.250512969588294	0.135343651235625	0.264389678969784	0.149628638428287	0.118505671320793
0.0522532965187016	0.228099522812868	0.113053049224253	0.246847463320631	0.131796365475924	0.107137465168729
0.0318255087846703	0.199871842651523	0.0870631437772278	0.222030919116472	0.110042618151088	0.0929987468066798
0.00984557666943372	0.166223383563294	0.0582769403604022	0.190466186033568	0.0852015637988249	0.0760328757091834
-0.0133778104598498	0.12749978200217	0.0275379050886392	0.152759578342312	0.0579033813901567	0.0562687735039094
-0.0373851508969847	0.0844301229119939	-0.00415983534868455	0.109945467072768	0.0288694110900142	0.0340529637724449
-0.0616161429381566	0.0380808930809165	-0.0358405648756213	0.0632584674852104	-0.00120767489426553	0.00997677927940661
-0.0854164658951644	-0.010172930069097	-0.0666302731037189	0.0140118272845228	-0.0316663529308119	-0.0151963629832708
-0.108083593639096	-0.0587657884808626	-0.0958148887376632	-0.0364962158974382	-0.0618559737253937	-0.0406298728127328
-0.128833923357609	-0.106085038895806	-0.122824749914929	-0.0870553241186536	-0.091136656849153	-0.0654775783312861
-0.146918346687778	-0.150673970805097	-0.147213174580622	-0.136524855874067	-0.118841418307711	-0.0889523743311805
-0.161656107089618	-0.191368049938206	-0.168579555573348	-0.183800740004055	-0.144275574611461	-0.11034024402451
-0.172480730065581	-0.227351986481924	-0.186495948540202	-0.227760529855374	-0.166726310620358	-0.128999670903809
-0.179079519736634	-0.258248530372049	-0.200578918577942	-0.26735814254402	-0.185603219073143	-0.144440909402907
-0.1810649539506	-0.283554272280179	-0.21011584613828	-0.301187803786593	-0.200104963258027	-0.156089895223019
-0.178290986441931	-0.302879663347785	-0.214475626811837	-0.32794046776836	-0.209605565008404	-0.163563723736986
-0.170772902198188	-0.3157253343727	-0.213130918255945	-0.346421091000952	-0.213623664574879	-0.166665191776667
-0.158682387701058	-0.321452910084472	-0.205781216476147	-0.355699028353319	-0.211872654193934	-0.165423553433181
-0.142464542025034	-0.31955130709935	-0.192608047027358	-0.355444027364101	-0.204462073309127	-0.160204735468601
-0.122388745426566	-0.309198168304561	-0.173756309454313	-0.345366285840859	-0.191332605282996	-0.15128571348894
-0.0989100098530768	-0.290043217346511	-0.149786396824208	-0.325831499652951	-0.172750804528734	-0.139093786102792
-0.0725568390453591	-0.262263679525357	-0.121455773056492	-0.297668499650883	-0.149147358095449	-0.124019379288696
-0.0439254951313017	-0.226672047865535	-0.0896104877373641	-0.262077472979362	-0.121086693938438	-0.106349722173064
-0.0137633914148372	-0.184803814750401	-0.0552093220849312	-0.220646847943328	-0.0893715782426114	-0.0863375992797592
0.0173379055427406	-0.138291951678854	-0.0188526402857836	-0.174720775274317	-0.0545537474944502	-0.0640102573830632
0.0486913685207094	-0.0889761586302012	0.0188529850232505	-0.125731462624419	-0.017333210676309	-0.0395105764103749
0.0795934788238508	-0.0385057217742815	0.0573393018682263	-0.0750100971985685	0.0215472362237399	-0.0131674689615576
0.109332168827328	0.0118632632714771	0.0959909668908131	-0.0237688513963592	0.0612793752696172	0.0144099269928917
0.137202915331637	0.0613274041868211	0.134053777429556	0.0268750982234191	0.100939239642873	0.0423262402718002
0.162502835226821	0.10941097594429	0.170637747046029	0.0759015722900866	0.13955805546852	0.0694686684176284
0.184567919729926	0.155750032372561	0.204694462199283	0.122337848472282	0.176051070359936	0.0946938961920108
0.202783712116105	0.199821952637693	0.235089921698153	0.165268369534279	0.209273464064788	0.11701895239489
0.216601513731076	0.240742485718742	0.260697988865781	0.203858541736261	0.238081451860484	0.135780650608174
0.22565510659461	0.277356206166512	0.280597866450845	0.237547125299296	0.261516568097821	0.150779698497279
0.229445585358412	0.307866660621473	0.293819859392149	0.265575114934679	0.2785526941082	0.161977156413659
0.227668834406238	0.330565225682927	0.299698816299478	0.287478573232316	0.288484209289372	0.169585875938357
0.22016458370006	0.344053544077021	0.297813830389991	0.302966770728043	0.290900166132336	0.173820999728476
0.206948326059407	0.347546367273651	0.287993667960472	0.311896956535964	0.285703964416183	0.174743624201427
0.188370369679618	0.341236218574452	0.27047404810058	0.314452892651132	0.273260798374916	0.172313787401145
0.164674265289839	0.325561401516009	0.245388909414067	0.310315093376172	0.253773980299774	0.166047253169103
0.136396941636168	0.301635960224544	0.213265711745784	0.299329603474256	0.227734714565769	0.15554107423119
0.10423727505081	0.270768625664482	0.174924873803813	0.281318049388799	0.195731435117722	0.14059160180404
0.0690201417997799	0.234169479000028	0.131488944484835	0.256129285533559	0.158428198496372	0.121381397361107
0.031742963700411	0.192907130195409	0.0844822964212101	0.223894485959399	0.116721230222451	0.0986434826611069
-0.00679104786007016	0.147416309363491	0.0353035198843235	0.184567417839168	0.0712802566697955	0.073314058654888
-0.0457264806889933	0.098089634969598	-0.0144960209567894	0.138546835038117	0.0230444743370532	0.0465915398701525
-0.0842459265448377	0.0454129444168194	-0.0634502195616062	0.0866071242705337	-0.0268596707806902	0.0196098257652281
-0.121556758902159	-0.00978067541197952	-0.110284002862188	0.0299244616347306	-0.0771086803764158	-0.00679394125306667
-0.156853503206372	-0.0661776309574842	-0.153941732350516	-0.0299530260557873	-0.126180053579949	-0.0322127005482054
-0.189309970028061	-0.121983438429208	-0.193674551608384	-0.0912161783310948	-0.172579498660396	-0.0566120306684422
-0.218044138342198	-0.175164177529685	-0.228897433329841	-0.151906277167624	-0.214837178202743	-0.0801852211698485
-0.242135243157914	-0.223749759343821	-0.259112000298162	-0.210058443300059	-0.251667823519069	-0.103084251685112
-0.260673580299885	-0.266143499903264	-0.283813000804941	-0.263822385335649	-0.282070089150778	-0.125168826514427
-0.272925149267394	-0.30147890686143	-0.302532285260294	-0.311703644064013	-0.305467214182138	-0.145958814427483
-0.278165629452742	-0.329105197793982	-0.314539400537591	-0.352085965407045	-0.32140089252278	-0.164318408028797
-0.276028702605181	-0.348933220259425	-0.319225894792721	-0.383735067479731	-0.329755011683773	-0.178951610722166
-0.266507068992057	-0.361032981968093	-0.316151094044502	-0.4056657298171	-0.330599540177082	-0.1886121415412
-0.249967723206372	-0.365369722168562	-0.305169195508062	-0.417144191804331	-0.324110142608696	-0.19240882359354
-0.227224370858343	-0.361866342077739	-0.286675577235369	-0.41792461459895	-0.310685467469488	-0.190130543319244
-0.199032728472624	-0.349700206107413	-0.261055754742756	-0.407528018127202	-0.290348046676355	-0.181905599040929
-0.166331362259147	-0.328210167964965	-0.229129336314787	-0.38599804103951	-0.263310350726896	-0.168439328875925
-0.130029990512438	-0.297046068422961	-0.191888300002222	-0.353761669758887	-0.229891269610401	-0.150667413025899
-0.0909403644418134	-0.256504317146453	-0.150362667994147	-0.311670877196103	-0.190586183959788	-0.129483040536646
-0.0498595124703769	-0.207868037795331	-0.105649578571316	-0.261180492047793	-0.146262432050539	-0.105625772122496
-0.00730462400650101	-0.152892415060551	-0.0584078382014894	-0.203720863842759	-0.097664547567655	-0.079326426148394
0.0361213319444992	-0.0939987724074102	-0.00930426039563678	-0.141162831396539	-0.04584107945729	-0.0506886396307774
0.0797058933325938	-0.0337288666343097	0.0410077279645258	-0.0755555901698268	0.00803878586621443	-0.0198346150398455
0.122557510103918	0.0256990587797368	0.091769915562936	-0.00900448901857488	0.0627469502976592	0.0128523503798614
0.163585783276525	0.0827263601163971	0.141991213494359	0.0564462054766863	0.116999400116214	0.0465788380193466
0.201600672481824	0.136513198374916	0.190527584928132	0.11893081640426	0.169635031884486	0.0801070175893429
0.235410342227614	0.186815387224392	0.236037627692187	0.176830807308417	0.219475591231153	0.111956545442352
0.263969037400179	0.23360829890657	0.27711595194216	0.22882526393291	0.265343255835468	0.140674643223322
0.286498743334413	0.276652988083437	0.312435045371856	0.273908024771134	0.306046103248429	0.165130150466892
0.302629439421344	0.315333637639401	0.340957304555575	0.311569150293399	0.340473185551029	0.184813944825908
0.312131333285965	0.347942759628558	0.361752517262252	0.341131877072872	0.36737427691238	0.199530955214765
0.315076431450683	0.372434589978174	0.374283705504881	0.362328096250959	0.38571606442698	0.209576908033365
0.311650247935766	0.386689879492053	0.378294259603227	0.375088280138726	0.394720742638421	0.215378811596646
0.302030894158443	0.389058235371185	0.373731556655154	0.379494078943974	0.393964057011078	0.217207026228502
0.286428164336847	0.379090398363577	0.360810002452323	0.376003256302883	0.383587410368554	0.215115015712914
0.264678900890788	0.356957868581206	0.339492680509681	0.364460143857521	0.363755699801907	0.208473369867696
0.236680736984548	0.324223279549276	0.309957233450985	0.344968381757968	0.335095035415594	0.196580979579925
0.202426547862012	0.283277387487195	0.272542060835353	0.317648823210161	0.298454955032262	0.178862692470462
0.162156606937074	0.236803303309417	0.227845859800906	0.282683404386482	0.254804720693245	0.155209268851209
0.116568478979669	0.187374297804095	0.176933873889727	0.240584498141142	0.205297462778612	0.126296426238389
0.0665698622357018	0.136426363603354	0.120970111650886	0.191596166047995	0.150763425481864	0.0933137339217934
0.0135062123956724	0.0846483701900816	0.0615530535581788	0.136423317019502	0.0921848051901852	0.0580482040581626
-0.0410165883596923	0.031963131959387	0.000512213158482255	0.0761046448072344	0.0306487917188959	0.0224386341592401
-0.0952827383464091	-0.0220821494683318	-0.0602412809627381	0.01202281926576	-0.0325677292581384	-0.011842566008018
-0.147613669416865	-0.0778260052051512	-0.118846104683467	-0.054141255149454	-0.0959038074912808	-0.0437315204360615
-0.196517063351304	-0.134988750200911	-0.173729775851086	-0.120521378207193	-0.157671766246592	-0.0728714668333002
-0.240751493579898	-0.192458046953883	-0.223613299669244	-0.185189373621979	-0.216023611361293	-0.099542482426317
-0.279328592049102	-0.248278645415051	-0.26753538400624	-0.246294966299817	-0.269128098447625	-0.124339618198127
-0.311470907018942	-0.299910550048837	-0.304797665123883	-0.302172443833621	-0.315339864783761	-0.14776785737615
-0.336625306648073	-0.344841041577439	-0.334964380990935	-0.351590359269043	-0.353431744074155	-0.170003886310998
-0.354174719527969	-0.380425739104468	-0.357494711314706	-0.393102889369635	-0.382417730539575	-0.1903084049472
-0.363683986692068	-0.404880791360676	-0.372003940560475	-0.425641865654416	-0.401853466184633	-0.207464506406707
-0.364856714864334	-0.417314517480343	-0.378186831231935	-0.448298639032693	-0.411701309562687	-0.219938491552569
-0.357586690806058	-0.417721194296509	-0.375867906381741	-0.460296835712666	-0.412218863318742	-0.22627140726547
-0.342112393872202	-0.407052164501771	-0.365217345217506	-0.461281739818049	-0.403981062688786	-0.225617328104443
-0.318690473158361	-0.3860789550553	-0.346300683281223	-0.450435179187524	-0.387248949839543	-0.217463332684014
-0.287935386299203	-0.355964667519765	-0.31959718246335	-0.427491658033424	-0.362422423243376	-0.20218547014269
-0.250686929760551	-0.317843777550343	-0.285835699520409	-0.392612116855803	-0.329904207048781	-0.180762707449584
-0.20795387894626	-0.272752619295292	-0.245927305269641	-0.346490596763518	-0.290157827446564	-0.154499019597661
-0.160921411415462	-0.221822078574657	-0.200994194437764	-0.290604324943884	-0.243918378327844	-0.124821255033409
-0.110679913813008	-0.165810330728146	-0.151880220283273	-0.226464946820712	-0.191824717755923	-0.0926850687351949
-0.0584091120223048	-0.105745865143573	-0.0994851306853858	-0.156178863257632	-0.13488106641062	-0.0588235666031893
-0.00532267673229865	-0.0428332708230169	-0.0446700713186757	-0.0820752081342953	-0.0743438568611221	-0.023708880061459
0.0473252482343121	0.0215434104042498	0.0116831500628837	-0.00650776982459953	-0.0116826598908637	0.0122912034520055
0.0982524866417327	0.0858826750994045	0.0685712378135079	0.0683122466463204	0.0514623309687155	0.0487452017353119
0.146166046289566	0.148607400270577	0.124858899545777	0.140466144691022	0.113465152780252	0.0850215526574513
0.189875429045985	0.208177765936583	0.179224747871592	0.208335137158785	0.172726847167557	0.120296002131863
0.228357056532729	0.263134864926003	0.230199891041751	0.270576426253749	0.227762151005645	0.153621467212697
0.260826133836738	0.312125736823692	0.276262851169516	0.326042920894302	0.277248397035143	0.184049590019707
0.28685511965953	0.354107958845795	0.316059028292048	0.373912214599403	0.320142735731396	0.210857447172962
0.306094591532423	0.387703308844761	0.348259254513111	0.412906968189931	0.355413145386396	0.23317449845948
0.318513500959944	0.411887345188809	0.371985573451088	0.442013489840986	0.382360798989561	0.250352540497653
0.32422359077262	0.425873330630278	0.386769195414256	0.460360592804495	0.400531708067297	0.261781796101838
0.323380486544559	0.429187518266848	0.392521250675314	0.467334705569582	0.409700279451619	0.266836142978133
0.316203167712211	0.421992861864325	0.389571664410844	0.463011406027485	0.409981387283529	0.265051062991541
0.302613862839519	0.404200386636138	0.378086743155507	0.447140824497606	0.40128295055283	0.255702577915807
0.282610573822397	0.376337060903987	0.358428010417202	0.420214694722655	0.383771720035998	0.238535260493356
0.256250478784258	0.339230825758775	0.330966337097207	0.383109098323118	0.357708646112226	0.213835792405933
0.223752823398347	0.293926049859507	0.29610131324238	0.336968154975565	0.323458613962449	0.182573672063814
0.185636974883611	0.241792151691678	0.254442787963346	0.283283213244072	0.281647367700293	0.146493399091531
0.142608655372749	0.183814769198975	0.206596892751253	0.223012994768531	0.232838608705226	0.107515221441388
0.0957087074459588	0.121224358073789	0.153590621584697	0.157267019089276	0.177985008275915	0.0677404946993188
0.0462103846890216	0.0553399265138557	0.0968340638756759	0.0871210737117441	0.118372574786044	0.0289369662242238
-0.00447591076777333	-0.0123942196043018	0.0380791734340738	0.0137143528894137	0.0556180384906513	-0.00779141330404708
-0.0549355315088559	-0.0803994019141473	-0.0207220734701575	-0.0616081499416084	-0.00839649152046202	-0.0421463965739863
-0.103741249322913	-0.146961628099225	-0.0776187905639633	-0.137230830976802	-0.0716878249154642	-0.0745058720114448
-0.1496331883868	-0.210325675276173	-0.130934439930539	-0.211174980629257	-0.132349716020252	-0.105610597947997
-0.1915007861336	-0.268785042818991	-0.179432007618885	-0.28116670163004	-0.188720096243186	-0.136108549469279
-0.228375245582564	-0.320780574136149	-0.222391945814507	-0.344792400801796	-0.239498949314396	-0.166138304266505
-0.259513053548546	-0.365170798434656	-0.259676670576346	-0.399922767151372	-0.283895525350685	-0.195213092497783
-0.284054168542267	-0.400598067618634	-0.291173436212486	-0.444313542541049	-0.321191389836733	-0.221820534765756
-0.301413765297069	-0.426148527759886	-0.316998712667186	-0.476459999125268	-0.351039889480898	-0.244111874583456
-0.311215623542174	-0.441150257663138	-0.337146399113605	-0.495549178770536	-0.3732045844462	-0.260228446339466
-0.313334761116421	-0.445163224751473	-0.351331695689743	-0.501465783466375	-0.387442768442235	-0.268752215401013
-0.308025184755446	-0.43826421727077	-0.359111689964676	-0.494958605241198	-0.393618066218264	-0.269177344111644
-0.295551535857009	-0.420167631505528	-0.359443262812438	-0.476482982130786	-0.391173495762174	-0.261409947932409
-0.276525482856415	-0.391209643476178	-0.35146134023152	-0.446928294990303	-0.379827175527378	-0.246134189976017
-0.25171935815484	-0.352146234032291	-0.334573146943173	-0.407202743574257	-0.35954921756018	-0.224320877212146
-0.221977700440009	-0.304161441848874	-0.308682228365258	-0.358179798950323	-0.330682349046561	-0.196874090626021
-0.188181731024904	-0.248991687845263	-0.274402571870385	-0.300971288606428	-0.294094289520929	-0.164529266800947
-0.15105799619963	-0.18813270411353	-0.232716772818907	-0.236315949155912	-0.250762281625192	-0.127447417673825
-0.111326352237576	-0.123314188800972	-0.185148408352102	-0.165481236493109	-0.20200820851288	-0.0858460773826758
-0.0696926253981331	-0.0561665054500789	-0.133433747555029	-0.0901876593338499	-0.149216692225992	-0.040262629285026
-0.0269016308081206	0.0118620528466928	-0.0792698288058131	-0.0126366346769951	-0.0936732935308486	0.00809552702915033
0.0162737785638496	0.0794983093329133	-0.0240927818817529	0.0645842932708311	-0.0364532116622787	0.0571949304627995
0.0588295965103518	0.145531646904127	0.0309102248616931	0.138806956249178	0.0215068489149213	0.104311015682469
0.0997663377977011	0.208683621243774	0.0848788556748107	0.207534920354774	0.0793857142550324	0.146475419306834
0.138092576423766	0.267478377175983	0.137095508473046	0.268770177082878	0.136288113575971	0.181099278590111
0.172903178318783	0.320204171854608	0.186794453296904	0.321225230182913	0.191085859314925	0.206590400449661
0.203573237130876	0.365209815536003	0.23312445310829	0.364602453359188	0.242469491434385	0.222858892559941
0.229351936321795	0.400420802556855	0.274657573338596	0.398711462768584	0.288511690573765	0.230988133563892
0.249824937788077	0.424327716465236	0.309919431223059	0.423959497905147	0.32733971100587	0.233212851823573
0.2647302468058	0.436066628862905	0.33742895531467	0.440818232324305	0.357245196038349	0.232132204490259
0.27388871799565	0.435583462847705	0.355935611379324	0.449529056888457	0.376959089319445	0.229909484005333
0.27726145886127	0.423902177108796	0.364792201854722	0.450257314194774	0.386031093590444	0.227771761038382
0.274499355916494	0.401955295449723	0.363594027584339	0.441938901397498	0.384335328185677	0.225112061477181
0.265415271062536	0.371219416139636	0.35274988928109	0.423583290709947	0.372617894046654	0.220177509525438
0.24992225525624	0.333095885420836	0.333217904289789	0.394262922163643	0.352118131772184	0.21045928713183
0.228125958098079	0.288651798923725	0.306297491470142	0.353464644222721	0.324286804606128	0.193491803652541
0.200444390438114	0.238732074626152	0.273461573535214	0.301623134215236	0.290602711812323	0.167779495947695
0.167519325632422	0.183389889151754	0.235859959929972	0.239434711986109	0.252027170428392	0.132955306115544
0.130342087372728	0.122840226083364	0.194491975384128	0.168656942975245	0.209298135385079	0.0903560272017921
0.0901290304907219	0.057606099324168	0.150119519448628	0.0916861068186625	0.162898838207241	0.042651770853981
0.0481929227343822	-0.0112104941899136	0.103370176536877	0.0112611619711702	0.113235038493126	-0.00675242168226597
0.00572661904076042	-0.0818444946244768	0.0548538825542633	-0.0698510694357052	0.0608105131603147	-0.0544685318371225
-0.0360616675790907	-0.151955368780841	0.00546437761127258	-0.149159794822548	0.00652666471567216	-0.0977903410784443
-0.0762715176484215	-0.218977569928055	-0.0436953846506629	-0.224568999776237	-0.0483737724894692	-0.135120072985041
-0.114227050769047	-0.280499996149309	-0.0912819984335616	-0.294401737347284	-0.102317164579851	-0.16602522061949
-0.149404531747601	-0.334606126049541	-0.135828267318694	-0.35730229099932	-0.153553987950018	-0.190971319118402
-0.181472065244077	-0.380249428056168	-0.176088569850123	-0.412291829805054	-0.200541252417141	-0.210979499358308
-0.209674328344541	-0.416529229362338	-0.210680526610931	-0.457926546585965	-0.241574463502683	-0.226694123271273
-0.233316819197169	-0.443148476955045	-0.238823858270615	-0.492943873135656	-0.275545209002932	-0.238455596287177
-0.251621480782181	-0.459907042377409	-0.26022630954253	-0.516108087661853	-0.301820912214929	-0.246055729399487
-0.263808880596321	-0.466436090211185	-0.275025616976857	-0.52634411422135	-0.320196169046117	-0.248858433914458
-0.269369880983964	-0.462379199909683	-0.283832111516027	-0.523207040454093	-0.330977595580321	-0.246249391921667
-0.267721837803542	-0.446555729055268	-0.286848580849951	-0.506059803687338	-0.334110686224487	-0.237408625274111
-0.258852590940085	-0.418252022037606	-0.284405399613978	-0.475173640632685	-0.329819681698108	-0.222115854700956
-0.243217058169846	-0.377363440600964	-0.276642579554878	-0.431473464449198	-0.31832854769079	-0.200682039278652
-0.221697702177941	-0.324738463110321	-0.263497271240715	-0.376463415368554	-0.299870335936171	-0.17386051428448
-0.19552210154684	-0.262483071337042	-0.24489550400462	-0.312287676100231	-0.274866907037791	-0.142749991119811
-0.165925159053318	-0.193183661196372	-0.220527806940243	-0.240799056049687	-0.243597418485276	-0.108143097634694
-0.134148680046289	-0.120091298401281	-0.190425253137529	-0.164116747359471	-0.206713256605963	-0.0707560050812412
-0.101227575051182	-0.0463861475904667	-0.154979429003074	-0.0842938884551845	-0.165133926552941	-0.0310777290628328
-0.0679074913282995	0.0253483657081646	-0.115001158291913	-0.00325959991791317	-0.120015117881536	0.0105224327229062
-0.0345692601138548	0.0934585537059749	-0.071631168114941	0.0771729624234204	-0.0726207466402045	0.0536022521064697
-0.00160606227035811	0.157190785557155	-0.0263893234366366	0.155308177819185	-0.0243644148316511	0.0974141710771905
0.0307126690761935	0.216435736298002	0.0191661629789447	0.2294941321388	0.0234369649886651	0.140802241550784
0.0620159177012767	0.271217869640569	0.0635631121527721	0.298109455766518	0.069599884100744	0.182204336491676
0.0917268704567668	0.321180114350046	0.105543139112309	0.359572187592595	0.113106293311532	0.219808139058185
0.119211842583351	0.365465554419133	0.14429215010968	0.412617657354751	0.153282142631364	0.25193750299833
0.143241514461066	0.401943013863491	0.178822553196937	0.455575631933293	0.189116502464534	0.276918133503954
0.162766611157953	0.428274172733271	0.20852819886794	0.487248781365025	0.219892258633093	0.293730638198215
0.176923919710831	0.442263012914849	0.232918587163183	0.506773735927357	0.24497509560126	0.302008099810531
0.185209897215749	0.442473680887968	0.251549378269449	0.513681870557185	0.26381768368566	0.302002184082982
0.187750945248172	0.428983892166444	0.264192270967918	0.508273759871241	0.27620665900273	0.29459900201474
0.184746306312392	0.402520324158406	0.270188747538434	0.490411166641812	0.281542060875873	0.280469508540906
0.176985576393579	0.365241357544181	0.26924303713656	0.460667286532986	0.279683753490907	0.260447434016625
0.165488524649461	0.319919735256398	0.261311783817959	0.41992948105278	0.270752583781871	0.235200682403459
0.151280490092922	0.269279700515655	0.246678668951809	0.369321609036365	0.255134636473273	0.205182906506363
0.135238436389216	0.215610240375615	0.226084741990523	0.310371986214545	0.233582354547843	0.170812888406516
0.117749118682831	0.159776732685	0.200299661673341	0.244055306542052	0.206705596744731	0.132204768306825
0.0989292642974561	0.101948040244486	0.170433839840027	0.171618730292986	0.175397830492012	0.0897445588589244
0.0786373911361295	0.0417911151196995	0.137678347941833	0.0943293332316735	0.140624854022983	0.0441232058348699
0.0566493003997815	-0.0209571246542227	0.103165104569304	0.0135174938040536	0.103365674957101	-0.00358431987452886
0.0327851701235481	-0.0859505548813633	0.0678152709119914	-0.0693391604165721	0.064528409404427	-0.0519429143340754
0.00738274208781223	-0.151883148434187	0.0324396594842773	-0.152548689742188	0.0250536752810169	-0.0992399963234335
-0.0188623944050313	-0.216524784199751	-0.00237596893196874	-0.23411116609606	-0.0141993878249804	-0.143692191460937
-0.0448426247014247	-0.277050309558564	-0.0361666238523717	-0.311707000550914	-0.0524188759565666	-0.183647584236068
-0.0691783773306619	-0.330589716538281	-0.0684953976470461	-0.382760925404976	-0.0888260924631502	-0.217781627878133
-0.0906293093434276	-0.375018776523828	-0.0990626042914376	-0.444823629509647	-0.122860392646739	-0.245371436273046
-0.107734116718915	-0.408642418402781	-0.127007337396487	-0.495049153489517	-0.153493944869831	-0.265897683797725
-0.119666503058131	-0.431058417590841	-0.15158433340039	-0.531251542370935	-0.179926648880756	-0.279460395420947
-0.126193064475102	-0.442757720810919	-0.17204453991894	-0.551956003784928	-0.201425557327943	-0.286518306817289
-0.127677907046467	-0.444700662420712	-0.187732482487118	-0.556587227683158	-0.217372784399366	-0.287690961729312
-0.125132735812923	-0.438118353790771	-0.19841841538496	-0.54583908488755	-0.227567602797475	-0.283731656011543
-0.119365746057724	-0.42309543460736	-0.203537865756707	-0.520499513923118	-0.231416627436643	-0.274682247268568
-0.111366614660734	-0.399462222659701	-0.203051871604829	-0.482320833811737	-0.228850106672383	-0.260443584526755
-0.101888501914532	-0.366651215355977	-0.197169826209442	-0.433409345765921	-0.220077188359816	-0.240624703717294
-0.0913064729232408	-0.32407563049708	-0.18627427074501	-0.375916123302898	-0.205557437943726	-0.214709049593243
-0.0796786201319056	-0.271811386175601	-0.170975372924095	-0.312021667252027	-0.186094803456505	-0.182447463981745
-0.066559911252918	-0.210242094811082	-0.151523450288303	-0.242999980003621	-0.162200146901709	-0.143683114016941
-0.0515213494223659	-0.140983424982349	-0.128315892510988	-0.170041399690566	-0.134597306759881	-0.0990423962850786
-0.0342774699242977	-0.0665864629905922	-0.10175357138659	-0.0941614981398137	-0.103993622102014	-0.049902945506032
-0.014876420703324	0.00979168727646268	-0.0722942708165079	-0.0164084483502478	-0.0710586571925682	0.00168952491872253
0.00626572797070483	0.0848577456807834	-0.0404906134023443	0.0619231703661582	-0.0364170412228101	0.0532892456508543
0.0281594868110122	0.155673997427615	-0.00714381142468202	0.139228924635651	-0.000778779212585939	0.102428426107657
0.04956391875906	0.220000373771211	0.026750090453613	0.213543843652135	0.0350498260591038	0.147038777272916
0.0691468010488451	0.276437983518905	0.0600202570478538	0.282686434989684	0.0701141053179027	0.185763652086394
0.0857209827617453	0.324354828478299	0.091409799184366	0.344482592078101	0.103312656350851	0.218084434144399
0.0986360434230075	0.363866850928173	0.119884111519158	0.397258570751687	0.133652628447769	0.244340250063687
0.107238825077691	0.394818847134186	0.144124137448255	0.439266945020076	0.159685107361366	0.265007950154698
0.111522978821852	0.417271199592306	0.163255970102372	0.469627544482946	0.180310746439308	0.280714921297608
0.111853781768111	0.431142213001039	0.176737384573144	0.488102220771199	0.194733324423812	0.291742682732978
0.108802482940351	0.436181872852596	0.184364200428497	0.494971804481507	0.202559085707587	0.297801309836012
0.103156509704289	0.432350260261356	0.186458309654709	0.491170974188432	0.204078138263078	0.29823189675211
0.0950764269751532	0.418884571821145	0.182992021679394	0.476862241531421	0.199344005281901	0.291587681532881
0.0847175211281679	0.39549455546018	0.174324779120929	0.452455254396611	0.18894761539443	0.276723337877749
0.0720487912119282	0.362166218927103	0.160918838067769	0.418190295285701	0.173625337837476	0.253064832620483
0.0569565682317811	0.319228129324064	0.143316795328741	0.374185115826364	0.15412648886242	0.22095364105852
0.0394910032188285	0.2675965193681	0.122304013721055	0.320836917349034	0.131296265829295	0.181890790004437
0.019674682040494	0.208050474513779	0.098367824286044	0.258161655919633	0.105439287712528	0.137887971755845
-0.00203119556629439	0.141977432597005	0.0722933121861792	0.186876351805733	0.0769974048129056	0.0915288365895311
-0.0248233826555911	0.0711545689326036	0.0449791103865891	0.108301420030933	0.0464495900314691	0.045304359685877
-0.0476402087659734	-0.00229639089113454	0.0173871518146155	0.0244028839025439	0.0144041649707784	0.00112564203071395
-0.0693681352907271	-0.0760192854035598	-0.00954737035217537	-0.062285197702481	-0.0183404887845227	-0.0399811767486801
-0.0888776078656777	-0.147582760869052	-0.034996173190217	-0.148889538677084	-0.0508033541613844	-0.0778835994151609
-0.105314244266093	-0.21470711045615	-0.0583067651830483	-0.232426473186522	-0.0818416171290948	-0.113110730914018
-0.118167266711044	-0.275466005231282	-0.0790549711790726	-0.310076193536809	-0.110280393479505	-0.146412973295146
-0.127274965638962	-0.328428358035161	-0.0970368739394812	-0.3793966447506	-0.135048993841914	-0.17828596734472
-0.132901869833669	-0.372907073156015	-0.112383645933758	-0.438674310522309	-0.155480371089706	-0.208754720578523
-0.135041778860989	-0.408133777375895	-0.124870261624439	-0.486192748320006	-0.170782828549419	-0.236745119117171
-0.133808157890945	-0.43382751502059	-0.134396067240591	-0.520958721687252	-0.180643771568499	-0.260715036645537
-0.129189155068579	-0.449776162948826	-0.140756711980957	-0.542397441015465	-0.185027402048474	-0.278854719671299
-0.121038977192812	-0.45567881507312	-0.143631305702424	-0.550261207641488	-0.184098807291925	-0.28951760276731
-0.109349438753624	-0.451395120119713	-0.142875998978941	-0.544881792305025	-0.178400720669022	-0.291769466656039
-0.0937455968380217	-0.436040412963657	-0.137772222962435	-0.526069036471944	-0.167878084909295	-0.285007317689831
-0.0743055467979643	-0.409229793268535	-0.128002237213021	-0.494236453497243	-0.152759675894805	-0.269544666368013
-0.0514938815569474	-0.371064349502025	-0.113517166434017	-0.450155206197887	-0.133311907459647	-0.246257160406151
-0.026186459827351	-0.322352825899249	-0.094599118438114	-0.39501002408081	-0.109877460190861	-0.216298607429704
0.000304084480014755	-0.264882694782949	-0.072030031876172	-0.330649068719424	-0.0831091012031958	-0.180966178840242
0.0268292583042659	-0.200623812724459	-0.0463924590703716	-0.258722419126745	-0.0533220013550045	-0.141097781009855
0.0522032293258251	-0.132128132842315	-0.0185852979592478	-0.181407377180813	-0.0211804557000056	-0.0975408495823469
0.0755313623210052	-0.0619610732881735	0.0104916882480511	-0.101038149067607	0.0125287554981507	-0.0511697735235714
0.0963207926392458	0.00764971157550686	0.0400403116722678	-0.019959844670646	0.046942213812927	-0.00308360515463933
0.114484307332949	0.0750448015256442	0.0693936521712096	0.0595961110067887	0.0811455739201189	0.0452619385158879
0.130132545953747	0.139136551924118	0.0980589888615152	0.135634414917191	0.114295896868343	0.0920368519577031
0.143396838077688	0.1992645263166	0.125549100959451	0.206418403469753	0.145520036792035	0.135236786456933
0.154204164924844	0.254891311991936	0.151310296203175	0.270486594041144	0.173945186178758	0.172986919251823
0.162140601320092	0.305292038618394	0.174638287234668	0.326636829319416	0.198689527732131	0.203885851320236
0.166597392459414	0.349576373703728	0.194787057236663	0.37414759882371	0.219027415217295	0.227386000483164
0.166419827980048	0.385920284236119	0.210539822302189	0.411945211494348	0.233880467411395	0.243452991480731
0.160648740361857	0.41254818435785	0.220779706957132	0.439447342700831	0.242407852574225	0.252850224620538
0.148682631155355	0.427871815172418	0.224528379282218	0.456340023754084	0.243957978420664	0.256693619382611
0.130515102726625	0.430878611736035	0.221116698281518	0.462578036272934	0.238168782508139	0.256045856255043
0.107023791723546	0.421726095523279	0.210524222415935	0.45870631153335	0.225290629042213	0.251728983623868
0.0792367286394244	0.400745356922161	0.192721349422779	0.444595948693271	0.205368008935993	0.243555212376546
0.0487559143726194	0.369368344053284	0.168357424159709	0.420592125029347	0.179056314079873	0.230955592960826
0.0172520279456053	0.329470349912333	0.138464645949194	0.387101575076436	0.147312833034003	0.213068867158395
-0.0138481198333354	0.282939694328396	0.104318309272811	0.344555917810897	0.111292756872438	0.189119369198552
-0.0434541257929669	0.23150958307812	0.0674583921141639	0.293666719473036	0.0724321608965318	0.158905552988786
-0.0712968919500456	0.175846822777567	0.0289743983277361	0.234631936938163	0.0316734858281285	0.122631567650322
-0.0973721892842246	0.116331415942331	-0.00996680840342578	0.168108140388558	-0.00990299634049527	0.0813585550869866
-0.121834817354696	0.0531255643099525	-0.0483105838885068	0.0950867010104008	-0.0512882512420011	0.0367216899857516
-0.144727690465648	-0.0134227005374815	-0.085094963067562	0.0169909427697526	-0.0915258799215233	-0.00937578832165951
-0.165772890858902	-0.0824097465643668	-0.119384555140276	-0.0642933313207431	-0.129643406933525	-0.0551148036320193
-0.184286895087072	-0.152100513547873	-0.150388201538024	-0.146477297550493	-0.164785687088942	-0.098982766869763
-0.199236000867069	-0.219998620167647	-0.177319003451238	-0.227003396358434	-0.19605437456092	-0.139920882427094
-0.209453289360745	-0.283106742160417	-0.199484147966043	-0.303238386635343	-0.222596266862344	-0.177254480326225
-0.213910069200555	-0.338385452359264	-0.216344223438101	-0.372676386355658	-0.243660709834868	-0.210512977031367
-0.212076812366256	-0.383486404710481	-0.227687974056853	-0.433347872285639	-0.258794995685482	-0.239356938823564
-0.203685686760988	-0.41642320219275	-0.23324766396705	-0.483117291688186	-0.267438926082719	-0.262950059358049
-0.189102303687322	-0.4365457194261	-0.233076413874886	-0.520548932768293	-0.269375716179362	-0.280424688255834
-0.169105327181456	-0.444277052219773	-0.227391690636872	-0.544653645643079	-0.264606794040472	-0.290856326838263
-0.144685675721071	-0.440826302760162	-0.216504779783445	-0.554837613676883	-0.253321200069285	-0.293468689354265
-0.116989307431629	-0.428056910070348	-0.200962980389591	-0.551183922928104	-0.236076854054317	-0.288048638268356
-0.0866391579102298	-0.407009168592867	-0.180778171411394	-0.533293778222505	-0.212993144451948	-0.274417022129923
-0.0542036258528737	-0.3786286000226	-0.156136600609477	-0.501478778598037	-0.184481488941894	-0.25315048601998
-0.0201088232018179	-0.343361334167868	-0.127241094477333	-0.45649529135517	-0.151036309784588	-0.225288893558495
0.0152351866079612	-0.301267626298644	-0.0943809818856794	-0.399608938015085	-0.113253444952654	-0.192145831299515
0.0511972683846221	-0.252489507616951	-0.0581766736993988	-0.332850423527692	-0.0720367744562928	-0.155219688409445
0.0871963389072383	-0.19693183513459	-0.0190233801058418	-0.258158835360084	-0.0279680532569274	-0.115565513178151
0.122339535245613	-0.135212344432957	0.0222975373095256	-0.178083045014035	0.0180547285180122	-0.074165866844357
0.155603397695789	-0.0686229690909309	0.0648217850096778	-0.095362449815809	0.0650145333897785	-0.0318108869320021
0.185964462021314	0.000909073628602997	0.107464713466027	-0.0127129814699962	0.111802535773294	0.0108221979219458
0.212529270309083	0.071048993187418	0.149052121232448	0.0673762292083634	0.157206596762971	0.0530831742896173
0.234642274984029	0.139328802754099	0.188546277342243	0.142806702655588	0.200112528197552	0.0942526389932934
0.25186574687151	0.203522777065649	0.224912843399111	0.211937033888852	0.239358747899174	0.133561068813379
0.263938052641809	0.261877741560295	0.257181285207273	0.273584342398055	0.273818503946038	0.170220436590655
0.270681292387692	0.313210317444391	0.284434018743818	0.326957641904786	0.302432635144675	0.203480609105289
0.272024258367987	0.357074142288403	0.305888999144797	0.371807719107086	0.324361203993815	0.232812647478154
0.267612469262719	0.392809909912399	0.320590234465666	0.407477619512838	0.338664205745705	0.25739558100064
0.257183578997256	0.420109994478479	0.327746255192481	0.433700999359027	0.344711516271141	0.276579548567438
0.240584020283408	0.438615421568227	0.326724218729847	0.450319272829309	0.342142789682533	0.289684841460166
0.217900769689538	0.447830760891629	0.317144097957985	0.457269273225536	0.330906227614088	0.295982871676718
0.189702712215603	0.44746549456404	0.299138866797443	0.454927299359707	0.311464662707118	0.294938380033987
0.156584361484779	0.436525961409872	0.272817505312035	0.442900176260683	0.284093991349085	0.28571398253873
0.119550976072761	0.414581007208762	0.238844036272888	0.421247140998905	0.249488896113429	0.268026314489518
0.0797430147173764	0.381661448614314	0.198229971740747	0.390126681672396	0.208518558451781	0.242160071099763
0.0382557954174631	0.338387052920962	0.152243628094775	0.34980686056695	0.162172412483843	0.209078973784944
-0.00392634077684126	0.286191126468132	0.102446144582963	0.300934428759776	0.111690631282297	0.1705093312344
-0.0462951555492542	0.226469859250873	0.0500672112045474	0.243771323779322	0.0579814471211032	0.128285118576031
-0.0884862568979329	0.161141603098508	-0.00356305606434021	0.179114946509544	0.00219868693736864	0.0844600478498613
-0.130208876918035	0.0922155534981913	-0.0571867568510754	0.108140299882314	-0.0543913032424145	0.0408017373698041
-0.171040224537259	0.021605992366647	-0.109605664807497	0.0324469568745034	-0.110394541654465	-0.00150413685898275
-0.210243053859864	-0.0489882356048835	-0.159607497240868	-0.0459574635331019	-0.164267198684089	-0.0419813647132446
-0.246657375445717	-0.118076098306197	-0.206075188350438	-0.124767130242756	-0.214516721206744	-0.0807314737866957
-0.278744893111889	-0.184338317729078	-0.247837710904852	-0.20152278928879	-0.259653893936976	-0.118156665196706
-0.304766942041351	-0.246512740636079	-0.283747023057114	-0.273810467212	-0.298350587822523	-0.154550439510669
-0.323061074450675	-0.303292136776574	-0.312751256342344	-0.339442123185352	-0.329547150662158	-0.189726882398101
-0.332430297689256	-0.35349128672525	-0.334084591693818	-0.3968123910283	-0.352631048117765	-0.222952406040696
-0.332090580434902	-0.395332083324899	-0.347046612710671	-0.444165933022818	-0.367104532444536	-0.252490392486285
-0.322077717527204	-0.427308536085505	-0.351372597296366	-0.480371582565432	-0.372896384347122	-0.276364406112083
-0.303136398299071	-0.448135049497053	-0.347167245194471	-0.504625329516499	-0.370196487663596	-0.29264384700974
-0.276548551432633	-0.456913348317913	-0.334865517079745	-0.516368413367506	-0.359367315695234	-0.299890142887186
-0.243975735668591	-0.453551744633066	-0.315303630459678	-0.515560309822051	-0.341041917026296	-0.297664531474857
-0.206836022072826	-0.437798305414668	-0.289058426921289	-0.501570068289241	-0.315465464631099	-0.285991161852812
-0.166430914125516	-0.410239733368413	-0.256872758611149	-0.474389362599893	-0.283085174817952	-0.265867588488908
-0.123750834666044	-0.371916646447907	-0.219433778297742	-0.434430207028281	-0.244419424021652	-0.238751473370298
-0.079498308988222	-0.324193771957424	-0.17735404029598	-0.382637782189325	-0.20011382757326	-0.20616715191561
-0.03426654024623	-0.268827349920665	-0.13133092605829	-0.320782252948856	-0.151123983423428	-0.169518225990889
0.0115039300346458	-0.207167208961499	-0.0817979410372	-0.250583984339252	-0.0982775626486563	-0.129471487312095
0.0571833620425656	-0.140811684709906	-0.0294383409513015	-0.174420070752715	-0.0427068129111029	-0.0865127303313706
0.101925584098249	-0.0713984922600139	0.0248433213993952	-0.0948733787062506	0.0143248676456901	-0.0410565481906351
0.144674371754078	-0.000622535971612301	0.079871670014844	-0.0144982579916076	0.0714896384403231	0.00624366814124756
0.184277231525491	0.0697653926643557	0.134192957394815	0.0643793771198763	0.127446664635172	0.0542673205605596
0.219543461493351	0.13793695324437	0.186216894659084	0.139816941844848	0.180954966426241	0.101348220860107
0.249478530673111	0.202078509572177	0.234282936247717	0.210255410308704	0.230842180565418	0.145460418366853
0.27336610230608	0.260470776921098	0.276831297350374	0.274466962152128	0.276019233005225	0.184556224524789
0.29080835574175	0.311589348584604	0.31254878528753	0.331438714484036	0.315465008701534	0.216974444606742
0.301784571354944	0.354418211369794	0.340553739662868	0.380507139561536	0.348322328125421	0.241894415964791
0.306262098630719	0.387730071291809	0.360179076321878	0.420421247015398	0.373549029923297	0.25905744352477
0.304403558938178	0.410880042890855	0.37121419726096	0.450225413147325	0.390320247217115	0.269077869673278
0.296395945043748	0.423558368553494	0.373754844325395	0.469087215918592	0.397997384338605	0.272998294594415
0.282409308195676	0.425739108088214	0.368092477687303	0.47641409187247	0.396205543634211	0.271856404779442
0.262699028315729	0.417921687448166	0.354725118722936	0.472319811252883	0.385050057811338	0.266471382447176
0.237341459707856	0.400061235984157	0.333858352329787	0.456461616753346	0.364612247663282	0.256615979627981
0.20662491520005	0.372600657203645	0.305796141590331	0.4292885839269	0.335452940961428	0.241696726380833
0.171030876664066	0.336186282665832	0.270871594986202	0.391621443932711	0.298410100917641	0.220871135195733
0.131272468515162	0.291685463552329	0.229544756008371	0.344542813211993	0.254517019728005	0.193493004073815
0.0883176917779084	0.240390059431169	0.1826055640928	0.289521347667941	0.205019632901087	0.159679450691519
0.0432243429550301	0.183277479518503	0.130971732658786	0.227473879953995	0.150952039368444	0.120140802084467
-0.00284098145982804	0.121672488236362	0.0760138646204445	0.159602502895244	0.0934503290465549	0.0766519681660777
-0.0487214413529523	0.0569686861170799	0.0194307472689276	0.0871800776516742	0.0336665638987383	0.0316483506382404
-0.0933410869468899	-0.00943757200390967	-0.0368788221850462	0.011621748514739	-0.0271924428651613	-0.0122577016949614
-0.135799510659117	-0.0761971446222353	-0.0910207752610896	-0.0654459453666574	-0.0878383551588287	-0.052833534118842
-0.175172928078686	-0.141970366057966	-0.14127681905497	-0.142160939412072	-0.146828996565952	-0.0886606082164408
-0.210687717394273	-0.205413398204401	-0.186339052093592	-0.216447582510095	-0.20265117410655	-0.119355163468668
-0.241619516785604	-0.265100539749764	-0.225398823204072	-0.28611879972967	-0.253768323362392	-0.145468675038551
-0.267259491547289	-0.319466713052192	-0.258143092255132	-0.349020284527422	-0.298721732847547	-0.168118299122205
-0.28701906996243	-0.367018459165942	-0.28476608492662	-0.403405584476984	-0.336382973131501	-0.188588072266929
-0.300081367432214	-0.405664154771279	-0.30536812740084	-0.447330251378184	-0.36558930227942	-0.207379027949422
-0.305854723574124	-0.433622545689832	-0.320169054220085	-0.479497592252195	-0.385684734947341	-0.224308108134768
-0.303954428458778	-0.449435376036463	-0.3292207086561	-0.499078423079121	-0.396402609779746	-0.238309323441637
-0.294289877540514	-0.452201394713707	-0.332323024822256	-0.505692366735621	-0.397826912634423	-0.247654611447247
-0.277212301175231	-0.442043770522438	-0.329207984049047	-0.499658766522361	-0.390484526920999	-0.250558276759313
-0.253210482836632	-0.419193392765515	-0.319117636587923	-0.480898437435776	-0.37464663324779	-0.24515942285519
-0.223180222038779	-0.384928727237091	-0.30154676382399	-0.449954821353863	-0.350838767727779	-0.230558258938374
-0.18824405030225	-0.34109876095318	-0.276291809609242	-0.407681468251395	-0.319619087798693	-0.206928647188975
-0.149633011930009	-0.289837214931407	-0.243603789859478	-0.355243768585305	-0.281570113690322	-0.175520796940978
-0.108571507797757	-0.233439320970799	-0.204324830289626	-0.294332663764166	-0.237422037767953	-0.138519560789084
-0.066166106573729	-0.173436487799362	-0.159543820002384	-0.226373860851462	-0.187789697249841	-0.0981892957123378
-0.0233657737461981	-0.111119839050808	-0.110722398220632	-0.153243815075233	-0.133546479338524	-0.0568049883105211
0.0190356888431628	-0.0473610018693047	-0.0594135376275255	-0.0769650800226646	-0.075782124072804	-0.0161272163820725
0.0603503992565085	0.0172350684427607	-0.00706998012563356	0.000391140966280885	-0.0158149200585366	0.0228158069367148
0.100012438687095	0.0821036752064897	0.0451271443999157	0.0768060428256421	0.0448847612186237	0.0597270151524918
0.137207778105013	0.146423924084605	0.0961550403628426	0.150374864014761	0.104612257267459	0.094800497469243
0.171149972110763	0.208980146983538	0.145242000274425	0.219357895224704	0.161693494798133	0.128408997871295
0.201001056997489	0.268096102609706	0.191690557330399	0.282195430562111	0.214543888597747	0.160739377939879
0.225927086430159	0.321732708276328	0.234728375137996	0.337506643951882	0.261761662149299	0.191521612237242
0.245325430087107	0.367938488269785	0.273529628783162	0.384346029048891	0.302347287330168	0.220057159477686
0.258442521640485	0.404395620751672	0.306742535016947	0.421344892211201	0.335206864606698	0.244816447381709
0.264944464296315	0.429491605890117	0.333032731032291	0.447636407875701	0.359694082894639	0.264156024032038
0.264821733627636	0.442318526858033	0.351120070098074	0.462657711384067	0.375433953312891	0.276502090891192
0.25837807471944	0.442752578763868	0.359989333985172	0.466192904868174	0.382285958721054	0.28066929755959
0.246267887521653	0.431682229283275	0.359220495753037	0.458748318979079	0.380474067046011	0.276276904847444
0.229030978781627	0.409770047582432	0.348634981542327	0.440267944134429	0.369967476969352	0.263207193238554
0.207333219168613	0.378249510288552	0.328795829056326	0.411342466063397	0.351058996743795	0.242193840797314
0.181764477944524	0.338392603038347	0.300776308839997	0.372765685395182	0.324198695637625	0.21445191474131
0.152780316439181	0.291353447035072	0.265981242961116	0.325456915242572	0.29000607419056	0.181423168308172
0.120702101597453	0.238321697436346	0.225991151467762	0.270657064852268	0.249363788580357	0.144642957866638
0.0857582624179168	0.179888032289651	0.182153278304391	0.209061957424594	0.203131884968122	0.105138138695387
0.0481860709996261	0.116882673612789	0.135668491541157	0.141744559739962	0.152419990380678	0.0637833085572056
0.00834946930364189	0.0503306518221471	0.0874969095715156	0.069980743095349	0.0984764470538542	0.0212317985588198
-0.0331513340673212	-0.0184356797830643	0.0384146111519606	-0.00467612202953996	0.0426434352075842	-0.0219396294526234
-0.0755196675488758	-0.0877624626353339	-0.0109344020228558	-0.080372115941404	-0.0137617703268568	-0.0650619670047452
-0.11737653897588	-0.155723055309315	-0.059701573733759	-0.154965017832255	-0.0692880774767516	-0.107199736972676
-0.157216011863294	-0.220298869983851	-0.106967096026744	-0.226154003138877	-0.122626388382554	-0.147125431512394
-0.193422324363325	-0.279560474764367	-0.15165719426673	-0.291646557392782	-0.172579128821215	-0.183374868171294
-0.224439364331742	-0.331832852802202	-0.192599490505831	-0.349352201009573	-0.218074630703998	-0.214421348628003
-0.249110571645369	-0.376016340141913	-0.228807047731134	-0.397791489206465	-0.25835281169571	-0.239049175956952
-0.266268282556057	-0.410852797043244	-0.259025032302972	-0.435409826242858	-0.292310654915471	-0.256142816816131
-0.275407714360784	-0.435634323173946	-0.282455158333991	-0.461422368189104	-0.319160639301753	-0.265318071796492
-0.276543067787395	-0.449904631346858	-0.298645424702624	-0.475546383436706	-0.338251754945874	-0.266833822247304
-0.270149205658168	-0.453381708930976	-0.307479606319322	-0.47790071358472	-0.3490933101549	-0.261486065431901
-0.257163422609843	-0.446222357253232	-0.309288073040971	-0.469193872302943	-0.351594235638407	-0.250560708879154
-0.238388291171329	-0.42802045580705	-0.304081550615721	-0.449526979393948	-0.34539099157751	-0.234908722275264
-0.214790300411967	-0.398934885993424	-0.292116553839463	-0.419424740530636	-0.330606826549534	-0.215332569478913
-0.18725636052818	-0.35950223224089	-0.273641254162281	-0.379525687129347	-0.307660877469335	-0.192246237165133
-0.156542736815968	-0.310718643020818	-0.248897947781381	-0.330630931002008	-0.277256699948952	-0.165675942005956
-0.123305839432328	-0.254262984782245	-0.218271983012229	-0.273999748662119	-0.240438691334727	-0.13554302952798
-0.0881155866214972	-0.191673785872038	-0.18209377987528	-0.210609586806514	-0.198177193652683	-0.101491559579307
-0.0516104455191765	-0.124944444679467	-0.141050756671175	-0.141974383360109	-0.15164810920372	-0.0636304347522308
-0.014562448903244	-0.0561090275310845	-0.0961596050631811	-0.0698791939395986	-0.102065019543378	-0.0226263544197575
0.0220841701774757	0.0129436724282506	-0.0487565305258489	0.00370772318145513	-0.0506346996470159	0.0202258880354081
0.057350351520792	0.0805950644992265	-0.000335386641524767	0.0767601071907187	0.00153040610312046	0.0631262157481459
0.0899327665369629	0.145529670846632	0.0473613027589764	0.147334790639342	0.0531692059267803	0.104035805630556
0.118728314914814	0.206657049344728	0.0927679226954457	0.213669521220111	0.103096699008007	0.141059924540472
0.142868889370776	0.262980673635635	0.134577729760919	0.274260894704213	0.150119076446149	0.172792400207368
0.161832693263413	0.313451302015067	0.171829401489546	0.327885567549281	0.193035943673891	0.198537974546339
0.175673635880479	0.357081770660556	0.204093040555565	0.373825190728009	0.230873890417745	0.21846739523715
0.184344075256605	0.392229088461067	0.230751454842206	0.410976151316147	0.26225375975626	0.233007456524901
0.188252836293847	0.417439088087587	0.251539540452169	0.43864703666518	0.28619364613319	0.242956951077508
0.187926316582413	0.431448717422542	0.266235323328619	0.45628853891299	0.301998153101399	0.248987925255173
0.1838570224404	0.43342430511692	0.274584862299233	0.463485154615353	0.309330655923216	0.251339404581675
0.176540427114402	0.423450387705016	0.276496949450943	0.460326751521153	0.308462641762491	0.24985438266155
0.16590490778582	0.401602748311793	0.27143678516133	0.446208066984707	0.299493012441009	0.243436480356382
0.151896396167297	0.368933456785855	0.25926055557059	0.421111933919996	0.283060017202755	0.230956540922394
0.134423846586671	0.326998889516183	0.240153866968031	0.385302534475292	0.260020813421066	0.211460327130635
0.113494229453118	0.277596319134276	0.214725955526179	0.3393580936962	0.231342186795377	0.184556167797167
0.0893648558921645	0.222691469428945	0.184110681985812	0.284423532671211	0.19811711659779	0.150807716130539
0.0625117273206698	0.163500522847669	0.149540704046195	0.221360915001253	0.1610987888469	0.111355270998456
0.0337515080373953	0.101135455704331	0.112519912782627	0.151580558505546	0.121094887060382	0.0682040181655861
0.00413755104183304	0.0364710495163749	0.0745143277525993	0.0767647747405352	0.078873115483066	0.0237522526455114
-0.0251630606775629	-0.0296636701130406	0.0367650622623512	-0.00117334677212689	0.0352139479171771	-0.0196381417728313
-0.0531208283242936	-0.0962583669690167	0.000108495306614715	-0.0801483006190709	-0.00909082415106208	-0.0600465335354493
-0.0786129571656767	-0.16190507848859	-0.0348158102414405	-0.157959600760369	-0.0530020584433544	-0.0962440021793606
-0.100874026033162	-0.224750541647472	-0.0676967894960454	-0.232374227914372	-0.0954251806517308	-0.127774890067698
-0.1194228631623	-0.282584510070998	-0.09833860985014	-0.301213929842811	-0.135192915163234	-0.154817904577529
-0.134033237374234	-0.33308719299801	-0.126496192337712	-0.362446096156704	-0.17113695848489	-0.177904433449927
-0.144850533218707	-0.374382171321386	-0.151956585358571	-0.414498570198266	-0.202388271814921	-0.19771223515735
-0.151657452856394	-0.40465450131959	-0.173811851298261	-0.45556309405621	-0.227747611807319	-0.214335265349235
-0.154460233173449	-0.423126103645355	-0.191230219018056	-0.484442891674634	-0.246488193869798	-0.227582272193912
-0.153260168265019	-0.429915038797215	-0.203397304804578	-0.50037284041078	-0.258188190158584	-0.236848329375369
-0.148049156094598	-0.425897763766542	-0.2096849864579	-0.503035334281609	-0.26272950180114	-0.241261367814256
-0.139007878350576	-0.412683910052468	-0.210022492010211	-0.492861250823529	-0.260507624946172	-0.240079690207464
-0.1259508778425	-0.391252213006829	-0.204155348902376	-0.46993246382079	-0.251506942669238	-0.232374937227667
-0.10898906063004	-0.362591016027512	-0.19243863676603	-0.435038246532231	-0.236114199155891	-0.217806930400576
-0.0883955169785185	-0.327218082000837	-0.175495658591421	-0.389334925860642	-0.214814852923343	-0.196551811779854
-0.0646278303702023	-0.285190584251506	-0.154065667517891	-0.334312022837508	-0.188160932846688	-0.169284608424616
-0.0383870801431431	-0.236518896281965	-0.128979272215757	-0.271960503557628	-0.15690489890628	-0.137186383909593
-0.0103821679995224	-0.180839864232959	-0.10062813244715	-0.203971036688347	-0.121502031896637	-0.101392452861821
0.0184771926265556	-0.118495089003731	-0.0694049828110413	-0.132409856279607	-0.0826541982072888	-0.0632533221756549
0.047192988173412	-0.0506284668540655	-0.0356435700370242	-0.0594024347464284	-0.041183112120997	-0.0241051585948873
0.0747313660861745	0.0207193612139646	0.000256632862257832	0.0129831662881521	0.00195510312024103	0.0147947120286342
0.100167994923481	0.0927720069640334	0.0377480686494386	0.0828651990118488	0.0457145034253042	0.0523064846525837
0.122456847892616	0.162356844315116	0.075881506219518	0.148637760852183	0.0888484319442779	0.0873906060016095
0.140779490743526	0.226417105815816	0.1134439728112	0.209048885845685	0.130078288902158	0.119161730371787
0.154522686205169	0.282469991320709	0.148985843610285	0.263207023592364	0.168114817964995	0.146917715269086
0.163319214940557	0.328923031634991	0.180958705310394	0.310525975406405	0.201720291342658	0.170186524941515
0.167254398821121	0.365379860625369	0.208065485323056	0.35086559985206	0.229978056076261	0.18886973959927
0.166192998240709	0.391721578676659	0.228812910255253	0.3835590373581	0.251646720032592	0.202870670135518
0.160395875147606	0.40853526650307	0.242253072179274	0.408149176813959	0.265930718440952	0.212418563388394
0.150271586559454	0.416498651116167	0.247872796795359	0.424085971853675	0.272327866823183	0.217852684200081
0.136306135020693	0.416050107848549	0.245595288752383	0.430733560832141	0.270663786244118	0.219479523734537
0.119189253855418	0.4075317447144	0.235943454361275	0.427790414047672	0.261359570255587	0.217576944922832
0.0991107833119976	0.390213022358744	0.21924196010447	0.414245356337384	0.244538968734863	0.211806658264371
0.0764210141397339	0.363592682708794	0.196287597727284	0.389725772169977	0.220890742763674	0.201725239592448
0.0514638450069749	0.327448592763922	0.168079124937754	0.354300241214664	0.191357864758161	0.186733405909627
0.0246236813888018	0.282151317656958	0.135767746079483	0.308557584623016	0.157063319508287	0.166254945200257
-0.00353915082571903	0.229024330003723	0.100739441980098	0.25382610622341	0.119383126709413	0.140062068876032
-0.0325446699059146	0.169600516662279	0.0640892335061014	0.191291322891411	0.0793048240142416	0.108101423961493
-0.061675811589399	0.106064985523288	0.0270344576819571	0.122654812597614	0.0379361353479172	0.0710030776356125
-0.0900869195139239	0.0406901847802813	-0.00930069680403919	0.0497521680463442	-0.00370042936437427	0.029985621517438
-0.116856609440477	-0.0245281378589337	-0.0439523545572985	-0.0255684329381477	-0.0446773689925116	-0.0132528509307774
-0.141128339666127	-0.0881303600519743	-0.0761862809645932	-0.101526781982593	-0.0841659471267609	-0.0567616436098144
-0.161977690521765	-0.149187135432774	-0.105416712155227	-0.176361429800572	-0.121352304379856	-0.09854875531986
-0.178693176966472	-0.207186338033736	-0.131241635207544	-0.248327407936027	-0.155451587060762	-0.136885212093423
-0.190767094924392	-0.261711354860017	-0.153358967135756	-0.31562812759701	-0.185682769664978	-0.170471107333667
-0.197910154220245	-0.312104029205661	-0.171494383919105	-0.376388789179378	-0.211277345277333	-0.198508964365561
-0.200194891425309	-0.357451834370584	-0.185529310795907	-0.428937428540252	-0.231701586164449	-0.220793879213094
-0.197458190722287	-0.395779305929592	-0.194875285930485	-0.471079016490722	-0.246072234732388	-0.23714389639268
-0.189809675511967	-0.42500986102343	-0.199126278160061	-0.501103077580681	-0.253865479062569	-0.247685213609113
-0.177434037265302	-0.443113872957244	-0.197967103502537	-0.517734492622107	-0.254793292543477	-0.252575615181812
-0.16056944994316	-0.448541910461132	-0.191266522716602	-0.520286288299224	-0.248835725945366	-0.251911605388758
-0.139674074943599	-0.440881777169833	-0.179377418429422	-0.509051040292906	-0.236483589466707	-0.245891445896412
-0.114873806649214	-0.420021740106629	-0.162370349088879	-0.484183523034781	-0.21784729365861	-0.234251909481576
-0.0865820845911476	-0.387123865419834	-0.140806215730155	-0.446700159781013	-0.193464769314477	-0.217000471210785
-0.055371691412554	-0.344063483128443	-0.115424705410024	-0.398014414822062	-0.163992679790431	-0.19434197757425
-0.0219985201196042	-0.293033036467053	-0.0870347938281496	-0.339782242546206	-0.130155976695606	-0.166747818168177
0.0125216671987539	-0.236331402634702	-0.0565580282424306	-0.273993369555083	-0.0928891112362222	-0.135073762818346
0.0472324353507907	-0.175418268969359	-0.024440009812784	-0.20217892199226	-0.0527435830284818	-0.100109840737291
0.0810047508537316	-0.11149682581352	0.00882063754868983	-0.126152033985644	-0.0105201284968029	-0.0628774180711598
0.112705461324503	-0.045440397015207	0.0427792952129118	-0.0478263106515592	0.0328726051624256	-0.024405449840653
0.141285382428488	0.0219503432124903	0.0769603283140198	0.0307660369756105	0.0763948698730896	0.0143531170561185
0.165902016197939	0.0896804062426359	0.110778792691493	0.107526226027356	0.118881550386576	0.052573946120961
0.185829883086889	0.156303115533802	0.143457423907277	0.180333899497223	0.159090304537935	0.0894885989378124
0.200623508950801	0.219944612111125	0.174031427236037	0.247251204360705	0.195756235999533	0.124387500143109
0.210072519847308	0.278439719637892	0.201403183134075	0.306673190237552	0.22769183196637	0.156544162086564
0.214166459177575	0.329621376710909	0.224443865911518	0.357448742394699	0.253877495294494	0.185180887034971
0.21319330015748	0.371882909133349	0.242266401417468	0.399172389357254	0.273694658095422	0.209620313367037
0.207163710111464	0.403669965805004	0.253822330822354	0.431238271478414	0.286400297961231	0.228883461571601
0.196291739173045	0.424396890847679	0.258492165238167	0.453567976200829	0.2916847220055	0.242273323688093
0.180821340496079	0.434172028636703	0.255976298628645	0.466177397581595	0.289485006136061	0.249343319427752
0.161024909781386	0.433590863568632	0.246286531335766	0.46901799630049	0.279941041986938	0.249963621767021
0.137386924393782	0.423753788820965	0.229915715086169	0.462234242405045	0.263585610498004	0.244491112405983
0.110062961150048	0.404951028821769	0.207076551588756	0.445055127930832	0.240515503154361	0.233115628314399
0.0795043327267264	0.37757316904432	0.178389219638898	0.417101812263203	0.211202205582362	0.216341429423702
0.0463221237416585	0.341818991260229	0.144659397023915	0.378279314673506	0.176279774122549	0.194699567164112
0.0113003457222427	0.297851027283761	0.10687140525155	0.328984753295475	0.136567426717914	0.168666891644241
-0.0245341724567123	0.246234914126272	0.0663182761938176	0.270447037266381	0.0932422130611398	0.138763220717861
-0.0602498265470729	0.187470448205326	0.0240665005377506	0.203951849763331	0.047244400302886	0.105233289864899
-0.0947676349589655	0.122847180258548	-0.0185897179403975	0.131463404930013	-0.000179912059344216	0.0685525393832372
-0.127028455178262	0.0542467596220417	-0.0603637009679516	0.055168009876723	-0.0477180721577003	0.0294479109145983
-0.15607207164161	-0.0160020757386018	-0.100073919754673	-0.0227816749585021	-0.0940705129302834	-0.0110182967404993
-0.181139338274995	-0.0853970575937677	-0.136732227887856	-0.100477846670662	-0.138016639711597	-0.0514750478253403
-0.201597577033397	-0.151514632749783	-0.16959904014602	-0.176291892389311	-0.178501206313028	-0.090309963564392
-0.21705901470038	-0.21231457951873	-0.198166316556663	-0.248853861245116	-0.214610698832169	-0.125933521190009
-0.227328072804611	-0.266281763074131	-0.222115478456617	-0.316875082661366	-0.245582654380479	-0.157008854375649
-0.232352241262007	-0.312448049935654	-0.241231657387734	-0.378945886562363	-0.270783028090629	-0.182658501833815
-0.232284633544975	-0.350514941153307	-0.255452020382714	-0.433619507766746	-0.289833118947618	-0.202693413658469
-0.227009684945895	-0.379944012359535	-0.264310839887005	-0.478604186298936	-0.302086400936766	-0.217145451370368
-0.216536199858048	-0.400539545194156	-0.26739840509919	-0.511710977203769	-0.307151451461841	-0.226539859047172
-0.200890841744661	-0.412115436631156	-0.264270985441361	-0.530925240158087	-0.304782794893067	-0.231516585786172
-0.180166127164499	-0.414452747273809	-0.254547730505588	-0.534773172299264	-0.294923499902764	-0.232568016985937
-0.154727054448664	-0.40763732656328	-0.238225536770539	-0.522968838867307	-0.2779531403244	-0.230012920511888
-0.12481623775543	-0.391117038223297	-0.215134762925308	-0.495531175539745	-0.253966706543071	-0.223373404759781
-0.0910702669600531	-0.364863825215846	-0.185678546283348	-0.453886148619038	-0.223504351117835	-0.212048141230533
-0.0543946760563555	-0.329183117274594	-0.150657185008258	-0.400360429406852	-0.187308524580317	-0.195372585093152
-0.0159141148697786	-0.284773537894035	-0.1112073268918	-0.33782465555428	-0.146275333592639	-0.172897876458158
0.0230610160484346	-0.232917066693812	-0.0688031119890525	-0.269489831994987	-0.101546780949364	-0.144749013292511
0.0614145840119494	-0.174766117104633	-0.0246583173255985	-0.19772971852143	-0.0539585595686044	-0.111378042429109
0.0981070485693202	-0.111925098083107	0.0199769776580588	-0.124615979788744	-0.0045297539547922	-0.07395649670852
0.132338897863845	-0.0461718797879218	0.0640589446207937	-0.0516247790724243	0.0456912279813146	-0.0341156523126816
0.163576505233533	0.0206262185266437	0.106796679027268	0.0202480658184379	0.0956219974053503	0.00629701086124217
0.191538923379586	0.0866083744280856	0.147628502299173	0.0902659127182673	0.144138292685683	0.0455081158959589
0.215979942285883	0.149926106627572	0.186126043683356	0.157629357264236	0.19010416337107	0.0819927201251844
0.236665302038632	0.208879197501503	0.221858228358183	0.221307459538169	0.232365426970658	0.114667461361123
0.253234800365271	0.261966255153462	0.254266310689391	0.279937958076953	0.269797767260024	0.142899885799774
0.265152852247224	0.307949371177724	0.282572165348462	0.331888872461637	0.301352556103751	0.166437209163632
0.271855421258577	0.346136275482137	0.305865793914311	0.375706306890158	0.326236592817702	0.185397896041879
0.272471164500336	0.37561213721106	0.322786165365905	0.409492204129157	0.343495340937304	0.199731621842786
0.266367761774121	0.396027013533198	0.332032219151241	0.432044063708757	0.352498903520769	0.209526864674292
0.253212801628785	0.407317272869644	0.332457322712407	0.442779219283396	0.352841725661971	0.214836990897832
0.23309470181973	0.409616850173104	0.323284252772458	0.441782338269479	0.344365651039031	0.215664885032348
0.20667550259357	0.403450777110978	0.304438578719843	0.430065175513825	0.327366856788147	0.212118362826677
0.174720705174689	0.388607786204124	0.276145108683004	0.408177644529271	0.301968718249005	0.20392531517305
0.138360010153788	0.365131053236256	0.239452564315607	0.377185683066864	0.268776304803663	0.190976674293773
0.0988006573497211	0.333045290420256	0.195988482401708	0.338127657552078	0.22868734535579	0.173212645723923
0.0571724740013491	0.292444830042988	0.147765956709134	0.291889135028417	0.182859072221612	0.150675577806133
0.0144843075083648	0.243824105963623	0.0970286552709732	0.239399192157407	0.132766070798514	0.123686335592599
-0.0285560025777569	0.187543288859477	0.0456607585205068	0.18092967373169	0.0796794062113463	0.092591624942401
-0.0713022582671779	0.124633569621606	-0.00467807801052625	0.117017950834155	0.0250009068525599	0.0582083703057266
-0.113103955259128	0.0566595648071509	-0.0527627909193811	0.0484161144785527	-0.0299456599783471	0.0217629532148713
-0.153197862972183	-0.0143160240387642	-0.0978053036107562	-0.0237616788792494	-0.0839655367087829	-0.0151531578209317
-0.190702878464176	-0.0858903490401863	-0.139377665901725	-0.0979820530809681	-0.13601188526096	-0.0507518151253856
-0.224475660967442	-0.155463457090421	-0.177191911046805	-0.172232261206649	-0.185112274228598	-0.08324389516002
-0.253386843942887	-0.220560132150175	-0.210984727025686	-0.244185407191734	-0.230340707691914	-0.111182523422111
-0.276421283654627	-0.279045391217076	-0.240376414545944	-0.311350447773697	-0.270747707163324	-0.133709584370128
-0.292822962744173	-0.329291460930881	-0.264823236572514	-0.371275894869789	-0.305329051607664	-0.150701586933727
-0.302294503785558	-0.370475203770592	-0.283795253903525	-0.421985883082197	-0.333188876812788	-0.162864299314485
-0.304636130968367	-0.401752109428335	-0.296435091989688	-0.461364147780795	-0.353130923125968	-0.17110911827191
-0.300049161890914	-0.422928889359615	-0.30216787261542	-0.488067141120994	-0.364272587802155	-0.176623360718295
-0.288904383298852	-0.43407558315266	-0.300704936542788	-0.501361250647844	-0.366043269126265	-0.180361924847908
-0.271612119050264	-0.43536678680782	-0.292111212964033	-0.501114960349164	-0.358293939006421	-0.18272382475812
-0.248630101013228	-0.427250287318802	-0.276945032823171	-0.488030248600747	-0.341526393414784	-0.183537811582328
-0.220132658145532	-0.409446828870643	-0.25559174319383	-0.462503120000412	-0.31623357953714	-0.181627703525457
-0.186412042386013	-0.381975750392924	-0.22868502486762	-0.425540133924046	-0.283432793054799	-0.175585154855899
-0.147916864369767	-0.344991401928247	-0.196808832649539	-0.378355248347193	-0.244341154205554	-0.164028145007133
-0.105385383749937	-0.298918601936417	-0.160422198266931	-0.322287903115369	-0.200226467102767	-0.146015042246479
-0.0599368794925598	-0.244743553838898	-0.119960131145029	-0.258957295950782	-0.152393787610741	-0.121445805078049
-0.0130075592624952	-0.183441176178226	-0.0756446981019589	-0.189553160306529	-0.101772477196499	-0.0908282298169229
0.0337195290115533	-0.116593375612893	-0.0279530375790487	-0.115567237708244	-0.0492922568983138	-0.055516716162958
0.078523336062415	-0.0461257452287196	0.0223012213257878	-0.0386322298037987	0.0041517787099256	-0.0173257592834215
0.119861263888302	0.025818840815821	0.0738639516773804	0.0394435322396073	0.0576114680611053	0.0218348626859698
0.156614282101685	0.0970522379249717	0.125089633473792	0.116704538374252	0.110052011695447	0.0603085000331474
0.187939393231786	0.165385662638407	0.173945167172204	0.190988055644999	0.160224319179825	0.0968340750019129
0.213492588415927	0.228822699329075	0.218379983487731	0.260116255141446	0.206823276965592	0.130628980517467
0.233245197900368	0.285607923908087	0.256570836276199	0.322002893290458	0.248552715618103	0.161245163227593
0.247321094403398	0.3342711084791	0.287168178264659	0.37480563358971	0.284243351831528	0.188354300706844
0.255957190329926	0.373885057237284	0.309565400582221	0.41734178045738	0.31310096269155	0.211671162336684
0.25901904242027	0.403305292218567	0.323473455241474	0.448269300831331	0.334275639812676	0.230397722914075
0.256405903135595	0.421977007719642	0.32922172731938	0.467072515907721	0.347368220624541	0.243699629536674
0.248012333419715	0.429727534159658	0.327420130655891	0.473785766707496	0.352248235238148	0.250728314712121
0.233848966519976	0.426755464766531	0.318724952740212	0.468910158456078	0.348984872099851	0.25083552775208
0.214245965742916	0.413884577830759	0.303790861562023	0.453632048063752	0.337940714827729	0.243938593195714
0.189589388406538	0.391441414462732	0.282749428413807	0.428424380000002	0.319170944519087	0.230038827193259
0.160633486758793	0.360207142542203	0.255720508238546	0.394137932226322	0.292995406234776	0.209790075723199
0.128316191397051	0.32102833058383	0.222838256732135	0.351545901079801	0.259878714626372	0.184191973443596
0.0936312987932938	0.27475802306795	0.184443428232555	0.301308540657053	0.22048767753415	0.154386380068155
0.0575139667688902	0.222435792289668	0.141293657469912	0.244234558395104	0.175814560163798	0.121565804175492
0.0207395580643816	0.164664180271915	0.0944314690101978	0.180603108234408	0.126895668119134	0.0864859138608979
-0.0160498893280236	0.102362970696238	0.0453182234306724	0.111099482799443	0.0750526994954333	0.0498243258164515
-0.0522959107891288	0.0366688847631757	-0.00438730063676388	0.0367484576611855	0.0217209101241799	0.012161577031572
-0.0874320732486481	-0.0310023999243827	-0.053049427066951	-0.040961825066459	-0.0316602607928484	-0.0258822430660884
-0.120888570204805	-0.0989851522498069	-0.0993231197130767	-0.120063575996447	-0.0838019374912804	-0.0635472920623564
-0.151765227861657	-0.165349570497869	-0.142086744797786	-0.198063000173452	-0.133447838532838	-0.0998390810647137
-0.179168085124793	-0.228123350444935	-0.180665104735365	-0.272197825760752	-0.179574313665452	-0.13364340828601
-0.202213663472234	-0.285429553400929	-0.214686276674776	-0.339652600801311	-0.221306750184027	-0.1638576348125
-0.220144457085006	-0.335629285115074	-0.243922001532088	-0.397841517759918	-0.257861093290942	-0.189566125982545
-0.23255593906184	-0.377648915498079	-0.268268263737305	-0.44492996720752	-0.288654744418694	-0.210298552639156
-0.239005680102316	-0.410185632712098	-0.287102308615024	-0.479171969217803	-0.312712649538471	-0.225659905032498
-0.23945694992195	-0.432489465023387	-0.299787567293231	-0.49987231806546	-0.329276344299177	-0.235685983414033
-0.234086491052367	-0.444071989611594	-0.305605762886444	-0.507106330466948	-0.337715367237137	-0.240569200751469
-0.223199429191217	-0.444656947079331	-0.30391575562821	-0.50156601864272	-0.337628486711152	-0.240475291950259
-0.207245322661125	-0.434477367356184	-0.294489433323259	-0.484648763209333	-0.329110721172956	-0.235569499782905
-0.186480869939399	-0.41326783057182	-0.277121710020183	-0.45709571270927	-0.312200708394745	-0.225415840937772
-0.161312948941662	-0.38140666812748	-0.25224011740541	-0.41991622654569	-0.287492394895909	-0.209650644592448
-0.132265086074399	-0.339704554675238	-0.220712933063149	-0.373981588814054	-0.2558918539356	-0.188019198996999
-0.100037807081359	-0.28944257643771	-0.183725276205622	-0.320059120950714	-0.21850458159016	-0.160608563669658
-0.0655300512222841	-0.232516041901523	-0.142664358962308	-0.259164157721483	-0.176582402865737	-0.128135433446569
-0.0298072524901533	-0.170601596214811	-0.0987470764835475	-0.191992552715139	-0.131146083436322	-0.0916128495729411
0.0059971470924164	-0.10563042756959	-0.0531177938687825	-0.11985142598704	-0.0832022686265971	-0.0526314058226541
0.0408147956462988	-0.0393690000896186	-0.00675229902994918	-0.0445285862928172	-0.033665230310426	-0.0130063960024697
0.0737670676770901	0.0267426550174532	0.0394997819797861	0.0317512527253874	0.0165889216852233	0.0255322602437698
0.104337427320668	0.0916635774302092	0.0849000052002293	0.10653502199275	0.0667108764402871	0.0616397844945354
0.132023970358248	0.154588208832531	0.128469524600547	0.177341525401753	0.115574069255715	0.0944879642085693
0.156604001077618	0.214824383268231	0.169186135177351	0.242049278000678	0.161976812032067	0.12381836916462
0.177902382078793	0.271533719035228	0.205916396378716	0.299119209825	0.204602749152719	0.149779770203926
0.19565916426203	0.32353464064311	0.237485342663035	0.347701721793476	0.242104063548324	0.172667895749157
0.209592066831112	0.369463507482137	0.262948178700288	0.387840349847119	0.273398134124153	0.192766209868908
0.218908959906056	0.407074533140681	0.281185351313891	0.419338670862471	0.297200070310027	0.209722632613995
0.222915206825564	0.434299441437535	0.29155839935503	0.442380597425633	0.312746504111432	0.222906062579579
0.221033115113251	0.449385668830873	0.29381837215218	0.456977658985565	0.319687475469589	0.231380986384559
0.212973440501827	0.45125466246926	0.28810910847295	0.462777906414989	0.318090530097114	0.234127364220346
0.198953318690024	0.440042080437432	0.275067373619919	0.459398238660066	0.308563213497774	0.230469777645752
0.179372062489604	0.416134374548554	0.255211011132607	0.445345071450612	0.291540648504255	0.219774945227227
0.155091900734124	0.381036434141061	0.229388793821693	0.419567668537473	0.267811268091123	0.202135789821705
0.127174770342557	0.336765418227238	0.198548865704202	0.381466788415812	0.238242215809552	0.178217200692657
0.0966959042802252	0.285457577949776	0.163686843955598	0.331206933143125	0.203715891674915	0.149130535591901
0.0645867427662357	0.229200670145827	0.12586896477677	0.270101433586127	0.165175951339931	0.116342512704908
0.0315674044923591	0.169150767284419	0.0860339837848168	0.199803311842111	0.123367913521979	0.0810725855126896
-0.00183013894015336	0.106174869180333	0.0451821774523459	0.122863438039242	0.0791386779116339	0.044534360507384
-0.0351598353991515	0.040827449631171	0.00430636420423956	0.0421635203954806	0.0333849109421802	0.00776249515806639
-0.0679261878896359	-0.0263594605398983	-0.0356272729686994	-0.0394538258520284	-0.0129284470850971	-0.0283565613987473
-0.0995830903967242	-0.0945943319938144	-0.0737899522397476	-0.119504791312543	-0.0588461258733282	-0.0630125100830143
-0.129124550768915	-0.162529685132526	-0.109228452180526	-0.195949239149311	-0.10318404148521	-0.0953542712693461
-0.155517857868174	-0.228287113312157	-0.141174248017286	-0.267243037431529	-0.144826067626786	-0.124493906890446
-0.177727286787592	-0.289569929225215	-0.168978418591584	-0.332168206212337	-0.182698223604261	-0.149546168135983
-0.194875089100155	-0.343943602926253	-0.192118521715541	-0.389619032176169	-0.215813837305381	-0.169746170404316
-0.206528710626494	-0.389403526001619	-0.210386585263822	-0.438648143485167	-0.243509966676975	-0.184703818372054
-0.212238825142261	-0.423929443423605	-0.223246103593559	-0.47760138314175	-0.264794494650294	-0.194152827249068
-0.212064273945817	-0.446445866809291	-0.230486518624108	-0.504980612776321	-0.279064368654058	-0.198364714200164
-0.206322051922641	-0.456646217082056	-0.232040767593306	-0.519414087820348	-0.285930914232502	-0.197968459948938
-0.195460694611461	-0.454875333100656	-0.227981807510141	-0.51991485795015	-0.28523730064607	-0.193773102370989
-0.180066595748903	-0.442191451225968	-0.218695776954648	-0.506420164993038	-0.277271654874789	-0.186679793794974
-0.160406068263776	-0.419129302278825	-0.204201378281289	-0.478884613733382	-0.262060301757317	-0.17694827820027
-0.136880386347704	-0.386496621642476	-0.184796472893706	-0.438335633131168	-0.240084262414745	-0.164576031230876
-0.109981866383985	-0.345009852341671	-0.16084209916443	-0.386441871690489	-0.21204625578883	-0.149156294017564
-0.0803872109378136	-0.295332243346425	-0.132754688682742	-0.325286155316402	-0.178829958251874	-0.130029832426772
-0.049013691468955	-0.238388948933491	-0.101085747068527	-0.257309844595995	-0.141534625689083	-0.106645902522258
-0.0169802889552021	-0.174886468986219	-0.0663090424530057	-0.184410915811821	-0.101098074525008	-0.0785239856126966
0.0144684769466051	-0.106112253831166	-0.0291203108974928	-0.108525518151641	-0.0585771964808899	-0.0458557946395634
0.0441427769665429	-0.0338151414951058	0.00960564830188545	-0.0314252392323	-0.0150110685988763	-0.0095400341775854
0.0710835459269742	0.0398294676790703	0.0488089589249735	0.0452097958413965	0.0285990765065468	0.0288539859639961
0.0947930395661833	0.112381794362385	0.0873652704050375	0.11972544199361	0.071370030226131	0.0673055471512007
0.114889283767866	0.181264132261754	0.123875671393694	0.190350559746815	0.112262166974582	0.103625169461582
0.131390486611628	0.244070595025886	0.157059806283472	0.255304635237459	0.150323584233788	0.135860928963058
0.144439418487079	0.29875826590542	0.185794360864041	0.312877654917088	0.184614276980853	0.162593276560208
0.154107982367785	0.34379985247874	0.209208719317599	0.361584093647152	0.214218477432764	0.183108459741203
0.160417678960324	0.378492405253637	0.226906249490119	0.400587151691255	0.238481346975176	0.197498249095618
0.16271092119894	0.402154054422597	0.238366424090297	0.428875240475057	0.256360566267855	0.20616307424351
0.160348459543349	0.414859611041589	0.243493551271304	0.446201031229671	0.267201814825538	0.20988705840663
0.152736766122009	0.417098023690101	0.242367553759746	0.452738706168161	0.270602768217378	0.209446211363753
0.139576082569985	0.409628654315628	0.235168329534771	0.448930946988885	0.26646131143545	0.205370372295257
0.121199491253589	0.39362423312045	0.222299718255677	0.43566030784118	0.25520649001312	0.197954486569019
0.0982215566661611	0.369517797710284	0.203791077867878	0.412909381092373	0.237038329766524	0.186840804172236
0.0719651407499567	0.337935043043636	0.179952503408074	0.380910561992847	0.21264218229389	0.171623740717662
0.0441161383549567	0.299368527597681	0.151265359828934	0.339849567871829	0.182901575314658	0.151954110015146
0.0164182417871383	0.254209111671326	0.118441765732268	0.289990868854428	0.148820926938418	0.12776553779944
-0.0096254641806505	0.20302432970339	0.0825187030954427	0.232047482711849	0.111550840171445	0.0995201202504175
-0.0330897357789243	0.146037905305317	0.0445682374667914	0.166580518631798	0.071989867088113	0.0678949627572125
-0.053619758657962	0.083942582924058	0.00588828266414987	0.0948208755863946	0.0311233361405229	0.0340191774022551
-0.0714057895454762	0.0178337519508449	-0.0321972394648184	0.0184503585957363	-0.0100838080868623	-0.000820849255893401
-0.0869823054079613	-0.0507310134472012	-0.0684613456969182	-0.0604847364005351	-0.0506725629346874	-0.0354103068270065
-0.101050912069314	-0.119800087534886	-0.101945569708281	-0.139754069395915	-0.089746654270805	-0.0688128143112382
-0.113877032068424	-0.187046955474266	-0.1317530170442	-0.216978302125691	-0.126232041754766	-0.100405995722531
-0.125441401471029	-0.250082745694112	-0.157288142218569	-0.289889195710468	-0.159126087541275	-0.129906020254866
-0.135300680735517	-0.306665055353793	-0.178143869641664	-0.356390049597386	-0.187483341222359	-0.157208227590199
-0.142678771421821	-0.354913552699958	-0.194041496560745	-0.414602499827691	-0.210481365937829	-0.182181634482876
-0.14681470938652	-0.393696164387891	-0.204980684703905	-0.463138403362136	-0.227695246185967	-0.20459542980243
-0.146660335971435	-0.421861100452361	-0.21054101433374	-0.50023589670375	-0.238449367415287	-0.223579720643227
-0.141635485807946	-0.439017232058804	-0.210588756379021	-0.524677228130217	-0.242553146434385	-0.238064656921928
-0.131601194894329	-0.445190995582752	-0.205126071214364	-0.535597795497109	-0.24009707963352	-0.24680323214422
-0.116882718603177	-0.440686353646681	-0.194332698754699	-0.532561696207971	-0.231411110983503	-0.248616549027827
-0.0983167958870965	-0.426248803390346	-0.178782435743309	-0.515940080266018	-0.21721702186678	-0.242834361944177
-0.0766674874539077	-0.40198686816209	-0.158717226695043	-0.485871261667856	-0.197775339392318	-0.228978656006726
-0.0529174064175411	-0.368371561361399	-0.134702650017499	-0.443335369613525	-0.173603520847128	-0.207457595653518
-0.0279920521200366	-0.325994675655785	-0.107353441622998	-0.389779392279049	-0.145216104585084	-0.179386766989592
-0.00266830741082401	-0.275636931510439	-0.0772744085367471	-0.327005358650412	-0.113126200297653	-0.146422685303973
0.0224286787617128	-0.218509312497626	-0.0451270851346955	-0.257229916634516	-0.0779901850816451	-0.110591868801318
0.0468947706495162	-0.155614802877941	-0.0113247565766851	-0.182265268789276	-0.0402688579405415	-0.0736142843789135
0.0703673556740266	-0.0883731862258752	0.0235664090277856	-0.104112114178213	-0.000694189912386856	-0.0369952989274322
0.0924839144281803	-0.0183718986014872	0.0588550467489878	-0.0247071980305869	0.0398162489022777	-0.00175442578888922
0.112817591995231	0.0527073670250381	0.0936740537976552	0.0540915427850967	0.0801618418472055	0.0316048213370292
0.130931953070741	0.123185386971873	0.127049506441155	0.130537383815631	0.119166655723297	0.0630140510972487
0.14608473049393	0.191312396285665	0.157739186838667	0.202872906898406	0.155460060335669	0.0925911332651283
0.157566078454197	0.255387103027259	0.184565746569218	0.269468086454669	0.187768556850696	0.120484956324968
0.164701949255409	0.313729773610819	0.206499469832769	0.328831500051267	0.214970376662683	0.146674004935896
0.166959192347437	0.364698586641512	0.222779781920987	0.379671541222255	0.236178784141825	0.170860761556855
0.16420800311788	0.406976451702136	0.233162396194082	0.421229561610625	0.250986150645171	0.192595522624861
0.156260687433681	0.438865426000237	0.237282040739395	0.452392768361397	0.258798270851272	0.210904193254134
0.143450219258028	0.459226393425643	0.235203087793685	0.472646836598214	0.259483636337139	0.224876906375967
0.126450446554344	0.467382613302055	0.227137847130421	0.481785058194572	0.253148722312405	0.233682825641352
0.106183163721351	0.463209757968167	0.213351673238118	0.479852098400066	0.240100060267152	0.236683561287375
0.0838040263582458	0.447449341506001	0.194309503648589	0.467411613673307	0.221036343201778	0.233646428832624
0.060069468320652	0.420590347804316	0.170028225979897	0.444318531062932	0.196258014651391	0.224227057428449
0.0356663588858351	0.383769854822524	0.140842563972218	0.41087494358316	0.166439367206283	0.208486946059792
0.0109954032272247	0.338294637355026	0.107322961372128	0.367516808346168	0.132399972706775	0.186717172774562
-0.0138158285010755	0.285478085146534	0.0703635632575996	0.314870099925358	0.0950875298403002	0.159430950400254
-0.0387659740912303	0.226732826238639	0.0312943151370265	0.254029564997839	0.0556575974636239	0.127481250868722
-0.0639470731678616	0.162886638990556	-0.008536308344504	0.185878849639519	0.0150127065931788	0.0917154924092775
-0.0891979334827852	0.0949420539288009	-0.0475700625842041	0.111856269351399	-0.0258290330012759	0.0533487198960652
-0.114007584079552	0.0240226004285095	-0.0843473213754081	0.0337245082922657	-0.065904195031937	0.0138168634958996
-0.13747384481459	-0.0484856654689712	-0.117697704612847	-0.0464929261407496	-0.104328812958955	-0.0253277984903436
-0.158466062136004	-0.120879970965737	-0.146917919620085	-0.12664292425999	-0.140347453918262	-0.0626012518392899
-0.175562364588519	-0.191068680080604	-0.171588434117786	-0.204456064230651	-0.173141403188599	-0.0967141449050029
-0.187559294430828	-0.256787268943101	-0.191660529209464	-0.277755513572479	-0.201948083388752	-0.126808893860397
-0.193647421733297	-0.315784688156655	-0.207239030861268	-0.344513831533771	-0.226002480562214	-0.152532648715948
-0.193566829982141	-0.366063165524279	-0.218401445395736	-0.402906195148351	-0.244549321682652	-0.174009666627725
-0.187764642896161	-0.406309739211325	-0.225247514342573	-0.451583129070899	-0.257083309476589	-0.191813411334434
-0.176783382941382	-0.435251188777346	-0.227243799655948	-0.488855035966143	-0.262785674795447	-0.206287612797693
-0.16152002846223	-0.452445130642346	-0.223912387877235	-0.513563054960705	-0.261266375437965	-0.217706209233349
-0.142839641668652	-0.457976030387909	-0.21481237628072	-0.524890527886853	-0.252470171497112	-0.225937942821458
-0.121386099011095	-0.452303630592176	-0.199720289465731	-0.52242834002686	-0.236718273469203	-0.230364543703135
-0.0976435104302042	-0.436394515244128	-0.178960678481239	-0.506561446991135	-0.214895901152793	-0.23013793482637
-0.0715616357409008	-0.410561399061908	-0.152799885898192	-0.47741974589912	-0.187627289912825	-0.22385510342684
-0.0432009194632986	-0.375452555832309	-0.122061157743271	-0.436002282391659	-0.155883411432037	-0.210492210130665
-0.0128247564680401	-0.331779838652634	-0.0878010689043014	-0.383828760137798	-0.120630577485627	-0.18960245516192
0.0189286627896008	-0.280395901614527	-0.051138686515227	-0.322843998270365	-0.082722090336033	-0.161573002127891
0.0509626494624496	-0.222560730341605	-0.0131980345738614	-0.255478936034097	-0.0429658631138436	-0.127791842241874
0.0819652992095339	-0.159359309842965	0.0253021412004441	-0.183728228203168	-0.00175600203229419	-0.0901368813936197
0.110493182920998	-0.0923359614683875	0.0637024347736599	-0.109723777870547	0.0404171996768688	-0.0509804949777286
0.135299605943759	-0.0232401175658738	0.101415559135811	-0.0353857558705997	0.0829555139611202	-0.012638070042685
0.155572696391792	0.0460890043892038	0.137808562279712	0.0376473318844061	0.125035979893482	0.0230628836453539
0.171114284840473	0.113882654079257	0.172158353316706	0.108056760946129	0.165598580747147	0.0550982974119481
0.182043771149968	0.178439967493697	0.203451314352601	0.174659188326173	0.203231560489351	0.0832547623994614
0.188818037743932	0.238280711377238	0.230597727950086	0.236435446674381	0.236422389445031	0.108043978896024
0.191888450337098	0.292113018567532	0.252511670234922	0.292403097025914	0.26370657041469	0.130341944912219
0.191451187522524	0.338789294082725	0.268261543205429	0.341554764591786	0.283867319867572	0.150966679964981
0.187457347097338	0.377496652851247	0.277348261500261	0.383125212881104	0.296275309987391	0.170406909230777
0.179200496861666	0.406916848894104	0.279246854366326	0.415707938354315	0.300371597989533	0.188227673860945
0.166003015943293	0.426092407968773	0.273906008435551	0.438300960938662	0.296253304394092	0.203437169753903
0.147395358885146	0.434286124727935	0.261528285371504	0.450159061142709	0.284414158401557	0.214580773940409
0.123408808857114	0.431102890443986	0.242473793300594	0.450889934472297	0.26559900882058	0.220088837565996
0.094854227621571	0.416896887762173	0.217351442190164	0.440839958873792	0.240848453980189	0.218813737934135
0.0628892739918096	0.391787391916963	0.186442402686734	0.419879042763347	0.21069406291773	0.209859581445864
0.0292042477885499	0.356681563595868	0.150319512887155	0.388527487500349	0.175797110604155	0.193263765060642
-0.00444828181223244	0.312867891337712	0.109786618736642	0.347510271818609	0.136775208359811	0.169861481784849
-0.0366180406668668	0.261848792726741	0.0659700714137697	0.297661160652319	0.094276235126047	0.141123925767188
-0.0663834484942174	0.205342875341278	0.020428417969543	0.240069636553597	0.0491722338869055	0.108977395935185
-0.0935271236048708	0.144493963934599	-0.0252075310186927	0.175369669084421	0.00225423577695446	0.0751754398610276
-0.118265221126306	0.080469396815166	-0.0691162408989311	0.10453254866763	-0.0453720883000277	0.0413543576030775
-0.140979868594234	0.0143147596028937	-0.109607353934287	0.028769798108623	-0.0924367598224258	0.00877015284683105
-0.161869506182471	-0.0529209119661013	-0.145359712266199	-0.0503544713042041	-0.137593786906844	-0.0217642178940183
-0.18075455438704	-0.120067250027108	-0.17564279600069	-0.130898236405574	-0.17958132643059	-0.0498720190857707
-0.196743398792897	-0.185577795597445	-0.20017725542175	-0.210421043511437	-0.217161861431309	-0.0754387880641156
-0.208601772085074	-0.247616706626598	-0.219209237390726	-0.286228051302306	-0.249342660602289	-0.0985739262510906
-0.214995313852314	-0.30410376469703	-0.233249499066837	-0.355527273243178	-0.275360373134789	-0.119470613822648
-0.214872006781134	-0.352906748435814	-0.242811911959325	-0.415671975147364	-0.294666209609789	-0.138302935774224
-0.207915196064225	-0.392342214062556	-0.24835329572799	-0.464643849210885	-0.307066787941525	-0.155268834145834
-0.194271234759436	-0.420628807973577	-0.249578061155653	-0.500423910771477	-0.312079703189844	-0.170089635903053
-0.174919638891087	-0.436907272945787	-0.246028399955008	-0.521943722450116	-0.309518255523395	-0.182408345229669
-0.151301738876167	-0.441080270505064	-0.237084323892523	-0.528865064529948	-0.299340439442542	-0.191657361266255
-0.124959252967077	-0.433732413243811	-0.222202679393703	-0.521505116032354	-0.281687754975135	-0.197094367929727
-0.0972831038440566	-0.416193744973449	-0.201331368300658	-0.500989505743115	-0.257125359527897	-0.198036860066803
-0.0689375020645731	-0.389304133713633	-0.174458912296266	-0.468078268488041	-0.225982853449549	-0.19349147727753
-0.040171114707602	-0.354110682319292	-0.142252789019498	-0.424049565906374	-0.189030661075076	-0.18282855914816
-0.0108745089607266	-0.311427026844388	-0.105789723735801	-0.370312854469348	-0.147250596839571	-0.165800520187266
0.0191395267898196	-0.261811579667259	-0.0663609886015182	-0.308367517921363	-0.101771315435546	-0.142654362855925
0.0498278664122376	-0.205864269038404	-0.0253260182821054	-0.239987376034521	-0.053886019297301	-0.114245203330153
0.0807516507557423	-0.143869954252462	0.0163487858069915	-0.166601479591253	-0.00464396044177462	-0.0816547959954979
0.110990336675245	-0.0766607411727062	0.057893168782767	-0.0899677121455622	0.0448576115441303	-0.0463372181731258
0.139278956441511	-0.00565431665410927	0.0987745562847787	-0.0119882811823367	0.0935855860971529	-0.00982570034036449
0.164255843639285	0.0670770498947324	0.13856202669911	0.0653237646000625	0.140557426961154	0.0264647474891038
0.184826693941676	0.138962521543797	0.176809672384418	0.139964609271717	0.184870944538295	0.0614090384261248
0.200108261543652	0.207073828916772	0.212704215935336	0.209884533158293	0.225489482796733	0.0941199309037519
0.209793644286753	0.26865370671655	0.245200461838809	0.273259480274879	0.261419309101378	0.124016813445776
0.214027054326092	0.321469000529352	0.27301472713094	0.328551527939682	0.291680015677114	0.150702635002011
0.213240834340522	0.364101076952577	0.294775748051005	0.374585156215791	0.315349068013525	0.17385481228343
0.208080181375729	0.396297080171493	0.309386942368298	0.410861510448827	0.331793197037653	0.193283264689649
0.198780358016351	0.418036515341944	0.315714256701056	0.43660082645148	0.340144989087552	0.208444694941279
0.185525240986946	0.430089818623461	0.313256178833857	0.451664037503544	0.339939780473426	0.218949244819968
0.168359094696052	0.433400493651318	0.302058498206712	0.456206100659306	0.330998722491454	0.224503989702231
0.147304594799646	0.428714552285049	0.282671600243958	0.450582626626255	0.31345560352463	0.224977653237846
0.122607940192951	0.416624234837402	0.256174940075694	0.435596898958054	0.287944538464456	0.220577242034207
0.0944966979296514	0.396479655442512	0.223496398167821	0.411225334050385	0.254959297055242	0.211245566707171
0.0635514618782736	0.367582622982732	0.185769180176347	0.377788530995684	0.215443137642338	0.197133647072277
0.0305587269218741	0.329221368565052	0.144083368231721	0.335618583921189	0.170570966478376	0.178346341231271
-0.00359575788856416	0.281073539423476	0.0994473098533632	0.285121860133592	0.121690005663529	0.154897959600921
-0.0380324695211566	0.223746889394155	0.0528655963682419	0.227084795850584	0.0703265741912483	0.126847259760961
-0.0719859971637718	0.158326420994864	0.00518824938970499	0.162061429110408	0.0178092102775004	0.0941199757459168
-0.104782440750557	0.0870072769588403	-0.0426269297867794	0.0912053197651817	-0.0345279107598575	0.0570383137401875
-0.135790347702875	0.0126684716295831	-0.0895320308840691	0.0161119551245352	-0.0854913349767502	0.0164299435474879
-0.164335471583767	-0.0615287827962292	-0.134386461333992	-0.0611996873040712	-0.134059846712466	-0.0262586451599369
-0.189728512976501	-0.132645658431669	-0.176065106926727	-0.138433964157407	-0.179446287508918	-0.069034677570566
-0.21096403054239	-0.198224364730449	-0.213295048027408	-0.213037163185753	-0.220821413063542	-0.109491310283029
-0.227112318975706	-0.256669038188809	-0.24497962843356	-0.282556731808139	-0.257480037625483	-0.14527296096051
-0.237387143753772	-0.307227454189134	-0.270218326739	-0.344800729105951	-0.288715321264939	-0.174479433773537
-0.241311285332217	-0.349802559057386	-0.288373901398886	-0.397988769436147	-0.313782518251475	-0.196032095137695
-0.238969656327398	-0.384867504470377	-0.299278685655405	-0.441083355707826	-0.33209378219153	-0.209987677786029
-0.23056001292489	-0.412262590455259	-0.302662952358175	-0.472889289668634	-0.342641040964785	-0.21705669924064
-0.216764025647309	-0.431764295571432	-0.298704684317575	-0.492876773071213	-0.344733606765694	-0.218731630737801
-0.198443401407114	-0.442728841012646	-0.287817337111584	-0.500823726158468	-0.337947776674458	-0.216700882579274
-0.176438118864222	-0.444174177657131	-0.270578756403905	-0.496723219119692	-0.32223898594847	-0.212344319719353
-0.151497861171023	-0.435337966183355	-0.247812002749045	-0.481052826994347	-0.298191584526596	-0.206500040977376
-0.123898484325517	-0.414963195880493	-0.219942955626153	-0.453685830784458	-0.266365361562418	-0.198727534042118
-0.0938103041576297	-0.382709672348443	-0.187504866311357	-0.415072852656205	-0.227857247026005	-0.187988444841238
-0.0613681469839729	-0.339081090998039	-0.150968053223193	-0.366019317158868	-0.183995082892226	-0.172848041000344
-0.0268692494442652	-0.285478085146534	-0.110775475338622	-0.307758704265434	-0.136192595175232	-0.151980535765644
0.0090685990195487	-0.224238033658842	-0.0674801984372928	-0.242162906584992	-0.0858957964908589	-0.124766507925694
0.0454392623592988	-0.157686917060113	-0.0216358152170105	-0.170970030797632	-0.0342363013913561	-0.0912705869566375
0.0809313712122573	-0.088419042711156	0.0259034462447152	-0.0963464427948761	0.0177279805240019	-0.0526823458034501
0.114107824833116	-0.0187691683206524	0.0739818731810738	-0.0204963133978607	0.0690436186698101	-0.0110126463972707
0.143644210231116	0.0494110602252803	0.121150116195726	0.0545217537625344	0.118782085163334	0.0313226623166691
0.168646666030858	0.114850618081022	0.165831218263453	0.126967039360322	0.166037802940508	0.0720341432512171
0.188436039032192	0.176628433435406	0.206218424055711	0.195347052497915	0.209619350904015	0.109323283869934
0.202892362285088	0.234083526476688	0.240744942071486	0.258507361814052	0.248328075369125	0.142216781510005
0.212237705377766	0.286529775912258	0.268201149250276	0.315495748768559	0.280959938265224	0.170541682361833
0.216841397915584	0.33306028355446	0.287868524042699	0.365434744987548	0.306425936546418	0.194678620151709
0.217165436462408	0.372715341649291	0.299718941333369	0.407690200538466	0.324073426397085	0.215282189320602
0.213137229317228	0.403729018962741	0.303796081063495	0.440900888140261	0.333150966596334	0.232453121802457
0.204623729738272	0.424578500700044	0.300618004952942	0.463968534689349	0.333507972038689	0.245863821476163
0.191388443688188	0.434020003307135	0.290835427471576	0.475907659965928	0.325407151638377	0.254574139157746
0.173263504771075	0.431346275857209	0.275062830036339	0.475994644672452	0.309452198577168	0.257214866505319
0.150427389105367	0.416849116062175	0.253927256172533	0.464235888909741	0.2866544143006	0.252525931782389
0.123197327328828	0.390801433066414	0.227536549870991	0.44028399989886	0.257664787905396	0.239281814637008
0.0923817554148545	0.354388157972742	0.196085886368815	0.404624672021865	0.223298181301442	0.217248278467862
0.0591054994852007	0.309186074098563	0.159861106632262	0.358180205371587	0.184302738842649	0.187256396098429
0.0246483500459743	0.256905257851836	0.119396700855418	0.302205055278221	0.141367511250623	0.151171151721918
-0.00975042688513963	0.199350020095228	0.0756388939613102	0.238375757746017	0.0952513114093192	0.111698969619643
-0.0430201847255222	0.137651237160615	0.0297685605941991	0.16799127915671	0.046615209335558	0.0715432677485942
-0.0743632073621595	0.07291402657965	-0.0167008350196963	0.0926592217226984	-0.00365411052448947	0.0332188439244989
-0.103228665182433	0.00614653567207923	-0.0621383384012565	0.0141016034365622	-0.0544622736854018	-0.00152019083272754
-0.129222249014956	-0.0615654256556059	-0.104993046063681	-0.0658081645944927	-0.104506175202129	-0.031947711670323
-0.152098580927036	-0.128933935645056	-0.144059421394513	-0.145051073358909	-0.152416910443237	-0.0583918398163584
-0.171295329378591	-0.194255308774586	-0.178290475900486	-0.221384957372438	-0.196567781201549	-0.0819021635183504
-0.186285752813656	-0.255568019633537	-0.207125874714307	-0.292521626352049	-0.235504501894163	-0.103885374014644
-0.196524824675817	-0.310766794515198	-0.230340333749831	-0.356230558105998	-0.267990042967218	-0.125580618829745
-0.201558734646252	-0.35783397758842	-0.247920604794456	-0.41049555854538	-0.293104361497726	-0.147623606753106
-0.201300104273687	-0.3953209367087	-0.260118289179296	-0.453887767075232	-0.310505668370344	-0.169900232129814
-0.195597852687301	-0.42176604511157	-0.266694615440021	-0.484896987052528	-0.319711631474944	-0.191146814367243
-0.184774344207564	-0.436596158230075	-0.267532910249878	-0.502764660239547	-0.320772308308854	-0.209546707117996
-0.169424892068223	-0.439881187474352	-0.262481682700588	-0.507246371060773	-0.313995973981865	-0.223010215551612
-0.150298445456009	-0.432198274856148	-0.251431236809105	-0.498551160614069	-0.299867034777669	-0.229627485041143
-0.128262746440593	-0.414709219157038	-0.234587417539437	-0.477548608721182	-0.279175063378506	-0.228218288026866
-0.103799756963255	-0.387955526770772	-0.211910241312544	-0.444703511950198	-0.252256632000103	-0.218084069055225
-0.0773168928146042	-0.352701104315455	-0.18377131342849	-0.401047984865123	-0.219672096282971	-0.199586221907719
-0.0490686814206026	-0.309592474010167	-0.150761272489142	-0.347883136269105	-0.182019870374635	-0.173874373702497
-0.0192555375024026	-0.259212567574805	-0.113639280357011	-0.286780342158179	-0.139969020466877	-0.142617149796443
0.0118451727933366	-0.202395598177573	-0.0733308905350649	-0.219753920369212	-0.0943780224320349	-0.107752958090289
0.0437410992859765	-0.139778553663431	-0.030656278971446	-0.148562004400422	-0.0460410956286511	-0.0708906309465166
0.0756794982120685	-0.0725742299924123	0.0134835424820405	-0.0752809184424385	0.00402520055794433	-0.0334008836675441
0.106646505695144	-0.00247122697080018	0.0581543262512226	-0.0019990438507534	0.0546676532712235	0.0037420305865011
0.135453435776011	0.0683954725795293	0.102356020630896	0.0693090231792722	0.104625116943322	0.0399024933065477
0.160989515974403	0.137620914617002	0.145081679812929	0.13693119226634	0.152665798768463	0.0746620907059575
0.182012400445389	0.202647039060034	0.18501495458517	0.199358605294268	0.197337964395663	0.107570357468614
0.19767002493704	0.261146001247446	0.220881748462472	0.255432715011978	0.237346816319717	0.138087535854552
0.207482566033896	0.311232733219103	0.251443170169007	0.304278233508642	0.271524317879011	0.165511750091436
0.211359474099469	0.351635202201751	0.275599918521169	0.34524195856876	0.298877187402478	0.189021234759435
0.209712797903019	0.381992680980561	0.292665997929279	0.37809750343678	0.318833745314522	0.207891915582451
0.202792401734784	0.401989763328648	0.301854646509967	0.402074581569411	0.330542741345596	0.22130257555249
0.191134737817968	0.412027866721695	0.302904760815912	0.41679066148066	0.333620558018113	0.228807928798844
0.175305459563559	0.412782246659368	0.295902309141525	0.422000145120424	0.327961187510967	0.230305619462925
0.155832587597527	0.404980423074029	0.281231594891167	0.417620458944632	0.313745205156887	0.226013316691646
0.133296510662558	0.389521926166937	0.259670120358542	0.404088322876049	0.291649525719992	0.216488297508162
0.107926972676489	0.366333159517949	0.231756258947779	0.381174915423906	0.262102700445451	0.202059910966078
0.0800310985701887	0.335425562585677	0.198306466862598	0.349160550433826	0.225983604303	0.183125633914236
0.0499327005112198	0.296715391785645	0.160237237810015	0.308471228897816	0.184378456368802	0.159950920039577
0.0180249356372802	0.250217110725963	0.118565209053237	0.259668127448137	0.138530215535359	0.132680162528673
-0.0151753191184434	0.196440203726645	0.0744680525563061	0.203662828506327	0.0898612366243939	0.101521757749213
-0.0490367682921249	0.135947702486071	0.0290669764787007	0.141065355318074	0.0396102112868958	0.0666054427615869
-0.0827799365173133	0.0700839012994046	-0.0164082108320378	0.0729609487069968	-0.0109402329451984	0.0284552882879974
-0.115493383158739	0.000779654308000997	-0.0607289657553232	0.000778222211834316	-0.0605898060795991	-0.0119834744863794
-0.146164994870574	-0.0695893115431477	-0.102731952559746	-0.0736771961377398	-0.108244086977914	-0.0533278247673205
-0.173837652806898	-0.138496154181266	-0.141461192648981	-0.148309059042386	-0.153005627946335	-0.0938879664177685
-0.19733472309434	-0.203401882113194	-0.175927397985236	-0.220671002411355	-0.193865477467566	-0.131776750683583
-0.215707583980372	-0.262198578054973	-0.205413494342807	-0.288318490598644	-0.2299928972002	-0.165261342324333
-0.228223118897604	-0.313360564503592	-0.229378195328615	-0.348968469199056	-0.260634397699007	-0.192985687122105
-0.234435972522768	-0.356007836725953	-0.247424930843565	-0.400687716599628	-0.285109455780432	-0.214140950225511
-0.234382916036993	-0.390066208162844	-0.25946180329592	-0.442273964629051	-0.303034714990804	-0.228648090876949
-0.228046389101243	-0.415240457174082	-0.26502455140124	-0.472419062658285	-0.313617744017966	-0.23662307235621
-0.215844075820607	-0.431605667453898	-0.263959695086373	-0.490551463568948	-0.316440975604269	-0.238649244977112
-0.198402358657257	-0.439142111927029	-0.256268115109086	-0.496487064624199	-0.311298261650988	-0.235426156017358
-0.176463327710968	-0.43760137100863	-0.242146578468431	-0.490315570431417	-0.298232261073235	-0.227567161995218
-0.150911119668654	-0.426791291735039	-0.222210786422312	-0.472615293751593	-0.277769599524577	-0.215635538826224
-0.122298041016544	-0.405740353432357	-0.19681625548838	-0.443382862143143	-0.250155061218504	-0.199573216891585
-0.0912137123442525	-0.373937998433381	-0.166699464298525	-0.403124233718227	-0.21608143414406	-0.179346844318872
-0.0581859413201397	-0.33133576774914	-0.132716915712935	-0.352638770056947	-0.176431410113072	-0.154950378299722
-0.023728807343374	-0.278574962577579	-0.0957623066452131	-0.293102760936028	-0.132229204270223	-0.126574819931133
0.0115747211850979	-0.217256044980674	-0.0567751313407778	-0.226289560347957	-0.0846893628188775	-0.0948233384372107
0.047079162563032	-0.149265489600147	-0.0164044511812324	-0.153892093253838	-0.0348466546794047	-0.0604004153694851
0.081987635876616	-0.0771670555073641	0.0247016539657587	-0.0780567778738293	0.0161382630247681	-0.0243814976741426
0.115365937416291	-0.00370450938853269	0.0659224975111801	-0.00103511985679963	0.0670782880929125	0.0120351348848368
0.146180300241812	0.0685357217983285	0.106579902952277	0.0749890765265956	0.116759275282209	0.0477074823748482
0.173457828687804	0.137440583564976	0.145928970088435	0.148088413713615	0.164022258093499	0.0817360442546841
0.196069300308543	0.201356179135084	0.182856452967908	0.216504308692968	0.207513815885673	0.113438983341746
0.213147458258641	0.259225850351892	0.216160564143452	0.278811122516891	0.246000992762564	0.142443644762921
0.224073774113645	0.310397667109007	0.244556533615297	0.333817334185539	0.278345947580319	0.168563734512737
0.228527799119418	0.354402173237404	0.266812734763297	0.380493129548929	0.303568933915245	0.19165515910393
0.22664463529716	0.390977922831216	0.282094981452645	0.418188020017643	0.321117728308649	0.21161295111273
0.218489047662896	0.419112466931251	0.289477464645365	0.445718921975664	0.330207288680816	0.227796613228705
0.204522189944272	0.437868079099324	0.288683503647401	0.462361522351164	0.330577490291948	0.239501083856343
0.185387949728733	0.446266411407013	0.279918498645059	0.4676862893896	0.322298874714778	0.245896794229687
0.161841396317647	0.443493938935424	0.263803178595271	0.461648209961424	0.305755501265111	0.246172091174349
0.134801189519126	0.429425164661097	0.241423607429567	0.444952435853145	0.281819603771593	0.239857747608881
0.104888057050844	0.403758879122003	0.213538012276027	0.417873118083352	0.251036306060386	0.226446230597188
0.072812107994435	0.367138192352168	0.181073522066675	0.381294387656135	0.214319699384026	0.206030853108901
0.0392520232173517	0.320809996540135	0.144861668506989	0.336233909555036	0.172679431813974	0.179191898776597
0.00487056126568269	0.266476416736476	0.105630269689752	0.283704762820105	0.127176130954102	0.146960774139865
-0.0296304318380352	0.206271346324059	0.0641488217228384	0.224834962005455	0.0789939152468512	0.110813127482721
-0.0635946390245424	0.141889503467483	0.0210316657744973	0.160190781448488	0.0290700455228838	0.0722053932191886
-0.0962957121659981	0.0750857838900275	-0.0228667756608127	0.0905899302181585	-0.0215503032080554	0.03274472680393
-0.126965452214318	0.00741076799377532	-0.0664735542018767	0.0170777975766835	-0.0718007613163123	-0.00606059788822298
-0.154810528918161	-0.0597777582949579	-0.108507179307045	-0.0588979295294926	-0.120578515599279	-0.0429357177806851
-0.179123643709702	-0.125277910714796	-0.147633957433261	-0.135429173344542	-0.166809706339323	-0.0769681442099254
-0.199059201921855	-0.187840303576827	-0.182400734424013	-0.210037480924332	-0.209222623164578	-0.107564070345766
-0.21396402180769	-0.246215194403018	-0.211648136200409	-0.279983619291255	-0.24663468283217	-0.134534696797136
-0.223339451834176	-0.299100334108034	-0.234594309896463	-0.342512920233057	-0.277940486007605	-0.157996343611314
-0.226871117726741	-0.345177235855092	-0.250912054608272	-0.395186085867605	-0.302184147941039	-0.178234749370379
-0.224577358918909	-0.383421166687829	-0.260883116290593	-0.436424915189293	-0.318834552828505	-0.195659879928978
-0.21634268216786	-0.412414365318505	-0.264677066944375	-0.464838476294526	-0.32715539944457	-0.210172244527244
-0.202385081586369	-0.4312316034457	-0.262797732556863	-0.480125076948926	-0.326947266690018	-0.221483107383671
-0.183106183915539	-0.439275906926409	-0.25571939348736	-0.482708214685507	-0.318352767744205	-0.228936250276677
-0.159073725036252	-0.436296313014013	-0.243742538551685	-0.473505671196745	-0.301821420646199	-0.231575868803305
-0.131113638125365	-0.422667318713535	-0.227108987689072	-0.453979282115528	-0.278245170796396	-0.228501147350568
-0.0998891105333351	-0.398323926766298	-0.205437393012811	-0.424790935208167	-0.24815476386991	-0.218543659240179
-0.0662673972495061	-0.36377110003592	-0.178477762514011	-0.386799065517729	-0.212354926191654	-0.201151676463114
-0.0311667958127934	-0.319787550002964	-0.146124461771042	-0.340746748333197	-0.171658779524398	-0.176450584935346
0.00449026680585455	-0.267443256037257	-0.1085994116749	-0.287378352022645	-0.126864521598496	-0.145341605911989
0.0397988813338101	-0.208300911590489	-0.0666509708442192	-0.227812588715545	-0.0788657226661262	-0.109522972628546
0.074020029063418	-0.143785143836978	-0.0212959395822257	-0.162988283646111	-0.0283651682011018	-0.0709137912689592
0.106513873658212	-0.0757760672071734	0.0259891038294033	-0.0944567242488997	0.0237303889727915	-0.0316444119185227
0.136768831707789	-0.0063454391088941	0.073517558845069	-0.024150439205432	0.0763520596525673	0.00640697067286889
0.164373785029416	0.0623731391130595	0.119599171910232	0.0457540468398264	0.128246006414199	0.0418981936739109
0.189038708146808	0.128377406954729	0.162786260431665	0.113094791179482	0.178064210983831	0.0741752447405963
0.21028351875419	0.189831955539506	0.201797741050573	0.175810133720815	0.224210377964527	0.103118798001409
0.2276451604256	0.24530595229001	0.235758457570828	0.232279658344552	0.265182094202586	0.129005949467184
0.240577718742801	0.293783158555247	0.264082375918025	0.281379935065506	0.299627380685718	0.152172653548522
0.248467796825007	0.334628733983527	0.286357193659235	0.322472367851079	0.326452364583706	0.172717513161799
0.250821168452615	0.367732400282334	0.302366120495593	0.355576177545775	0.34508172487908	0.190422885061326
0.246926702956882	0.39255110482303	0.311494139460216	0.380250853166154	0.354828546319895	0.204386016141391
0.236419478075696	0.408827650802848	0.313241626472566	0.396409673092728	0.355538697305324	0.213540829026126
0.2192634751592	0.416281966601727	0.307146102363842	0.403937752041675	0.347351269578824	0.216836670590324
0.195820820993541	0.414607001407467	0.292913394480118	0.402656707593654	0.330635832722209	0.213541839974877
0.166961105613227	0.403822837806065	0.270716110172281	0.392695652341978	0.306128430193331	0.203619836099913
0.133637843729235	0.383382491786034	0.240790810982482	0.373428421776934	0.274231771803551	0.187294995123645
0.0971242599475786	0.353316884808093	0.204021956196777	0.344756052436487	0.235684577538453	0.165491999440028
0.0587529584692867	0.314053639123003	0.161746966186499	0.306881822084173	0.191381184891281	0.139475628773905
0.0197587440967859	0.266464612593953	0.115627778196733	0.260375375648501	0.142385068350213	0.110587209268878
-0.0188261453334524	0.212012451485407	0.0675335780736756	0.206372727040111	0.0900077000374583	0.0801075101179185
-0.0562888388636973	0.152022790789251	0.0190981187779106	0.145853094849629	0.0354825083559928	0.048822868907616
-0.0921590583919319	0.0881588517610233	-0.0281958197108714	0.0802417705849572	-0.0197952549342623	0.0173595514837228
-0.126135911515432	0.0220923385834197	-0.0731803382057662	0.0111345606619449	-0.0744296385504624	-0.0137826490976647
-0.157955232514573	-0.0446125362402265	-0.115011661978057	-0.059770665805933	-0.127096803114938	-0.0440641838024452
-0.18733011052481	-0.110597047627648	-0.153172186424596	-0.13076397068669	-0.176675006618706	-0.0728109232212288
-0.213588596184873	-0.174549640270756	-0.187145843138058	-0.200009747496367	-0.222007136823513	-0.0990958379019712
-0.235920903108442	-0.235282204934702	-0.216534899750524	-0.265709575269853	-0.262150899873524	-0.121946572507366
-0.253355996823304	-0.291587899305856	-0.240916866161627	-0.326077114380961	-0.296272632472635	-0.140519104685252
-0.264889959988305	-0.342152574386039	-0.259816479510533	-0.379366534183654	-0.32361046725356	-0.154319856722576
-0.269775189622585	-0.385746780101399	-0.272900851948002	-0.424155461855358	-0.343650907754463	-0.163482368183652
-0.267284270211643	-0.420477090546552	-0.279472600513583	-0.458612788878347	-0.355471373793677	-0.168361985565397
-0.257265137361497	-0.444712066490556	-0.279156501914809	-0.48139939962346	-0.358482010783331	-0.169818438107939
-0.240070777481167	-0.457041046367918	-0.271814536560489	-0.491530466357929	-0.352319796390146	-0.168816883463254
-0.216516583925969	-0.45648109662431	-0.257596600470325	-0.488454417281804	-0.336942345918183	-0.166099690715538
-0.1878360931992	-0.442925010030592	-0.237113289368413	-0.472391865281593	-0.312890626482437	-0.162050592846255
-0.155206744336157	-0.416311901865891	-0.210804828617439	-0.443362036068534	-0.28063751391751	-0.156084166980796
-0.119870018304047	-0.377581003817035	-0.179472922551074	-0.402169452295366	-0.241237050333468	-0.147212975539905
-0.0828978446742463	-0.328310758389158	-0.14402479641769	-0.350082357015685	-0.196035748303135	-0.134168887914113
-0.0451214848497019	-0.270541143203999	-0.105397087857354	-0.288769840348962	-0.146542227255803	-0.115782232400603
-0.00714538775142148	-0.206704147642116	-0.0645626315727457	-0.220396620635276	-0.0943583059533757	-0.0914471642784515
0.0305670171183199	-0.138848342795633	-0.0222823793452992	-0.146901037015205	-0.0408048565728006	-0.0611220560893303
0.0675590357098675	-0.0690217200528293	0.020661790185232	-0.0705167495900129	0.0128828429605548	-0.0257090403876293
0.10326157914562	0.000980203047186376	0.0635096030960085	0.00650502337147357	0.0656444927955465	0.0131444452755534
0.13691834987023	0.069617141309674	0.105489020119891	0.0819884028571182	0.116555003595484	0.0533360076390023
0.167672939977687	0.135592231537176	0.145862605247111	0.153969774436789	0.164841644441831	0.0927229762603421
0.19434675373628	0.19757146506743	0.183661881256924	0.220592295514385	0.20952074026867	0.129360987622932
0.215886729292306	0.254280513563956	0.217953052775995	0.280336728039993	0.249645825705449	0.161872714853916
0.231434792637433	0.304418489768343	0.247799313330951	0.331999522461064	0.284228190384349	0.189489196234634
0.240460886894976	0.346692067467271	0.272312264758092	0.374694094446371	0.312285993063718	0.211956783718192
0.242959575449521	0.380152711995079	0.290866356047166	0.40811009620657	0.333118344578462	0.229457327022638
0.239005725281221	0.403518650088765	0.302621819376639	0.431507323949881	0.345750705041016	0.241911891395022
0.229131402941423	0.416138740496521	0.307117775224646	0.444644089211361	0.349685684005252	0.249250563453899
0.214067050414778	0.417847377518668	0.304144008151695	0.447462471228521	0.344772761972144	0.25119869848626
0.19460409399764	0.40897272412471	0.293743885931238	0.440057833074844	0.331219537566498	0.247324195491689
0.171570977122978	0.390545699518908	0.276332314789299	0.422997863574278	0.309736135455296	0.237334175175336
0.145474737813887	0.363147799528537	0.252176861729782	0.396160691438379	0.280835952959207	0.220765110246647
0.116829605248542	0.327758616161191	0.221858866876807	0.35992550275404	0.245396484659238	0.197673960188119
0.0861193010907257	0.28533045169676	0.186100043207619	0.314877050163318	0.204401021373155	0.168589466897168
0.0538717556534108	0.236720974417069	0.14574594781098	0.26184339083101	0.158886859457994	0.13450060139009
0.0207145161013154	0.182885578678457	0.101804783438441	0.202117740231246	0.10998004785089	0.0968272031127009
-0.0125911964291799	0.12435603968521	0.0552987345910922	0.136765168190461	0.0586799244834743	0.0569352035793134
-0.0451816305320874	0.0619930655104959	0.00742775370506818	0.0672909520880259	0.00610034421920579	0.0162462778596655
-0.076160348541541	-0.00307141422675149	-0.0404942029921183	-0.0046084181028195	-0.0465859470185367	-0.0239990194602433
-0.104687438814443	-0.0693744961562366	-0.0870814702086714	-0.0771150526126765	-0.0981502246567045	-0.0628152742751484
-0.130161144764258	-0.135205399153389	-0.131034274654323	-0.148424343974415	-0.147434140058475	-0.0994999570282205
-0.151926440950716	-0.198558195553277	-0.170942465895202	-0.216645741098961	-0.19305722833678	-0.133439477355443
-0.169630863527805	-0.25748415374359	-0.205674361797965	-0.280049089031904	-0.233816020600618	-0.164131244846062
-0.18309767872455	-0.310230719338041	-0.234381163349734	-0.337055991255737	-0.268657864005681	-0.191061129927991
-0.192272775849199	-0.355380616610496	-0.256544431224013	-0.386258152715403	-0.296736536166327	-0.213657280487355
-0.197312235838297	-0.392155525819474	-0.272148649506077	-0.426682616961527	-0.31765551578858	-0.231429560718443
-0.198043700273814	-0.419537850765344	-0.281020774656579	-0.456897698377071	-0.330751279505027	-0.243585682292376
-0.194463158695725	-0.43703508610656	-0.283357302012206	-0.475940185988705	-0.335807734195992	-0.24957374164472
-0.18660521953136	-0.444336012419965	-0.279450961238773	-0.483104734092627	-0.332822658742441	-0.249050174865864
-0.174572063994408	-0.441242248731465	-0.26960711541803	-0.478009651815299	-0.321975193373595	-0.241950609695516
-0.158650643237193	-0.427971001445767	-0.254260563249231	-0.460980256070464	-0.30378728787797	-0.228679543755894
-0.139005456242697	-0.404172442970594	-0.233407402638693	-0.432026969103591	-0.278437231980511	-0.209539030001565
-0.116003861337249	-0.370110137893324	-0.207235724667597	-0.391959169480768	-0.246432650158908	-0.185242551149212
-0.0901053757914156	-0.326480939148512	-0.176039565435886	-0.3420521074012	-0.208424355130093	-0.156685154474738
-0.0618451738299082	-0.274476324209078	-0.140301437124559	-0.283963753709885	-0.165219081676244	-0.124867320704541
-0.0318184484743165	-0.215917598163978	-0.100797641856152	-0.219791142185266	-0.117843152688529	-0.0909202954722901
-0.000710438026555888	-0.15249509767292	-0.0584337151459374	-0.151236189744126	-0.0673387745341771	-0.055699559430089
0.0307087814574302	-0.0861695275756797	-0.0143928724407768	-0.0801270448259932	-0.0149616996850209	-0.0200797793598781
0.061570663828175	-0.018772227969537	0.0299979791517246	-0.00812096587347773	0.0379149643443278	0.0151794612749801
0.0909219679857954	0.0481556696608581	0.0733695481723368	0.0633326458405602	0.0898474108827307	0.0494547855701713
0.117885489262449	0.113461677362961	0.114505454505888	0.133006441041464	0.139488378955042	0.0822967002528869
0.14136547370175	0.176143538314365	0.152104947264667	0.19966382475537	0.185279996315849	0.11330206253486
0.160538764975894	0.235340812964375	0.185148013547026	0.262113073446003	0.225882747341344	0.142182505908796
0.174850895563789	0.290090921632044	0.212830085418622	0.319090942276382	0.26013900178632	0.168666447011414
0.184081401183457	0.339182131944511	0.234561016405435	0.369243481618475	0.287128964503055	0.192417126507349
0.188497146639788	0.381368147327004	0.250132356263192	0.411451402268522	0.306427226586746	0.213087721229198
0.188256657456933	0.414657038557123	0.259084903632547	0.444010541545338	0.317388422282433	0.229822595585572
0.18381849647365	0.437392944766177	0.26132278326488	0.465730169789563	0.319893785069841	0.241720262748298
0.175649229723836	0.44831942078608	0.256937930487037	0.47581136162982	0.314127585775378	0.24778828898373
0.164106191120509	0.446836111831344	0.246207703672133	0.473937722820136	0.300541571498327	0.247092714256096
0.149481094214994	0.433425917512695	0.229743236090458	0.46061711151209	0.27999115515313	0.239117098386114
0.131675001854533	0.408570165804082	0.207903247239514	0.435947729147343	0.25300389269071	0.223383777617053
0.110652906702116	0.373587732996134	0.181327035348232	0.400647979742993	0.220391984682535	0.200180471949435
0.0864849793870337	0.33004290422705	0.15074266235457	0.355592721145027	0.18301002285875	0.170460726615219
0.0594826647353747	0.279452970704113	0.116946240895572	0.301716683890077	0.141727337527386	0.135786652714542
0.030268538367542	0.223269955347038	0.08084486035922	0.240184903973273	0.0974782902155913	0.0982469672032503
-0.000203073859533669	0.162225070274315	0.043280343816134	0.171758560697108	0.0510807826809377	0.0598321890053198
-0.0307735158662936	0.0970822666270028	0.00522740235268996	0.0975993827427267	0.00347793424800663	0.02246913568424
-0.0602357590447165	0.0287033052397818	-0.0322681973987932	0.0192080126083212	-0.0442961447087215	-0.0123587294528923
-0.0875119012633426	-0.0416952124400554	-0.0681213763887235	-0.0614805258610304	-0.091103291619173	-0.0437924184296123
-0.111905899453275	-0.11242722585385	-0.101375193676287	-0.142128261162944	-0.135835075548894	-0.0716660767171511
-0.132769704710965	-0.181184581403142	-0.130942577151372	-0.219987596791444	-0.177057939531447	-0.0962971209860034
-0.149864462316663	-0.245393800324691	-0.15604746594803	-0.292234651833455	-0.213483466764081	-0.118351385646473
-0.163139037776242	-0.302507368445705	-0.176207154277939	-0.356211159792467	-0.243955378729101	-0.138517859841336
-0.17258656720787	-0.350381562251687	-0.191262021136826	-0.4096950776261	-0.267543791318921	-0.157224776169586
-0.178279768262624	-0.387811243011882	-0.20154899306747	-0.451331013578493	-0.283854363151339	-0.174562602455492
-0.17976244697872	-0.413879377113971	-0.207090188412672	-0.479944508136027	-0.292250325503307	-0.189808287329084
-0.176643961180439	-0.428689180200981	-0.208178218260837	-0.495294938927416	-0.292663649578788	-0.201929689143075
-0.168556230895209	-0.432896632100296	-0.205046461231595	-0.497722821639414	-0.285326317792485	-0.20967743878258
-0.1553135054318	-0.427373281582011	-0.197782409389713	-0.487961244208565	-0.270705700953588	-0.211857248787589
-0.137179687378758	-0.413167680531776	-0.186502426075043	-0.46723425973901	-0.249640675054975	-0.207741732846153
-0.11453866053682	-0.390340189516937	-0.170744458952405	-0.436128446866339	-0.222537176587883	-0.196743948757833
-0.0883129357579895	-0.358937299176497	-0.150270721960791	-0.395532099532286	-0.190071793913331	-0.179012167291268
-0.0597413401955867	-0.318895693594346	-0.125031330560914	-0.34638391183216	-0.152966419622348	-0.155242583060621
-0.0302093516134882	-0.270339872570458	-0.0952997443144518	-0.28975278530183	-0.112002205845137	-0.126544309223762
-0.00105806665052501	-0.214047568252335	-0.0618021171988398	-0.22710174743155	-0.0681113507789453	-0.0943390925424169
0.0265952241411367	-0.151077370699154	-0.0254810692233745	-0.159699649885248	-0.0221679459848934	-0.0598895563141233
0.0519378830231444	-0.0833707923271125	0.0123876792870146	-0.0892356769145293	0.0247527971637149	-0.0244552042164032
0.074481058028528	-0.013414301696133	0.0504225244247196	-0.0175617501151857	0.07146082432572	0.0108523274423874
0.0939972672255725	0.0560777998384408	0.0873067792782159	0.0534256591011191	0.116689950953658	0.045069376562917
0.110524341061421	0.122587066623964	0.12202267168113	0.121960546555183	0.159276449112369	0.0773745319021302
0.123873018355214	0.183936869149816	0.153567409361315	0.186353964791488	0.197827248778744	0.106951695912006
0.133929439136225	0.238634425497857	0.181271135467168	0.245208161083213	0.231180228457519	0.133081177172793
0.140517844957592	0.285823595698667	0.204622910942963	0.297378357122608	0.258352694093303	0.155136899085102
0.143422532435924	0.325123498233829	0.223167818097679	0.341940199855718	0.278578963981825	0.172639985954545
0.142614232904322	0.356626895839523	0.23661895425898	0.378416311191507	0.291563877780114	0.185422102520925
0.137734058201783	0.379807588172161	0.244173073292898	0.405815755281014	0.296670514794496	0.193293780463764
0.12874988988725	0.394224486766507	0.245225185512022	0.42356641605703	0.293730479935648	0.196398325701339
0.115823591671548	0.399277281600279	0.239299482813569	0.431278268028395	0.282814643958022	0.195042933681782
0.0993176643558142	0.394339688834609	0.2261919793912	0.428777674437019	0.264236930815466	0.189596036479279
0.0799053681762539	0.379270847746559	0.206266914495018	0.416464080267867	0.238775808638767	0.180501333894868
0.058079146221935	0.353624379126404	0.179900505098061	0.394128634418613	0.206910147219044	0.167773430279526
0.0345731444681186	0.317840625113305	0.148071390777986	0.362091139538639	0.169573582643787	0.151407945619233
0.0101860190282952	0.272993199580003	0.112084111031478	0.320818746464263	0.127902827527672	0.131323991244481
-0.0142645259661267	0.220695750554908	0.0734175150057278	0.270890665864829	0.0831845226211563	0.107488221715969
-0.0379771621205413	0.163069267962933	0.0336237936642167	0.213187722594569	0.0368550337262432	0.0801440310722567
-0.0602720306223532	0.10190956605573	-0.00602199399651208	0.148278420424313	-0.0098393732068469	0.0496571972573884
-0.0805757510256892	0.0390616191127576	-0.0443732912543217	0.077184303665249	-0.0556463728200872	0.0168562186677243
-0.0984693692298311	-0.0238929112491228	-0.0804857741486203	0.00130536608006511	-0.099441646207785	-0.0170804110952745
-0.113690298261139	-0.0856736061354805	-0.113578459012482	-0.0774901142361028	-0.140254520659782	-0.0507514006018312
-0.126209037532591	-0.145307054301144	-0.143071712351863	-0.156916297781453	-0.177377162517503	-0.0827626770503526
-0.1358084733686	-0.201815167096535	-0.168229173093794	-0.234150254364979	-0.209955758638089	-0.111827259056412
-0.142379652578383	-0.25429250373422	-0.188465405030433	-0.306251454475643	-0.23732643298012	-0.13706316942321
-0.14576839575168	-0.30176304013003	-0.203296451763455	-0.370385069753968	-0.258885901748426	-0.15805276970325
-0.145758852339672	-0.343150224499509	-0.212400639484106	-0.424123441089052	-0.274085286979202	-0.17482295204059
-0.142270528148878	-0.377558709394293	-0.215884385141646	-0.465950986411773	-0.282690336151329	-0.187850864108979
-0.134862272823054	-0.403511731482069	-0.213594040887131	-0.494529282073519	-0.284005829016019	-0.197402350755583
-0.123410044500772	-0.419919081823673	-0.20581041416855	-0.50958000346593	-0.277756762665966	-0.203784117757787
-0.108038080392395	-0.425954776158636	-0.192990171906951	-0.511497866378223	-0.263925508263332	-0.207034811650727
-0.0891680224594251	-0.421152098331569	-0.175680252900155	-0.501118361542773	-0.242799207500846	-0.206841688636268
-0.0676241737369496	-0.405746317962417	-0.154641423831256	-0.479753346927035	-0.21521065097097	-0.202726658360949
-0.0440934721635728	-0.379699629289061	-0.130063191574339	-0.447952497960306	-0.181705001892709	-0.19366600183263
-0.0194292057403622	-0.343673601855444	-0.102282557089652	-0.406433526204066	-0.143273575634633	-0.178858344399867
0.00562714733092763	-0.298698926141679	-0.0716235284622601	-0.355817399821801	-0.101038935519852	-0.157822899549073
0.0305533323294388	-0.246101766494737	-0.0384765628931891	-0.296768847505609	-0.0561668811004527	-0.130610136077452
0.0550462808002207	-0.187566959406622	-0.00346980229785031	-0.230359907654451	-0.00988088388506852	-0.0980049853886606
0.0790519663791583	-0.124485905245654	0.0327969640300302	-0.157659254106618	0.0368851054723182	-0.0611922537139596
0.102517822713481	-0.0584152129347838	0.0694294057273598	-0.0804257491288639	0.0831744203053512	-0.0219270681595656
0.125244802568605	0.00914837459752541	0.10538437385759	-0.000913897361613263	0.12807224543849	0.0178028324806347
0.146739496485098	0.0767961206873017	0.139563978322143	0.0782791311322201	0.170662391941392	0.056070087131758
0.166246341126308	0.143253280727947	0.171005188827189	0.154529603550619	0.210090396264666	0.0913228386704325
0.182496773503955	0.207133970928493	0.198699869437648	0.225261557125047	0.245207525519771	0.122446965658676
0.194195146598205	0.267075939692673	0.221910905184898	0.288415615063551	0.274921023430931	0.148979527582075
0.200188752965378	0.321638565253044	0.240097814895756	0.342549067309695	0.298162244805472	0.171008390803106
0.199727391958266	0.369296000049195	0.252872242512958	0.386864865634102	0.313973285198871	0.188992424648869
0.192811625385319	0.408746919036388	0.26013219173658	0.421387480909798	0.321834320628451	0.203650199377265
0.179697356387721	0.438151175152413	0.261328771546149	0.445839414088945	0.320962689552302	0.215220636624459
0.161346131617475	0.456172873082899	0.256130582084387	0.460372206528713	0.311161942156338	0.223754359685506
0.139056457621755	0.46190294166316	0.244276713537491	0.465124406093894	0.292633726549044	0.228887214194973
0.114181470632255	0.454993474560999	0.22566419417124	0.460125875716284	0.26596923874838	0.229883774983057
0.0879968679959733	0.436018519248816	0.20065078126541	0.445625166931436	0.232325696947346	0.225962091524269
0.0610450271906876	0.405398661807899	0.169456570865012	0.421059655505482	0.192568361413352	0.215977464057262
0.0335628040039731	0.364341162782491	0.132886446400303	0.386338684864351	0.147960358698441	0.199250007267468
0.00545643172673819	0.314384780170026	0.0921107150015823	0.341685115852839	0.0998518428808634	0.17562141555448
-0.0234820207365426	0.257234873526546	0.0485699650529099	0.287756884864254	0.0496032576746946	0.145570186129504
-0.0532800814764944	0.194801104897277	0.00392118283850657	0.225870455688549	-0.00137692524034894	0.110284759019744
-0.0837152498902324	0.12850582124127	-0.0404526129356025	0.157323734672571	-0.0520093850844206	0.0712064050529623
-0.114065775001924	0.0598784858689404	-0.0832538401013741	0.0839209767174103	-0.101207731669772	0.0301095716499762
-0.143183103380639	-0.00960010616477757	-0.12344523848829	0.00764007479647175	-0.147970134367438	-0.0112476051462487
-0.169650636877958	-0.0784643461312263	-0.160257740552448	-0.069512074437702	-0.191356954452546	-0.0513509009893786
-0.192099432687183	-0.145300315296665	-0.193197826474036	-0.145670025786012	-0.230552840108978	-0.0891095733089936
-0.209204823592818	-0.208594662825545	-0.221733588473986	-0.218951139002386	-0.264560206928948	-0.12377520397443
-0.220137425182565	-0.266947753774438	-0.24541018231663	-0.287654429940209	-0.292486109554574	-0.154990273785479
-0.224585968963861	-0.319086332019777	-0.263725846500596	-0.350163224366229	-0.313492699165662	-0.182609905255273
-0.22272976436792	-0.363903507617963	-0.276124202512415	-0.40489889446253	-0.326849704025268	-0.206529779175344
-0.215251852043967	-0.400708131629231	-0.282232335325574	-0.450568256847012	-0.332221089856069	-0.226678287962145
-0.202668978347195	-0.428355451745686	-0.281331936811509	-0.485296265476042	-0.328991245848845	-0.242459195735422
-0.185640912204266	-0.446047058304778	-0.273102972604568	-0.507639640891738	-0.317071552104161	-0.253236565353709
-0.164718985027443	-0.453074132495904	-0.257549352397501	-0.516485990834399	-0.296728883248628	-0.258288398343922
-0.140316842530903	-0.448849118272068	-0.235047687196774	-0.511225108385652	-0.268582855966329	-0.256947772771943
-0.112887665377668	-0.433298143905563	-0.206518298774453	-0.492211833855549	-0.233771878438752	-0.248932503137105
-0.0826038444990059	-0.405979779584304	-0.172673130975695	-0.459730874945336	-0.193120640147438	-0.233868334858872
-0.0499010992411419	-0.367285400712154	-0.134547342579946	-0.415098445262928	-0.147779326179193	-0.211974739917475
-0.0154451607103705	-0.318261033858368	-0.093188519930752	-0.360232512824912	-0.0989154981070996	-0.183909141784518
0.0198478853798614	-0.260621762114908	-0.0495648141834075	-0.297458889667717	-0.0476456306687258	-0.150720993744317
0.0548300795212943	-0.196802435346022	-0.00462074026366292	-0.229455564226878	0.00489807753958014	-0.113852152171237
0.0883800482356409	-0.129104826167234	0.0410173046421197	-0.15835620088196	0.0578776041630488	-0.0746738512909146
0.11941204233327	-0.0599970627358679	0.0866513159777935	-0.0862223719680027	0.110363533449334	-0.03468701449353
0.147047405442349	0.00836372814948463	0.131504839684261	-0.0147455397533978	0.161357960385896	0.00469917474409052
0.170693702929612	0.074332586139084	0.174643389025081	0.0547634986000166	0.209735304116286	0.0422724650199988
0.190120123614039	0.136871653638397	0.214998239913066	0.121369300399388	0.254299254813886	0.077126695159364
0.205164389407357	0.195263136417619	0.251225104598721	0.184164668943165	0.293563604722975	0.108592810927479
0.215854929192297	0.249022969699259	0.281984667091435	0.242349897859255	0.326100511759394	0.136344651266478
0.22222823654327	0.297578238983037	0.306033805434379	0.295067811020125	0.35060523443005	0.160315808992306
0.224237493487564	0.340053737824253	0.322369931902398	0.341354594344412	0.36604245825731	0.180601579981498
0.221844316466878	0.3754561531242	0.330495923987544	0.380452678751865	0.371969620282496	0.197450399763816
0.214610301491377	0.401938131905328	0.329946809151778	0.410881539413042	0.367925365851197	0.21071823192254
0.202226919974672	0.417928563515598	0.320797998200501	0.431566538569866	0.354121414977152	0.22017617006167
0.1845178367314	0.422233043347803	0.303455607274817	0.441676681594429	0.331195737881837	0.225356993503604
0.16156189823111	0.414331604760282	0.278564358856329	0.440719265196599	0.300108619558981	0.225601572194801
0.133887553877177	0.394821397964407	0.247081546719409	0.428914575356453	0.262215727472871	0.220342976926947
0.102106071862156	0.364358702056404	0.209649135771148	0.406040608574104	0.218452588055846	0.208772546741515
0.0672455727506956	0.324447173796845	0.16713179305308	0.372541048200036	0.169941473046156	0.190579602198727
0.0305335162884766	0.276817991391522	0.120485815759625	0.329137594986691	0.117763467651464	0.165978463579561
-0.0067434045177991	0.22310569629677	0.0708043479457557	0.276776131299087	0.0629736598586895	0.135793655171971
-0.0433481671401517	0.164804729993411	0.019436750710454	0.21676730036307	0.0067315141440458	0.101507766601104
-0.0783064825977002	0.102655378519013	-0.0323075634813083	0.150158155791312	-0.0499494760852869	0.0647876385001515
-0.110856254903467	0.0373962916016729	-0.0829258337977634	0.0783695706844252	-0.105872431650777	0.0275344961857797
-0.140464606833708	-0.0301288954486799	-0.130897995796905	0.00302914465602326	-0.159739095543184	-0.00849005058128693
-0.166765224276644	-0.0986878333240871	-0.174808046809777	-0.0740297298552648	-0.210185662164099	-0.0419101678761151
-0.189537114685812	-0.166547867579336	-0.213521466209891	-0.150863052434732	-0.255932016674934	-0.0719176834122638
-0.208391448145741	-0.231310195927552	-0.246075733159822	-0.225270205741544	-0.29559669896552	-0.0981730891048053
-0.222949782153705	-0.290331786202055	-0.271915587347284	-0.295086973748217	-0.328058592879433	-0.120811493070481
-0.23277366015913	-0.341059172044678	-0.290810324536512	-0.358230921887567	-0.352444426075603	-0.14021223380628
-0.237406214894083	-0.381447164356124	-0.302777356120411	-0.412792464617312	-0.368161701980748	-0.156773117665394
-0.23656118393982	-0.410520674650412	-0.308151950648694	-0.457351022163062	-0.375100854935751	-0.170843708971407
-0.22982091977731	-0.427681320076573	-0.306904216823441	-0.490173004709266	-0.372917642434635	-0.18219901387113
-0.217098664273028	-0.433422122365875	-0.299162492572843	-0.510093230958153	-0.361697484207085	-0.190461597942161
-0.198577024608092	-0.428799414867531	-0.285038803029086	-0.516308352416712	-0.341735355324817	-0.195070992332319
-0.174712813388737	-0.415041653943617	-0.264664580894187	-0.508420124009669	-0.313523627396801	-0.195422281130705
-0.146296653884396	-0.393463473939773	-0.238432251326544	-0.486776207219089	-0.277947379845909	-0.191148470840475
-0.114056084281672	-0.364311443687732	-0.206449906262955	-0.451542061688282	-0.235603194814926	-0.181732017927958
-0.0789002033538158	-0.327710091904829	-0.169198103897366	-0.403747771939557	-0.187474767625406	-0.167042453065684
-0.0417682934947154	-0.283590709926276	-0.12737918158987	-0.345014751214743	-0.134725862672283	-0.147200892351587
-0.00359119428702235	-0.232005919724573	-0.0818998817917006	-0.277501485853661	-0.0786644863680675	-0.122556409717751
0.0347100463005781	-0.173597054749998	-0.0338964971161642	-0.203933413387619	-0.0207599328628202	-0.0937440801753622
0.0722608721112603	-0.109257121683555	0.0155900149810437	-0.126830628816015	0.0376860753943047	-0.0613921838031867
0.108189980874181	-0.0406918725272803	0.0654278256996653	-0.0488546890296646	0.0953530123337214	-0.0264171120902832
0.141629204780117	0.0298906271805902	0.114503566577949	0.02758373362194	0.151014661403281	0.0100429517222407
0.171721563645134	0.100062515752574	0.161736559526419	0.100492166533417	0.20355043360937	0.0466434789754805
0.19772406873994	0.167559677718192	0.206141692528918	0.168452569629612	0.252012197609516	0.0819460714475819
0.218806991872445	0.23030336815696	0.246589177321229	0.230331577052376	0.295299502931168	0.114423576520776
0.234369185685106	0.286746382176402	0.282042438548142	0.285424414520859	0.332423175010144	0.142779157622388
0.244021158502842	0.335780270862039	0.311508663313105	0.33322390015429	0.362404563585698	0.166097154818926
0.247620799581374	0.376597662480985	0.334078540899793	0.373261691761645	0.384293263160728	0.183975664076274
0.245399319814701	0.408778629130296	0.349137366012974	0.405297359609611	0.397413519818695	0.196685716717336
0.237520680843838	0.431295534799484	0.355895444202496	0.42827037108226	0.400804842817257	0.204615667915843
0.224433436393961	0.443377821377019	0.35397619726684	0.441391496892766	0.393986718742394	0.208507920148421
0.206687119617055	0.444372549080618	0.343303927659398	0.443982330406729	0.37687340592248	0.209058328415359
0.184860174484707	0.433923580331632	0.324114043977836	0.435625877732706	0.349836470958365	0.206660625094167
0.159590985836117	0.412444884297162	0.297077799022813	0.416619120464018	0.313889008761729	0.201396734045769
0.131224747853424	0.380191776010746	0.262764651672161	0.386882632742477	0.270001722493965	0.192515598519342
0.100112758641351	0.338267450659695	0.222079082915065	0.347104344500765	0.219613520278899	0.179110089212161
0.0665618797146825	0.288186319804887	0.176076783551597	0.298331080215369	0.164321488429841	0.160263641553998
0.0308971930032621	0.231648394255252	0.125927692829556	0.241855476309583	0.105749811641581	0.135391614080421
-0.00645010092044872	0.170466117764924	0.0729451645508373	0.179279351870641	0.0455105880619927	0.104615983007901
-0.0449141608248568	0.105835151053726	0.0183711600362651	0.11181571239795	-0.0150693491507984	0.0686202797167202
-0.0837249717385137	0.0388642466724245	-0.036462029878758	0.040895543879226	-0.0747439288484838	0.0289132720826348
-0.121905209198374	-0.029491866062086	-0.0902013954512626	-0.0319919019440682	-0.132363822560465	-0.0124738136211267
-0.158306155666889	-0.0982450979513615	-0.141500557941781	-0.105253737550265	-0.186815460669192	-0.0533301055677404
-0.191766686480477	-0.166241981810797	-0.189135648961004	-0.177239515142362	-0.237063967496712	-0.0916829295390951
-0.220945952782129	-0.231803597430239	-0.231788939469388	-0.24598461637422	-0.281818845064548	-0.125972285403742
-0.244732897985703	-0.292951217159577	-0.268380157224009	-0.309528169700747	-0.319903188933568	-0.155354637366004
-0.262267604561927	-0.347490075683684	-0.298036201459828	-0.365951117314357	-0.350233675134705	-0.179649075160046
-0.273008208991463	-0.393267212461752	-0.320126444577142	-0.413506915345317	-0.371919620777758	-0.199158392274579
-0.276875657148579	-0.42872757001998	-0.334450879694934	-0.451020709393923	-0.384557627091413	-0.214527199778911
-0.273784640975342	-0.452278942411013	-0.340643942401357	-0.477020978723764	-0.387612490477734	-0.225982521150314
-0.264029207698713	-0.463323727479532	-0.338752638438995	-0.490733876557328	-0.381139486442607	-0.23359156413055
-0.248081830925307	-0.46199694890548	-0.329036034886327	-0.491807687255838	-0.365555662625882	-0.237051210423049
-0.22652859752334	-0.449018577741858	-0.311927167138017	-0.480277647741558	-0.341564968172611	-0.235758336590746
-0.200119937255635	-0.425756487778545	-0.288160602745794	-0.456832678749383	-0.310241552421856	-0.229159722351618
-0.169439164648275	-0.392956547678091	-0.258160024424293	-0.421711892612837	-0.272291608113263	-0.216432842656841
-0.135226444641062	-0.351610628366886	-0.222591330020698	-0.375782161573988	-0.228623729315923	-0.197273919207536
-0.0983098059971056	-0.302600753890106	-0.182193281779613	-0.320243916187022	-0.180141194442694	-0.171883498137876
-0.0596135206577079	-0.246755295843107	-0.137782153011693	-0.256638564258884	-0.127760035868603	-0.140993179883472
-0.0201467475635402	-0.185138792508732	-0.0903161239094116	-0.186994683479537	-0.0725142766602743	-0.1058663827019
0.0190642434867358	-0.118654397297579	-0.0407081194650541	-0.113147318131285	-0.0154072505206858	-0.0677874667222854
0.0570303177679267	-0.048710825697024	0.00999214610435472	-0.0372341104742613	0.0423581184959784	-0.0281822148133724
0.0928625150988789	0.0229183829785687	0.0606584614104062	0.03863023739843	0.0994242200995476	0.0116638970523766
0.125810651755379	0.0941782107255468	0.110109141496666	0.112496479304542	0.154311553808767	0.050722040298181
0.155355922329484	0.162971349295061	0.157227902708165	0.182763279985977	0.205589396667612	0.088284301187725
0.180878158471031	0.227125980936697	0.200708634526383	0.24795735618462	0.251639265787813	0.123783065927915
0.201932334088424	0.284816387074649	0.239419047947261	0.306953440734205	0.291119964355265	0.156806333233233
0.218114776952872	0.334618762347204	0.272357317903212	0.358821872010248	0.322955753453509	0.186936057404478
0.229047581530887	0.375540991654897	0.298689221438053	0.402723531044551	0.34639276242972	0.213645576379938
0.234534626934423	0.407227471486872	0.317945176449046	0.438119514746503	0.361209604662791	0.236394226842292
0.234159104163715	0.428967405766798	0.329437821810458	0.463732336444847	0.367018030630303	0.25415369201702
0.227834904203061	0.440479678367554	0.33287693045546	0.478602230851493	0.363914256606509	0.265987259743727
0.215735033315417	0.441593093796338	0.328197758978306	0.481912705667689	0.352225381652168	0.271036917559087
0.198312195311796	0.43223728854754	0.315559241771512	0.473131639934912	0.332457371969793	0.268664784718253
0.176344271426411	0.412787638900972	0.295496887032742	0.452478272191963	0.305432452916273	0.258750599222923
0.15054364630796	0.383114733896175	0.26836767204669	0.419817646633068	0.271646287195166	0.241176792747938
0.121742810044068	0.343712018907425	0.23489302418654	0.375856246419433	0.231884228327969	0.216461870495252
0.0907042376794927	0.295452716322748	0.195988572136221	0.321740075597631	0.187045866185686	0.185560224957075
0.0580691486786872	0.239585879821626	0.152741702888214	0.258943973314837	0.138146881008656	0.149778763079646
0.024377539039014	0.177826490821147	0.106426083331704	0.189321688563698	0.0863661911921808	0.110749222635238
-0.00984934302153989	0.111686899193035	0.0582774515645078	0.114386059148946	0.0328341259083381	0.0699346235301433
-0.0440001853851918	0.0429160343706428	0.00960410688971509	0.0358874073240163	-0.0212174358388823	0.0288288275376222
-0.0772750741251464	-0.0267662743790947	-0.0383175580529756	-0.0443671513684468	-0.0745382309037225	-0.0112666678084101
-0.108657031896033	-0.0957268742106206	-0.0842954524888112	-0.124478484247	-0.125890879910499	-0.0493257702937909
-0.137076119881286	-0.162499856859307	-0.127361749211951	-0.202489038970417	-0.174186224931474	-0.0846596655416199
-0.161238164078925	-0.225515301760637	-0.166470354009373	-0.276160022725335	-0.218138318265016	-0.116799011512344
-0.180177372752637	-0.283297579599683	-0.200861133736222	-0.343245871348838	-0.256680949781947	-0.145526956195976
-0.193346749451856	-0.334383619359477	-0.229960121821786	-0.401558687129142	-0.288878309203313	-0.170752681186273
-0.200718439754731	-0.377349826444003	-0.253363915059604	-0.449133017903275	-0.313948876632975	-0.192401621065899
-0.202888624271598	-0.411136772059928	-0.271015685268046	-0.484646761204734	-0.331505757052098	-0.210448279991529
-0.200435965366295	-0.434314844221331	-0.282474643693763	-0.506705856919306	-0.340838343794009	-0.224410975345779
-0.194158092178291	-0.446060026168508	-0.287603772393167	-0.514777291806739	-0.34170571490519	-0.233788300034613
-0.1846756319588	-0.446014112078363	-0.286347532550958	-0.50894952066009	-0.334132919820828	-0.237980731156699
-0.172255651076781	-0.434324320966803	-0.278721614043171	-0.489861210979359	-0.318409141910149	-0.236385456671097
-0.156875057074528	-0.411893583505237	-0.264992560385146	-0.458871785762546	-0.295256875544339	-0.228674868173616
-0.138014406416722	-0.379280792479535	-0.24505570232063	-0.416913046417095	-0.265119141727794	-0.214387228736809
-0.115255837843412	-0.337562282381059	-0.219092259885468	-0.365398012948501	-0.228788862555018	-0.193573583874045
-0.0884781692240536	-0.287921076154554	-0.187416292398913	-0.305860457820538	-0.187166300494162	-0.166708508367187
-0.0580864247415165	-0.231566365468222	-0.150506718546979	-0.23993040072715	-0.141220459644607	-0.134693769180034
-0.0250937786582725	-0.169864156964981	-0.109090183495772	-0.169506415829044	-0.0920224652353807	-0.0988837833919242
0.00900093687665943	-0.103880783611026	-0.0639652106406011	-0.0961754261670149	-0.0405402687330588	-0.0606579384297407
0.0424744251471594	-0.0349852491247547	-0.0161960065966944	-0.0218060429673924	0.0121585646290189	-0.0215748355975128
0.0737271378952074	0.035209975815273	0.0329555010485736	0.051664982496934	0.0649413573076643	0.0168815066671171
0.101593653087053	0.104814283329021	0.0820654398923515	0.122311723848148	0.116594117321982	0.0534465964488328
0.12561722291331	0.171794326094436	0.129708201240471	0.188408011177109	0.165933001303362	0.0872088498466621
0.145681580273926	0.233852381403456	0.174195638390307	0.248272325966387	0.211453931750597	0.117539660443058
0.162166795316577	0.288917335586528	0.21403241288937	0.300620571973251	0.251791133940157	0.144175940004114
0.175534352080416	0.335306977160094	0.247914204085236	0.344544163499357	0.285681642473112	0.167103854920348
0.186015079785018	0.37191621958415	0.274814342832703	0.379502081752465	0.312052211020684	0.186433826739293
0.193560921509046	0.398563729682578	0.294232433941728	0.405558238454808	0.330312300987536	0.202386340259249
0.197309511666863	0.415035738318397	0.305561272048808	0.4222592236495	0.339670640988262	0.214760561306067
0.19629850886784	0.421828139843665	0.308739664148666	0.429559650696411	0.339930083751705	0.223280320317484
0.189629086970969	0.419641542310255	0.304009926170207	0.427452902494414	0.331262373555976	0.22747554168847
0.176802146615442	0.409126478082837	0.291840217861517	0.415931566247781	0.314168053550513	0.2267448734228
0.158074428171197	0.390980813746671	0.273000686504483	0.395334978348236	0.289603763638477	0.220607349094243
0.134102347321771	0.364884692327824	0.247920250360051	0.365221817870574	0.258234118740693	0.208368395260999
0.106208372784366	0.330579673387622	0.217223182194851	0.325646417184417	0.221047279752249	0.18973829320832
0.0759641716900318	0.287790203451814	0.181561790215263	0.276921533577079	0.179105350184544	0.164809272073931
0.0448406462927427	0.236493494585721	0.141652511267998	0.219707503741415	0.133510053769156	0.134113765634672
0.0139360418025877	0.177311137163724	0.0983873343127385	0.155235252927199	0.0854417941239588	0.0986922713781755
-0.0161916364344045	0.111177090026064	0.0527013743666286	0.0847223076264628	0.0359485515913277	0.059748148172366
-0.0454173108189773	0.0398589294631377	0.00579458373121905	0.00994054340158057	-0.0138568010194365	0.0187967161959739
-0.0738290442086998	-0.0343123086303731	-0.0409367292980131	-0.0670306311463297	-0.0628582215322149	-0.0225636707808656
-0.101429495477888	-0.108683141058733	-0.0859697000461251	-0.143905802033655	-0.109947484765155	-0.0628008792233758
-0.12798804526313	-0.180658513021392	-0.127875160793573	-0.218405375689294	-0.154158045521822	-0.100614345016813
-0.152577277896017	-0.247689783895646	-0.165129865033452	-0.288074199108299	-0.194304883346796	-0.134878760244106
-0.174018080604823	-0.307753564817626	-0.196614745795631	-0.350706572507657	-0.22942538078201	-0.164810250532607
-0.191013077361306	-0.359351372325225	-0.221624878239784	-0.404373137682347	-0.258694539807165	-0.189910965004875
-0.202458750496135	-0.401473492358307	-0.239908493038907	-0.447509748236046	-0.28144857103637	-0.209914066850946
-0.207870470407171	-0.433737148966874	-0.251825000081571	-0.479249003039539	-0.297422364408356	-0.22485106307591
-0.207009481027459	-0.455371121007038	-0.257528639874282	-0.49851986392844	-0.305980563629874	-0.23449464020405
-0.200380544662193	-0.465991784228337	-0.257525975116379	-0.504976136954625	-0.306921331434468	-0.238787131032711
-0.188885275304182	-0.46531373287701	-0.252308109627469	-0.498702770997383	-0.300248118752212	-0.237683462565941
-0.173537500926775	-0.453186840544228	-0.242225706237383	-0.480158205824835	-0.286167026922475	-0.231161223288382
-0.155299814140543	-0.429965550095107	-0.227625771767676	-0.450401414660703	-0.2652844536391	-0.219404992624124
-0.134535470570185	-0.395655142830841	-0.20821057238796	-0.409969294377293	-0.237880658357624	-0.202336666529712
-0.11139413279669	-0.350975488161668	-0.1838308642318	-0.359869321978722	-0.204630709393215	-0.180180806484123
-0.0858447690404526	-0.297110478358556	-0.154439499129399	-0.301256100783281	-0.16637483484378	-0.153355332889695
-0.0579078120595151	-0.235661502608009	-0.120241697396928	-0.235437624040482	-0.124092648842643	-0.122484484476441
-0.027890574704493	-0.168667718492507	-0.0818667689562768	-0.164054150561715	-0.0789303635249654	-0.0884704264133654
0.00352714495571758	-0.0979792753270965	-0.040158779889632	-0.0885713243287314	-0.0319464744859707	-0.0521369458783881
0.035262599278554	-0.0255942282928144	0.00362981485695088	-0.0108341684868403	0.0157035706444365	-0.0144792629077668
0.0659996451211652	0.0465931360245076	0.0480318359365023	0.0671129042045762	0.062862508094923	0.0234939209078128
0.0944264578449276	0.116848006421349	0.0915232289912108	0.143099118937794	0.108395640163706	0.060821054427356
0.119570271988119	0.183684990531032	0.132770391555908	0.215044433661196	0.151321770054242	0.0966754076071391
0.140608134187291	0.245546079412991	0.17042733404806	0.280789581330998	0.190448781352724	0.130236666880813
0.157239902197409	0.301052627968875	0.203512456611567	0.338562607488713	0.224788096955452	0.160834860493831
0.169486502317861	0.348913054806683	0.231306604945927	0.387008064561139	0.253465149475282	0.187887778924181
0.17751159558814	0.387947045412254	0.253295190941691	0.425238932557547	0.275745269530381	0.210870602535795
0.181597406291557	0.417415717767321	0.269282590658399	0.453112759923525	0.291280456886801	0.229430850717383
0.181505532941839	0.436177806265419	0.278674242424082	0.470108875382637	0.299377734385552	0.242890717840973
0.177040658166713	0.443705850831512	0.281134703605578	0.476236233119765	0.299806013193797	0.250749033132036
0.168004893973706	0.439875668278515	0.276422297961227	0.471622657630729	0.292586983230839	0.252582587704196
0.15436217157247	0.424972138929489	0.26445310667982	0.456435780721232	0.277993458505626	0.248103368933362
0.136498375596498	0.399933868069344	0.245555807107637	0.431199088724429	0.256727200881996	0.237385971183298
0.114856450994899	0.365254057549761	0.219908619676457	0.395693175026174	0.229192797418236	0.220348499988832
0.0903107172152924	0.321911077959279	0.188209631387511	0.350216193818621	0.196168857863616	0.197356300319955
0.0638776692591408	0.270998497514986	0.15146951941061	0.29538003504578	0.158563216862411	0.16905833278966
0.0365117233560681	0.213682989509632	0.110941833720122	0.232206990287901	0.117376892027477	0.136348950046118
0.00895565512385284	0.151350248050137	0.0680870502197191	0.162326764369129	0.0737391445919906	0.100381827159608
-0.0183915499343646	0.0851094610391701	0.0242185385443695	0.0873415144174587	0.0286513094831421	0.0621734297803621
-0.0453252163138236	0.0163662844844133	-0.0193434328964556	0.00929508547204524	-0.0167887213838768	0.0228174059785102
-0.0716783440544338	-0.0533043439270542	-0.0614139708899717	-0.0696512441540803	-0.0614749747319938	-0.0166784938975957
-0.0971007063407049	-0.122168773681484	-0.100975736236466	-0.147369917723951	-0.104315708360051	-0.0554328735091982
-0.120983987434737	-0.188474491220137	-0.137268244541459	-0.221967554916787	-0.144371604041684	-0.0927348036095164
-0.142102240195782	-0.250282260867517	-0.169474068371677	-0.291534435218927	-0.180527055015571	-0.127868609673464
-0.15906445155171	-0.305855859635278	-0.196992889669207	-0.354433501748113	-0.211901586843135	-0.160203871870133
-0.170500845097028	-0.353702016143393	-0.219344441509145	-0.409169596927159	-0.23778102830366	-0.189106147022843
-0.175405456463606	-0.392646194522875	-0.236163978946118	-0.454341145633903	-0.257638815285113	-0.213908568673963
-0.173588309182686	-0.422105288346814	-0.247401284369267	-0.488910635727534	-0.271354675748972	-0.2340720533454
-0.165295791278118	-0.441191211348606	-0.252653296335846	-0.511285223218676	-0.278449634482912	-0.248709767430864
-0.151690230052738	-0.449525115521061	-0.251853381394293	-0.520406641942057	-0.278825099014556	-0.257191994568648
-0.134435604685852	-0.446926079756329	-0.245075351344463	-0.515630400365674	-0.272517444073042	-0.259089329773162
-0.115296962100749	-0.433374687704278	-0.232521500661585	-0.496874672270378	-0.259676530397052	-0.25424912571378
-0.0958320940629395	-0.409308540016494	-0.214680396232921	-0.465037908493978	-0.240752398070443	-0.243007558431447
-0.0766584955469893	-0.374687263645912	-0.191676322596998	-0.420888245833268	-0.2158164040465	-0.225575962387586
-0.0577507926926556	-0.330087869920681	-0.163896911097263	-0.366103152160039	-0.185284770937971	-0.202596888968298
-0.0384366974378331	-0.276511232814147	-0.131798060701229	-0.302788758223581	-0.149742677759331	-0.174886267850296
-0.0177175377596426	-0.215430002603147	-0.0959059970716632	-0.233277165853317	-0.109961889820438	-0.143342904491442
0.00528744814944024	-0.148908114133541	-0.0568905513579497	-0.160094363780275	-0.0669619841802181	-0.108961966640777
0.0309969160653345	-0.0789495661825302	-0.0153625960243353	-0.0852096274726716	-0.0217543708027933	-0.0724791944357824
0.0590272765106449	-0.00784124284795263	0.0278598649356186	-0.0105445920007537	0.0244633703934799	-0.0346846726155047
0.0881677705499242	0.0622244281581554	0.0718030254906782	0.0622137685590373	0.070440588336807	0.00364506530917155
0.116565607316734	0.129350193915701	0.115328673229394	0.131580276536735	0.114936835718669	0.0417121483835239
0.142185718373811	0.192140305987464	0.157226410058243	0.19632286670054	0.156876883599686	0.0787153482875016
0.162928952017675	0.24946310990314	0.195986185784955	0.255109104369021	0.195044684374211	0.113709888069519
0.177347565003999	0.300625621399074	0.230135175692992	0.306842248585565	0.228443193262559	0.145778736959253
0.184809677538422	0.345135689550486	0.258272501075104	0.350612208477915	0.256206519087547	0.174047810541231
0.185546815453207	0.382508236726882	0.279197280972836	0.385747373463485	0.27760292145128	0.197746796891929
0.180642503374893	0.412372228068346	0.292203324594003	0.412165402703113	0.292249588197255	0.216390219956721
0.171222083279246	0.433493356782365	0.296611789215468	0.429269521921528	0.299418005318936	0.229357479508958
0.158595088601986	0.444745385722386	0.292408173696373	0.436987769905262	0.298790895587701	0.236351513572862
0.143798228531386	0.445022184791052	0.280066211906331	0.435367930159771	0.290296308976465	0.237257890532335
0.127404511101404	0.433478524144444	0.260462106085519	0.424473663995626	0.274139606041833	0.23212476143066
0.109601238082126	0.410073848495608	0.234884776931822	0.404651126579758	0.251002808710548	0.221299441061311
0.0899371849381164	0.37471611277607	0.204303188084624	0.375335356488255	0.22136683458279	0.204889416723914
0.067932800177821	0.32837252942246	0.169773597139429	0.336315351265598	0.186142204503624	0.183305121803066
0.0432312523196751	0.272710464541928	0.132166555917753	0.287554979897805	0.146409417113381	0.157111327022142
0.015815530272684	0.20991216618393	0.0921430565123245	0.229389601558758	0.103344367479495	0.127020976504489
-0.0138623469850708	0.142556768905497	0.0502805096217446	0.16286532348167	0.0582091704035093	0.0939521124349099
-0.0449402896624412	0.0728195362961821	0.00699243963611095	0.0892684845171752	0.0120775874696454	0.0586924249248955
-0.0762048558799925	0.00276380201255631	-0.0370736999029044	0.010684272779985	-0.0339578151055772	0.0221453037626334
-0.106305218687533	-0.0659411979950622	-0.0809764127236391	-0.0703005233160383	-0.0788638523613131	-0.0147944679411744
-0.133964613291427	-0.132033635637732	-0.123432617212374	-0.150830332115321	-0.121661595693387	-0.0512564778526992
-0.158248995171455	-0.194645851188781	-0.162970181729332	-0.228155199479556	-0.161520509545647	-0.0864352715881901
-0.178345220351972	-0.252883497988521	-0.197805965774914	-0.299590254892088	-0.197417426825057	-0.119395476671766
-0.193881605975281	-0.305917780280723	-0.226374270224283	-0.363018125625989	-0.22848719501982	-0.149217995543555
-0.204772325920174	-0.352776095262535	-0.247502185747781	-0.416880132090596	-0.253956183754327	-0.174965963640271
-0.211100283139477	-0.392281566561019	-0.260601054847938	-0.460133578419456	-0.273174767443175	-0.195743293786288
-0.213133591596919	-0.423330469927174	-0.26592841152435	-0.492392338993052	-0.285856637464964	-0.210935695966108
-0.210739196458076	-0.444172192747624	-0.263865424317106	-0.512823822544961	-0.291375759729217	-0.219866287547516
-0.203830151438704	-0.45345191061967	-0.2553798930023	-0.520957951875998	-0.289510132797251	-0.222375376333484
-0.192255763894941	-0.450181627035886	-0.241575338072778	-0.51637647606589	-0.280240090438292	-0.218735535226161
-0.175882323814544	-0.433932083315654	-0.22342830951405	-0.498771738023094	-0.26374965981349	-0.209603457846402
-0.154801303809934	-0.405230528239725	-0.201775735187585	-0.46839000174627	-0.240614362144919	-0.196025428569674
-0.129077730978765	-0.364668518580513	-0.176641437716775	-0.425193709530219	-0.211142077725742	-0.178686094980982
-0.0991857282619515	-0.313789111888111	-0.147942739570955	-0.370060013336165	-0.176044799854997	-0.158226063403197
-0.0659240523096641	-0.254675246842009	-0.115503681826256	-0.304582858446237	-0.136236386904522	-0.134940096061483
-0.0303808517994435	-0.189740387137429	-0.0792963181019173	-0.231040781020597	-0.092807339634604	-0.108758367458546
0.00615233884336602	-0.121622597302515	-0.0397090302852508	-0.152375906624106	-0.047036892338626	-0.0794552770340966
0.0422958915829566	-0.0524742383352098	0.00253977737293696	-0.0713927696330436	-0.000114864869957457	-0.0466374065088146
0.0766917671180277	0.0157237785528435	0.0461922015129981	0.00904282707352596	0.0467043468605748	-0.0103266751751304
0.108123467365745	0.0813970905817405	0.0896566360027262	0.0864464707786602	0.0922355213990529	0.0288628031498986
0.135602988259681	0.143375916076466	0.131232554507815	0.158910467743042	0.135408219908039	0.0696140702319157
0.158520412589885	0.200897337327	0.169446595389586	0.225273129365864	0.175380499574696	0.110055211973635
0.176324730302332	0.25317275583759	0.202940002352865	0.284663556213611	0.211192784393538	0.147861408783494
0.188827629262987	0.299533971709977	0.230862988631079	0.336687264062765	0.242059809180833	0.180853533049843
0.196070070683409	0.339240491390724	0.252776887379401	0.381087274431209	0.267247017269864	0.207369898226064
0.198261577548092	0.371438051776832	0.268542641853664	0.41753152773528	0.286056087989773	0.226568811636005
0.195856212239454	0.395467869010447	0.278330963083379	0.445801954496042	0.298038763034369	0.238659877827184
0.188991191316965	0.410062698134068	0.28188959549627	0.464682438793584	0.302379503283465	0.244247698267785
0.177938048785927	0.414435723795662	0.279048990768365	0.473165595809639	0.298657714343695	0.244478669044055
0.162941898399538	0.408168035964213	0.269569421332477	0.470331845543419	0.28674891585071	0.24046104127257
0.144232116549862	0.391306124241111	0.253241872230122	0.455564875087234	0.266895763901388	0.232883727780894
0.12215656802003	0.364662973149619	0.230187014551961	0.429064917891082	0.239911041290736	0.221960786503969
0.0968970690591061	0.328743646849753	0.200495005309753	0.390785568088449	0.206515711784139	0.206969989689235
0.0688786523208526	0.284632879817664	0.164849282959066	0.341597379588169	0.167885973719695	0.187044452149559
0.0387107115023095	0.23356160516783	0.124389695739517	0.282873212465178	0.125349298259556	0.16144007006247
0.00719669359422179	0.176794243842057	0.080627425238172	0.216347224491285	0.0802574654051585	0.129945902972726
-0.0247006130115181	0.115716725675025	0.035325128716088	0.144116564025806	0.0339407686428535	0.0932234434914115
-0.0559341986040926	0.0513648830192034	-0.00986996693254235	0.0679430235515161	-0.0125565371866237	0.0525726176298531
-0.0854516510378943	-0.0150010352628015	-0.0534338306244598	-0.010271805555158	-0.0582614417767116	0.00997659562140171
-0.112307974539787	-0.0819548494875382	-0.0941518540136638	-0.0886786909456851	-0.10229804015919	-0.0323740759797909
-0.135749639725273	-0.147854587813168	-0.131168732110102	-0.165473070810717	-0.143829475247675	-0.0725294433475171
-0.155365284798584	-0.210955660928751	-0.164052921926131	-0.238982500966836	-0.18210870766679	-0.109180131965103
-0.170723029048629	-0.269224419613523	-0.192377805747876	-0.307308308562907	-0.216125382484187	-0.141646674898737
-0.181671012506703	-0.320811288464328	-0.215920881584925	-0.368713271692946	-0.244961772208774	-0.169941275602954
-0.188180172038064	-0.364158425781726	-0.23447886620577	-0.42158109936852	-0.267767125644169	-0.194427134506095
-0.190284077939265	-0.398148125360217	-0.247813267125575	-0.464491707853268	-0.283841310739977	-0.215433703902074
-0.188188577889523	-0.422416936228361	-0.255842079778179	-0.496586466536004	-0.292912365093142	-0.233065892873961
-0.181758050933742	-0.43643053623745	-0.258026968893431	-0.516606250215005	-0.294487107599863	-0.246554587366793
-0.171041156262685	-0.440242701997923	-0.254103675978489	-0.523936796325842	-0.288550576588485	-0.254820987409317
-0.156176832365935	-0.434073991856696	-0.243972893304116	-0.518324589784281	-0.275338722543611	-0.256613713456528
-0.137436331649789	-0.418168651326244	-0.22775052634476	-0.49986932320759	-0.255282388325032	-0.250895648850867
-0.115341114867223	-0.393012764320818	-0.205946273913011	-0.469333442687926	-0.229131836387574	-0.237362266067288
-0.0902882895853654	-0.358408023108262	-0.178843455470829	-0.427049962168362	-0.19726769159427	-0.216111717075243
-0.0628587263492266	-0.31460424416207	-0.147042698480596	-0.374039889949014	-0.160337073811948	-0.188191211028078
-0.033653925948875	-0.262218055616161	-0.111235692574407	-0.311717299443114	-0.11908684693286	-0.155216527284943
-0.00324717955913564	-0.202403831222868	-0.0721672462387396	-0.241880885226541	-0.0743988393898762	-0.119007564292559
0.0278370796326815	-0.137062949360325	-0.0306688777601706	-0.166815067167516	-0.0273800563501746	-0.0812827736986506
0.0590925819320654	-0.0682673851379527	0.0124787456204989	-0.0886145273099102	0.0208499648609781	-0.0430968117593384
0.0899672579768419	0.00146387916018481	0.0563353324588132	-0.00958124836312603	0.0689664061490058	-0.00503892004936579
0.119798844179991	0.0696222872970883	0.0998157122090433	0.0681104368785759	0.115573299608205	0.0327305215355177
0.14776735720062	0.134034137690189	0.141677019869	0.142564831435935	0.159295202761231	0.0702065781655443
0.173006245616488	0.193190212453246	0.180651406426351	0.21235676519772	0.198967718608054	0.107268327695098
0.194297059562911	0.246057330345569	0.215168772483217	0.276201121524657	0.233391129198214	0.143266391578691
0.210547837397191	0.292289546831779	0.243812631152394	0.33322607959384	0.261689252527306	0.177098679206193
0.220853867889586	0.331919955493327	0.265364233151371	0.382745800922544	0.283228005400818	0.2072737977916
0.224647237282287	0.36505671232147	0.278934188643705	0.424114938105031	0.297590835972707	0.232176379545424
0.221947340506441	0.391861760807019	0.284245454055994	0.456929720808994	0.304735527322426	0.250537218436715
0.212850474090389	0.411469728541986	0.281037001920906	0.479918034021424	0.304288596686491	0.261251068887859
0.197972718757991	0.422897980749208	0.269678102338886	0.492079718735728	0.296204164809157	0.264016909847689
0.178170821528515	0.424949595532269	0.250920113517074	0.4925174596254	0.280595336751893	0.25918287326455
0.154379177540513	0.416494963965524	0.225788537808164	0.480611464890725	0.257773462537969	0.24756838118576
0.127559958170539	0.397068846726072	0.195608456083529	0.45651371682981	0.228469071780357	0.230353201606345
0.0982789790711047	0.366147716420359	0.161371502707559	0.42008296050877	0.19322404047297	0.208275397288281
0.067021388874119	0.324273318879785	0.124178731257657	0.372071710667487	0.153009371066843	0.182025889255082
0.0341653555993372	0.272744260670493	0.0850488506752577	0.313727596663863	0.108998025193479	0.152075341479842
9.60739160008191e-05	0.21344500599214	0.0449152124608546	0.246668665441196	0.0624853484916095	0.118795990043087
-0.0346813382528626	0.148719398883363	0.00468739191166953	0.172899305878342	0.0148547911697407	0.0827416787801258
-0.0694450525453651	0.0806025654453775	-0.0348603761866004	0.0941155351710363	-0.0327273148072118	0.0445446369309157
-0.103248903076971	0.0110841332589509	-0.0729118647928824	0.0121992188261989	-0.0791468865979611	0.00530643428645807
-0.134978386906731	-0.0581531249438485	-0.108652034486382	-0.0709558806990107	-0.123423513841953	-0.0335372042377982
-0.16346376566892	-0.125737225987477	-0.14128868358699	-0.153413238555688	-0.16468699494672	-0.0704062282303656
-0.187729010476191	-0.190605824021502	-0.170207011089472	-0.233240741300782	-0.202229179494114	-0.103888121066069
-0.206739603255913	-0.251575290554862	-0.194638082701866	-0.308213222511143	-0.235119169487439	-0.132894516625499
-0.219854805217197	-0.307513493724526	-0.214072928085302	-0.376152322406641	-0.262510616038174	-0.1569581534801
-0.226757610236018	-0.357174907464072	-0.228185895960965	-0.434943899099936	-0.28356710052062	-0.176220724588747
-0.227434315374272	-0.399191591552296	-0.236832513560408	-0.482677790043019	-0.297522912135643	-0.191278326859125
-0.222271514667679	-0.432388279090317	-0.240231625555591	-0.518059665791304	-0.303981851756538	-0.203013945710474
-0.211458372681381	-0.455038068006615	-0.238186425402046	-0.539629733511619	-0.302306930849712	-0.211848023033996
-0.195446962754054	-0.465895784958594	-0.230760993372959	-0.546754152896256	-0.292412162379181	-0.217887498650582
-0.17477194990645	-0.464107319721734	-0.218044202602904	-0.539384244716586	-0.274604674630374	-0.220672552134397
-0.150037753969426	-0.449343791871898	-0.200145238596586	-0.518018092302753	-0.249568383062687	-0.219235037935147
-0.122014753320985	-0.422163574689173	-0.177392599474287	-0.483921800224989	-0.218480693479407	-0.212471980056814
-0.0912876322451574	-0.383094737516845	-0.149773684103434	-0.438001272257576	-0.18222927788553	-0.199026629928411
-0.0585779102337538	-0.333571449764287	-0.117606439371069	-0.381755216507375	-0.141951807297443	-0.178148053479984
-0.0246205441919988	-0.275564824957281	-0.0814198146246072	-0.316916390089368	-0.0987413472074758	-0.149838457695442
0.00986557620690607	-0.211426597655685	-0.041984603998589	-0.245399920190105	-0.0535864755377393	-0.114972448216452
0.0442021952288489	-0.143805918829037	-0.000348222877965942	-0.169410400157333	-0.00742902009671198	-0.0752855741118751
0.0777418859774004	-0.074978091220223	0.0423640298133569	-0.0908208662824324	0.0390173751484971	-0.0328627525730797
0.109846742724054	-0.00707632767873086	0.0848668954658106	-0.0116550408351591	0.0849659740804269	0.00997225702266771
0.139845415541217	0.0581959097612948	0.125856568327127	0.0661495771201177	0.129546339891298	0.0511110800326347
0.166989102844171	0.119631383214407	0.16410098929499	0.140810915920097	0.171755075405689	0.0889567583187817
0.190543226954058	0.176576061449742	0.198622303509796	0.210849767845619	0.210551796475855	0.122611989031996
0.209422858160081	0.228462062972513	0.228357663665006	0.274771538965602	0.244589708571859	0.151709257784647
0.222647406194141	0.274941067673642	0.252540444100128	0.331397596234066	0.272642927637251	0.17637674319571
0.229356898310615	0.315589031030203	0.270584921138798	0.379735089539103	0.293643088034837	0.196938550169255
0.228956349514093	0.349758643645793	0.282062686552924	0.418939021678578	0.306798967457189	0.213650077959714
0.221403691344306	0.376800196542833	0.28686486872929	0.448603382409009	0.311880686339667	0.226619976176128
0.206747662488537	0.39522539557297	0.284556705224582	0.467682689098325	0.308562588671353	0.235338469784944
0.18567452428934	0.403817694977707	0.275025969019187	0.475618152419196	0.297089020489498	0.239149420318021
0.159280522086047	0.40161462215915	0.258332087379846	0.472079319878612	0.278016671979472	0.237297846475457
0.128926445206119	0.388137512254332	0.234744380754977	0.457008481703846	0.252127681218007	0.229143915338094
0.0961646090538083	0.363813220718472	0.204934766443215	0.430979570425687	0.220526240551972	0.214499759699698
0.0621602732190221	0.329045572670553	0.169444881299241	0.39400546130587	0.183927386293443	0.193280717333891
0.0279519706220205	0.285085366182649	0.129234022898745	0.346693288890289	0.143261900735535	0.166023223991711
-0.00572553217837119	0.233564153550008	0.0854963328417745	0.289877347280278	0.0994887566293392	0.13368498960012
-0.0384192627843958	0.176270660096554	0.0396099206316391	0.224608023520683	0.053609223520874	0.0975132411148888
-0.0698632140754144	0.11507024348432	-0.00689771934873684	0.152325997463707	0.00674435805822456	0.0589471610134076
-0.0998564135967207	0.0513834765274889	-0.0525739594838734	0.0743524333310094	-0.040086942414572	0.0192552577598426
-0.128109230831518	-0.0134191922236533	-0.0959867641535024	-0.00750925663480542	-0.0857682437224824	-0.0203322613146264
-0.154154052899873	-0.0780692897310732	-0.135850347718764	-0.0911051263775196	-0.129190768246144	-0.0587209381762562
-0.177313626113102	-0.141295285903995	-0.171092242792448	-0.173963350373585	-0.169306115972434	-0.0949361167036566
-0.196856454649856	-0.20183755179758	-0.201013434471934	-0.253513298195108	-0.205277925900941	-0.128144342284381
-0.211717057618733	-0.258077550284732	-0.224915445292077	-0.326923056340581	-0.236178616979107	-0.157440643302072
-0.221019382322319	-0.308441828555715	-0.24247683614547	-0.391699213693373	-0.261346982370159	-0.182053377507712
-0.224117364365769	-0.351423083035774	-0.25361658533181	-0.445812083423571	-0.280286146698975	-0.201349176559205
-0.220708455013387	-0.385723164967801	-0.258446598767141	-0.487853806504578	-0.292641399026541	-0.214916722473576
-0.21104197039496	-0.410618043665859	-0.257428331611171	-0.517358868717701	-0.298385496680608	-0.22278572803041
-0.195371190617146	-0.425170389445177	-0.250586047013791	-0.533785419460146	-0.297079155918204	-0.224976322160364
-0.174403243710273	-0.429078168876614	-0.238190939050285	-0.53730777363534	-0.288602443940593	-0.22196663000471
-0.149035534713625	-0.422367073514912	-0.220541224596274	-0.528343396187759	-0.272982345168541	-0.214446376782918
-0.120228892903343	-0.405306037344493	-0.197967074195635	-0.507382459853746	-0.250437087924351	-0.20315639532631
-0.0890056325068844	-0.378590362672647	-0.171037612858449	-0.475205322857904	-0.221615090646257	-0.18884467546307
-0.0560002506712901	-0.342463866622107	-0.13993525462748	-0.431871051051785	-0.186926620002797	-0.171669362428031
-0.021815174548495	-0.297638192823579	-0.105125701525098	-0.377908796028849	-0.147219191804298	-0.151624257927239
0.0130509168555333	-0.245119409745968	-0.0671911115029089	-0.314206429861095	-0.103545756116562	-0.128463493215615
0.0481318012845346	-0.186273370429055	-0.0268329567077599	-0.242173387876875	-0.0571005287530178	-0.101865248400205
0.0829092360445868	-0.122943434865241	0.0150915799601552	-0.163950261708036	-0.00920402632530334	-0.0717185769001577
0.116752722368984	-0.0569788619165989	0.0577648376991011	-0.0818204968576053	0.0389971843597926	-0.0381198126056799
0.148877599383596	0.00953050808470412	0.100255399601177	0.001484513034518	0.0863659265931444	-0.00175624065794947
0.178361982301443	0.0745754334249101	0.141584005275721	0.0832213440062678	0.131859457171307	0.0361415446832553
0.204206964010924	0.136425476902311	0.180729424847136	0.160927975763542	0.174520846020067	0.0739240427656348
0.225538812251059	0.19386635471099	0.216742016393709	0.232748246922766	0.213551683748082	0.109834309236309
0.241352176543088	0.245873886769529	0.248374627943742	0.297163877173985	0.247941171909894	0.142098659865397
0.250973645884181	0.291890364666126	0.274483036204276	0.353305494527322	0.276800024390377	0.169424197801746
0.2540304091233	0.331561343284714	0.293979127122611	0.400679547323716	0.299280526772303	0.191120286578403
0.25047540137	0.3645483339121	0.305915957575349	0.438950644520159	0.314624413704694	0.207121686898336
0.2407167302269	0.390651251638371	0.309789753323197	0.46806043918101	0.322439266302811	0.217996371734314
0.225029651096759	0.408827390322282	0.304960743125235	0.48708352717806	0.322067384474498	0.22417037218959
0.203993410559107	0.41818814822134	0.291407704453648	0.495328784832129	0.313361507357171	0.226146166816788
0.17826775110448	0.417888135029396	0.269575391355802	0.492174182238379	0.296523303494774	0.22411700655356
0.148535326710407	0.407320344241597	0.240348047295257	0.477250985570383	0.272099690157558	0.21786475705133
0.115585764960974	0.386562855701482	0.205127053360569	0.450933906247162	0.241123455822058	0.206986353484606
0.0799284957302402	0.355516577007392	0.165090335163428	0.413273038206109	0.204375919333829	0.190582379171001
0.0422006736199214	0.314871000210652	0.121616512660412	0.365131514511666	0.162943874617882	0.168124078749996
0.00309780909132932	0.26574150925911	0.0759745759920118	0.307749627815727	0.11795266768016	0.139601611918469
-0.0365933419991624	0.209532332885941	0.0292362401115534	0.24259703655135	0.0705104147934036	0.105716499951239
-0.0759737260497588	0.147917694117576	-0.0176886256372306	0.171399345800189	0.0217485424728518	0.0679542312822444
-0.114079794335894	0.0823226882903802	-0.0641526534178044	0.0955017306811563	-0.0273943287093132	0.0281765932252515
-0.149895881697999	0.0143237186800363	-0.109480835549416	0.0164456998720707	-0.0759293996497699	-0.0114789649766619
-0.182418487289899	-0.0544514715467476	-0.152878325591826	-0.064116814304535	-0.122847961362552	-0.0490519254803087
-0.2107157481915	-0.122279512543973	-0.193322744323176	-0.144331451410253	-0.167103843110906	-0.0830880187542693
-0.234079619246601	-0.18742817492642	-0.229650244249999	-0.222187009976066	-0.207725182999176	-0.112881344996951
-0.251718580533336	-0.247846759805724	-0.260240310499163	-0.295245344389703	-0.243504810752766	-0.13826066441938
-0.263126513477571	-0.301633296409331	-0.283580868288606	-0.36110673376833	-0.273421389619733	-0.15960100955648
-0.267991219824904	-0.347099882985267	-0.298405291973448	-0.417536271915929	-0.296609871242684	-0.177470410616548
-0.266192417070163	-0.382938987893893	-0.30394316524729	-0.46269457717158	-0.312422440948484	-0.192321192840567
-0.257943750763116	-0.408592697716185	-0.300317353400883	-0.495602401830892	-0.320673306980125	-0.204417286058624
-0.243278792975712	-0.423412246994413	-0.287881523007537	-0.515234809706793	-0.320928872750277	-0.213238009071226
-0.222566293350715	-0.427468214591627	-0.267851920702958	-0.52147827140135	-0.31321242817484	-0.218092730374507
-0.19636134947795	-0.421165602953531	-0.241872541170411	-0.514718535822843	-0.297770864137569	-0.218175226352456
-0.165395143463039	-0.405080958355693	-0.21168828949333	-0.495667348574453	-0.275042022734263	-0.212809983138405
-0.130654807042431	-0.380100567420987	-0.178977113597411	-0.465529561194788	-0.245814931040937	-0.201811028735434
-0.0929780860266808	-0.346419256364678	-0.144470145132194	-0.424806901455663	-0.210561841781336	-0.185052325200659
-0.0533688018641554	-0.304531887574663	-0.108436843216528	-0.37443268914808	-0.170080168412611	-0.163002919629948
-0.0128398253335794	-0.255074725305432	-0.0705930167371573	-0.315537574717098	-0.12530755803858	-0.136470128195942
0.0276323772549151	-0.198964224133574	-0.0303587040269455	-0.249553277761661	-0.0773136823194151	-0.10645926061428
0.0671334574620214	-0.13762006920034	0.0127351104707285	-0.178432447449309	-0.0273348061582945	-0.0741142573336448
0.104842162808819	-0.0725537721097914	0.0587945263221597	-0.104040082936216	0.0234764017252034	-0.0404182623889867
0.140005746129253	-0.00572269187627281	0.107152530945464	-0.0285893584225717	0.0739029856081047	-0.00641852770327589
0.171922870570168	0.0607682382711433	0.156303752676442	0.0457332590362826	0.12276637337629	0.0268250909917872
0.199919759467361	0.124876323864093	0.204025800433717	0.116990456412483	0.168956793381816	0.0582395384749644
0.223433866955157	0.184911804052486	0.247809273847171	0.183763084056328	0.211544387920427	0.0868463076055161
0.241691188283005	0.239310646484716	0.284937146163758	0.24486108588588	0.249424262199156	0.111696911698705
0.254083959434883	0.286991094837312	0.313301274164156	0.299606255387526	0.281659881239286	0.132203384210764
0.260128004374562	0.32718389989495	0.331638633757701	0.347559237428027	0.307376662695941	0.148208449001067
0.259525377351685	0.359305894140068	0.339666802033728	0.38830367056562	0.325779128319428	0.160011754226465
0.252358315089656	0.383110899906801	0.338168420374276	0.421583936518366	0.33640317168622	0.168376372172365
0.238636164950653	0.397689137174793	0.328069220309773	0.446129868187688	0.338482412272918	0.173885411751009
0.218790894489904	0.402437920894344	0.310669878304393	0.460825137014137	0.331747172145008	0.177050686322242
0.193500977909937	0.396899795104212	0.287105719458098	0.464566268588227	0.316297337401011	0.177924242747376
0.16362702296213	0.380907875098959	0.258118783724341	0.456496301960443	0.292636597341446	0.175969454391986
0.130224998937166	0.354997990508331	0.224186130718009	0.436555157942858	0.261828440524752	0.170283062928684
0.0941364877192038	0.319477790466352	0.185162658020873	0.404449310357821	0.224782976306812	0.159422055191772
0.0562645161087263	0.275401217256291	0.141123546170598	0.360845895957801	0.182756933485999	0.142339411783847
0.0174503547122105	0.224164812759705	0.0925564432169985	0.306942458268118	0.137042460065104	0.11870452556521
-0.0215209425194123	0.167341326452867	0.040603829432139	0.244300434338591	0.0888580936936023	0.0892128381869728
-0.0598932900614898	0.106638504331746	-0.012857599503109	0.17482211384037	0.0393425019756438	0.0556809966056791
-0.096897232045216	0.0433543531950324	-0.0655152333861331	0.100064565060307	-0.0106254103552424	0.0205512669567393
-0.131729345371539	-0.021200649263606	-0.114875851238458	0.0217440198383904	-0.0601928526212371	-0.0134255911703452
-0.163544410223448	-0.0857703778511631	-0.158748765566384	-0.0583951068302289	-0.108494213826006	-0.0439004862305073
-0.19148079791394	-0.149043605084671	-0.195644559136534	-0.138507307496055	-0.15457044466344	-0.0694824040252228
-0.214819051097896	-0.209650505468263	-0.225123673613577	-0.216676419685969	-0.197442250172293	-0.0900911222637026
-0.232698630126236	-0.265797318177977	-0.247361616702837	-0.290600860569398	-0.235764195207105	-0.106661673516467
-0.244557740854718	-0.315649252804013	-0.263310716464642	-0.357993614474688	-0.268302239905297	-0.120928758353399
-0.25008439632466	-0.357391062820062	-0.274164294932568	-0.416643687380353	-0.293959113153092	-0.134705725920014
-0.249236166475218	-0.389434867545778	-0.280901278970714	-0.4645982452413	-0.311909060783807	-0.149201860622574
-0.242358889134208	-0.410879071158819	-0.284146207023467	-0.500591579551834	-0.321907755089091	-0.164668902216905
-0.229646777666085	-0.420788238242069	-0.283285390499255	-0.52321679775842	-0.323585850293449	-0.179781103071792
-0.211568496732649	-0.419108235545842	-0.277306452156256	-0.531883372989825	-0.317151426549398	-0.192368465855102
-0.188659334433269	-0.406358518940995	-0.264916788275294	-0.526495267163517	-0.3030881410312	-0.199842157290389
-0.161477068461109	-0.383480277853182	-0.24498247369221	-0.507362052692095	-0.282039178302982	-0.199892349848281
-0.130680229447568	-0.351905428771965	-0.21711971120083	-0.475411262625371	-0.254886825697716	-0.191246903613197
-0.0967322982401305	-0.312469603427933	-0.181352096673244	-0.431150634738859	-0.222051002776428	-0.173532550446003
-0.0602584658143376	-0.266223366946662	-0.138759798280518	-0.37572504817406	-0.18411999594729	-0.147781557721281
-0.0220007582930005	-0.21415920422936	-0.0911259369613735	-0.310693514247724	-0.141716634483434	-0.115965837671475
0.0171560507124259	-0.157280595758809	-0.0405895144084513	-0.238083652632819	-0.0955687387148448	-0.0804755919540826
0.0562104403141951	-0.0968210457168451	0.0107294851903525	-0.160516488925414	-0.04661524500953	-0.0436335928298964
0.0940402192571052	-0.0339601739280521	0.061168095327634	-0.0805820765182543	0.00413751299711655	-0.00710802920211484
0.129543493669733	0.0297404207576871	0.10959461320541	-0.00111584026671093	0.0554845102436509	0.0280237157951811
0.161711575530722	0.0924831044926905	0.155408772016029	0.075237248556574	0.106134746227793	0.0612147577992983
0.189705374850282	0.15234906509664	0.198338204439391	0.14630504401916	0.154796624038408	0.0921634136564227
0.213013364956794	0.207581417519391	0.238268002027901	0.210700897389639	0.200367711664136	0.120572425348248
0.231062264538609	0.256393803103863	0.274538406063307	0.267483121276551	0.241594065845349	0.145721494006662
0.243585402556718	0.297499889842546	0.306211008310574	0.316443122846687	0.27747125519241	0.166701871942783
0.250457760524917	0.330094183414996	0.331962154436994	0.357745275454988	0.307111782671187	0.182542319938078
0.2516448117607	0.353851680048351	0.350266821984952	0.3916158329297	0.329714909535144	0.19250635782202
0.247322109324164	0.369122227136635	0.359881201580546	0.41838130182366	0.344762836252931	0.19650125458176
0.237350217063114	0.37585588706233	0.359519653026962	0.437203066651494	0.351331192099286	0.194735277291817
0.221831492680873	0.374403654460123	0.348741816233702	0.447198889243847	0.348881328304069	0.188114081707073
0.201007925460347	0.365128145653519	0.327874758958337	0.447294552512943	0.337161598841451	0.177827543098619
0.175303820795774	0.348327641452554	0.29794806133671	0.436500984841162	0.316309104927088	0.164971494788564
0.14543622222707	0.324499218855209	0.260626936262367	0.414544140226205	0.287090881753576	0.15033330898024
0.112070989708078	0.293395776890812	0.217441809144246	0.38094548382965	0.250271460495106	0.133759992892294
0.0760912454557322	0.255091567254752	0.1700081031681	0.33629195650993	0.207155752516553	0.11467111697005
0.0384384158112363	0.209815573316569	0.119708348738203	0.28186027254082	0.159274203590979	0.092207536911624
4.66080265338705e-05	0.158064971026002	0.0676408777634325	0.219444711517602	0.108219678412017	0.0656402356618263
-0.038224584436587	0.100808001246381	0.0147108020283111	0.151262785511254	0.0555426153761808	0.0348235207431575
-0.0755326149589389	0.0391182968329108	-0.0382945758715045	0.0791857701584012	0.00249949009967782	0.000242556930708415
-0.111119159821493	-0.0254274189126955	-0.0904729232041058	0.00510261888697233	-0.0498195378281676	-0.0367665619357637
-0.144257827765222	-0.0909410608824547	-0.140718476103096	-0.0692994897687363	-0.100487401694029	-0.0743003909456613
-0.174228143299521	-0.155347417332779	-0.187709274342495	-0.142499808616948	-0.148649566801611	-0.110273699246256
-0.200440661721024	-0.21665558405907	-0.230131237998227	-0.213157501967224	-0.193553783812884	-0.142905620218301
-0.222020450232311	-0.272744434810822	-0.266402396637654	-0.279633502096349	-0.234072511955086	-0.170816447297146
-0.23831749662846	-0.321883218186042	-0.295318652098582	-0.340311165319418	-0.26913366964336	-0.193375340147969
-0.248845126201667	-0.362719766160668	-0.316087567617347	-0.393504530401988	-0.297673367263085	-0.210554212667518
-0.253334104597977	-0.394306077038948	-0.328401548626717	-0.437549052648122	-0.318752262324187	-0.222680547095703
-0.251917814787051	-0.416325704573702	-0.332622729803831	-0.471237576389606	-0.331903390304317	-0.230284206831065
-0.244542404969885	-0.428087811105106	-0.328903012753527	-0.492965495516405	-0.336459942597491	-0.233328720552651
-0.231492479008334	-0.42935470836774	-0.317769380479695	-0.501884775471077	-0.332367570640153	-0.231631201711846
-0.213164899888834	-0.420021989604719	-0.2997530342212	-0.497689656967947	-0.319944461024987	-0.224785075957812
-0.190019084943117	-0.400114815546802	-0.275293711061295	-0.480622768857718	-0.29980361252038	-0.212360725476759
-0.162649475191618	-0.370121004631009	-0.244901207780529	-0.451725169552232	-0.272935971566037	-0.194298512498573
-0.131484015679971	-0.330145667734427	-0.208645252393379	-0.411673328435314	-0.239938359997956	-0.17059140316163
-0.0971581230035782	-0.280988645317611	-0.166878730223481	-0.361755609388512	-0.201608553451633	-0.141875709698698
-0.0604742385872213	-0.223956813679871	-0.120213803158266	-0.303471571216338	-0.158736496692091	-0.109219241700519
-0.0224292612831044	-0.16086825480518	-0.0696193020679665	-0.238459784631881	-0.112131551237367	-0.0739451601765395
0.0158332053467635	-0.0940648030926808	-0.0164536044894697	-0.168587134588891	-0.062721700551108	-0.0374711181392806
0.0530202044422391	-0.0258003103004868	0.0376953414217129	-0.0953938475328518	-0.0114433211172512	-0.000909679566855208
0.0878968755337291	0.0415963094075524	0.091092295021973	-0.0205755903061692	0.0405647442712934	0.0348139927811072
0.119395703852742	0.106097228892224	0.142061949538728	0.054200035588029	0.0920148760159627	0.0690198700734404
0.146720789920251	0.166158211252626	0.18915048011656	0.12732158199842	0.14151636348855	0.101190011433804
0.169530092926766	0.220895043604584	0.231360549276094	0.197370970901222	0.187776233529794	0.13093417000205
0.187435362939709	0.269630844973872	0.267682189437186	0.262737653579645	0.22926689285325	0.157666593168142
0.20039793106847	0.312085809238027	0.297504353874683	0.322010513767952	0.264738718110822	0.180834153127476
0.208480051024165	0.348039355661297	0.320368504596454	0.373865666520085	0.293173081980069	0.199896990035811
0.211745909714463	0.377117144787136	0.335859866034712	0.417070766036429	0.313829134610933	0.214404842835491
0.210380936868187	0.398951897596955	0.343759173662268	0.450824327586425	0.326488792109241	0.224207080688116
0.20411922911301	0.412228056264526	0.343322116120032	0.47371393306416	0.330684837197956	0.228943608783627
0.19291868815418	0.415803844006468	0.334112823790111	0.48488829827633	0.326461187141982	0.228509321773883
0.176895988208768	0.408691747137779	0.315943721882771	0.483828694580559	0.314132753321807	0.222834523094199
0.156415692231179	0.390335183500979	0.28902863116853	0.470416687154449	0.294252564445927	0.211828538712129
0.132224918521772	0.361097308267133	0.25424527698153	0.445289613967871	0.267757852996503	0.195537981589144
0.105051109095073	0.321402768296741	0.212597517564513	0.408690587637779	0.235243013779941	0.173730896683641
0.0758580382768485	0.272633293316652	0.165676232059002	0.361551128878468	0.197569397194386	0.146585948063386
0.0456016856055822	0.216665008586517	0.115334836504796	0.305080149564029	0.155625424356612	0.114734541634367
0.0151061713315808	0.15559860548428	0.0634754359510551	0.240675962373163	0.110297107461091	0.0793820481878737
-0.0150284828312498	0.0915991052374379	0.0118631804547313	0.17000704431687	0.0625130543499681	0.0423455278248778
-0.0443307843283222	0.0262835660276685	-0.0381039799919967	0.0944561346806824	0.0130963046060408	0.00564480386508155
-0.0724544448359184	-0.0389493269216327	-0.085379389980437	0.0156675037108431	-0.0370177874696235	-0.0286285055629601
-0.0990325108294317	-0.102995542927494	-0.12925540366119	-0.0645671316744242	-0.0867830369179084	-0.0587852794812027
-0.123566664254593	-0.164903570951499	-0.16925449785767	-0.144269129539132	-0.13501158071222	-0.0838936514815154
-0.145519681531919	-0.223806202311156	-0.205137968383057	-0.221365470162338	-0.180513356867744	-0.104019432558895
-0.163870660931114	-0.278405520972345	-0.236276429174319	-0.293415825998056	-0.221706812265569	-0.119961411429041
-0.177729663947439	-0.32728235087086	-0.262094375707681	-0.358058004083404	-0.257169026090792	-0.133131895179115
-0.186374970510904	-0.36885475361743	-0.281937858613576	-0.413090799562099	-0.285644276782569	-0.145023815539617
-0.189416773569087	-0.401537414791126	-0.295151179804324	-0.456665161219596	-0.306174448289598	-0.156698591511324
-0.187076829007913	-0.424222103774955	-0.301435817095694	-0.487714922875171	-0.318435006524753	-0.168526246731902
-0.179535457362048	-0.43557147789126	-0.300117426443038	-0.505155453680628	-0.321946910157261	-0.179581292345341
-0.167457956451361	-0.435080833731161	-0.291070865829935	-0.508823075876595	-0.316876834206315	-0.188230757551562
-0.151630669456429	-0.422873540302251	-0.274506153730056	-0.499154160577383	-0.30372676169436	-0.192407670531548
-0.132770494229511	-0.399647451530946	-0.250933662191197	-0.477056517324059	-0.283222993748966	-0.190150030897046
-0.111503039257978	-0.366803093549576	-0.221269657009427	-0.444041154869276	-0.256406797699955	-0.180259778075866
-0.0879322773480742	-0.325337463830998	-0.186091094631767	-0.401056098442604	-0.22382249786237	-0.162195005857513
-0.0621188172857053	-0.276606057790786	-0.146199629816769	-0.349417275628792	-0.186189398498172	-0.136640187566888
-0.034135904213093	-0.221949373288129	-0.10239892830968	-0.290480327300253	-0.144203480529438	-0.105213470739872
-0.00426386635330216	-0.162654181554982	-0.0555014475744527	-0.225663894065922	-0.0985832066065821	-0.0700989804053872
0.0268820164748043	-0.100084552865195	-0.00639364259602626	-0.156645195528057	-0.0501848161137952	-0.0336454522325386
0.0582543260794384	-0.0353583321889734	0.0440005062829818	-0.0849003989404366	0.000133375789233276	0.00224612033588528
0.0885241524412605	0.0302089853904655	0.094588362385595	-0.0122295876004914	0.0512899422099872	0.0361884181562913
0.116266743209715	0.0951820263231443	0.144124031007585	0.0594411174787435	0.10204213161324	0.0674323382547717
0.140214306547117	0.15801895487718	0.191237112395399	0.128166178399505	0.151025600642494	0.0957524231767271
0.159628438930036	0.217252182778292	0.234643192586807	0.192240443493216	0.196946893923302	0.121279507765882
0.173933098309452	0.271174712563859	0.272739451849871	0.249961367001166	0.238231104874435	0.144053894975749
0.183204604956031	0.318341451820931	0.304194794108225	0.300122834859799	0.273528966564713	0.164038094678096
0.187893296878993	0.357535912315515	0.327895016715763	0.341951469458685	0.301672239119622	0.180985220426052
0.188595185242413	0.387812198089186	0.343002372612643	0.375066725216718	0.321735809364618	0.194469846885208
0.185995942586811	0.408780002130331	0.349200966156096	0.399683215515404	0.33332117279057	0.204113033284481
0.180043632140593	0.41960918718699	0.345970962975727	0.415381760597551	0.335781764343149	0.209274039159036
0.170539065417337	0.419973413239716	0.333319496714679	0.422062345676624	0.329050529184976	0.209555158667502
0.157045868503465	0.409764346927052	0.31157458333809	0.41954893183229	0.313420365458897	0.204719258051328
0.139096214165863	0.389104451590219	0.281384348498233	0.407580935693075	0.28952770631303	0.194678019941072
0.116564681589596	0.358656434625417	0.24388077566549	0.386209162640398	0.258509683028255	0.179599455135271
0.089454326833189	0.318709188245292	0.200061726105014	0.354801695493792	0.221222969462698	0.159421206340727
0.0584258253438686	0.270165933453243	0.151345065500924	0.313349524126987	0.178857618142381	0.134359847177236
0.0246417870131164	0.214281394484721	0.0993354052741335	0.262283817559694	0.132648585429889	0.104848920832428
-0.0104049214837312	0.152625562129993	0.0457397518231599	0.202558285426738	0.083804430170355	0.0716249959424324
-0.045164231414452	0.0870979168266956	-0.00770393906655768	0.1357822064223	0.0335208596577834	0.0358349020551277
-0.078248665525396	0.019448761681674	-0.0594181634998735	0.0636411254672449	-0.0172250290390511	-0.00117699429939173
-0.108675993007364	-0.04849999715778	-0.107971283066012	-0.0117526385878414	-0.0674468606646509	-0.0377919938306998
-0.13592222868162	-0.115075009656673	-0.152156120148668	-0.0881723965179548	-0.116163676358105	-0.0723664438543796
-0.159843295107737	-0.178824156215718	-0.191009432493839	-0.163424251801997	-0.162358077640827	-0.103463209185582
-0.180628982481892	-0.238655033293637	-0.223954517820941	-0.23555780217057	-0.205085322191331	-0.130131935191802
-0.198080036220936	-0.293371194284772	-0.25027583370862	-0.302529096536035	-0.243060925580722	-0.151786684768191
-0.211908318081715	-0.342005950191743	-0.269606078969521	-0.362574503912664	-0.27514668349988	-0.168453433651691
-0.221521476626744	-0.383612511847147	-0.281773812056689	-0.414082020208282	-0.300318807879756	-0.18057964513219
-0.226088042915928	-0.417192308690381	-0.286801249495361	-0.455581180809533	-0.317760814387298	-0.188821264582275
-0.224917139176614	-0.441939497392082	-0.285153499682507	-0.486038228949286	-0.327184891308569	-0.193940336083325
-0.217071473066049	-0.456382545712027	-0.276867000446842	-0.50401124677258	-0.328022468057525	-0.19611477179152
-0.20226015583069	-0.459413094978834	-0.262388403591169	-0.508691659530107	-0.320269252136487	-0.195313574149734
-0.180811541811357	-0.450206890424181	-0.242285895115839	-0.499761085742158	-0.304214234426901	-0.19117146285644
-0.153677831411411	-0.428411645983677	-0.217185718750896	-0.47747666476982	-0.280386098174126	-0.183108759846522
-0.122403180043019	-0.394548107271881	-0.187906404365764	-0.442967956721168	-0.2497178358645	-0.17063780410756
-0.0884205209474912	-0.349217206349777	-0.154683754467103	-0.397196813101237	-0.212726780723678	-0.153142380701347
-0.0531755685996306	-0.293937313961717	-0.117866030559095	-0.341811250810538	-0.170265103013698	-0.130449477392652
-0.0177606117372541	-0.230770447967438	-0.0777404454776161	-0.278692176475078	-0.123300067445342	-0.102794222760601
0.0171921333752082	-0.162111891244632	-0.0346153778561167	-0.209785021564034	-0.0729240218201501	-0.0708186629694433
0.0514574423862809	-0.0905306905643858	0.0110248788490578	-0.137099100615012	-0.0204222163516312	-0.0355460663878592
0.0849855979542461	-0.0182007980426919	0.0585438898117858	-0.0621998774064006	0.0329779614421914	0.00189135909801202
0.117643117990782	0.0529384910452931	0.106922193019512	0.0133214828763397	0.0859118726191153	0.0402094279049469
0.148949875905816	0.121352916077781	0.154776453112333	0.0879192956711453	0.137004160769621	0.0781152860537825
0.177939145631755	0.185877231408766	0.20041963489271	0.160021157526442	0.184932499866441	0.114375338667941
0.203327335589457	0.245721148219344	0.242142834357699	0.228106370080814	0.22860380260126	0.147942203193652
0.223274942224701	0.299869633661868	0.277941260613866	0.290326197746467	0.26678363319712	0.177701886588241
0.23618003667223	0.347366793639569	0.306207993843469	0.34498855110236	0.298516490124352	0.202787731817478
0.240916911461	0.387117181705767	0.325786379530731	0.39058345772382	0.323012320318572	0.222533621975792
0.237115012700129	0.417905558997113	0.336078942917144	0.425925673561153	0.339639392414648	0.236502197639955
0.225449236281005	0.438805652641297	0.337294075643446	0.45056443902256	0.348161571825456	0.244649073715153
0.206891363760463	0.448374458471608	0.329532993924151	0.463767023606675	0.347936188236955	0.246778678330209
0.183067674942164	0.445857800000983	0.313457973011771	0.465528820111455	0.338767117527872	0.243030122313257
0.155701928444623	0.431082398697432	0.289888480686696	0.456164516924235	0.320726837096583	0.233660381640393
0.126256908363841	0.40453486671131	0.259659824534328	0.436168368113268	0.294203247138603	0.218974746588987
0.0958235137691773	0.367592753196361	0.223738426450927	0.406403282434668	0.260134139796388	0.199419533218733
0.0646205217275301	0.321416854765912	0.182564713750582	0.366950168167651	0.219247712205206	0.175074281066087
0.032577491417893	0.267683851146671	0.136796173029062	0.318230285739559	0.172745484356427	0.146189836398172
-0.000522543445460711	0.20808753132492	0.0872357564830489	0.260795283089401	0.122006834701466	0.113123679190799
-0.0347344396394368	0.144168894362786	0.0349386713121189	0.195474699526319	0.0684917463656722	0.0764307424621491
-0.0697075459960213	0.0773464529768017	-0.0186987777895906	0.123648632887329	0.0137209752441955	0.0369787212515082
-0.104600224950132	0.00860328521273094	-0.0721171141438497	0.0468428564217537	-0.0410363905629126	-0.0041985632525838
-0.138135930632962	-0.0610180068507052	-0.123566989997429	-0.0327989586421849	-0.0945398971331853	-0.0457847791024318
-0.168820962178898	-0.13034242054692	-0.171326228351896	-0.1127807401798	-0.145643025847151	-0.0863393952427575
-0.195220410286528	-0.197912855168111	-0.213885760669764	-0.190458239059043	-0.193266024417998	-0.1244458728024
-0.216330057610919	-0.262063430091454	-0.250238227518933	-0.263390296971618	-0.236484060784828	-0.158939838809997
-0.231310392643103	-0.320529273297608	-0.279477883232643	-0.329189011043941	-0.274133850259676	-0.188757005732575
-0.239911385392515	-0.37108212188412	-0.301263055557761	-0.386039094527028	-0.305222826036717	-0.213248705265566
-0.242254247535407	-0.41167061702872	-0.315590462332181	-0.432652786999135	-0.328876093986875	-0.232086473181958
-0.238661855546271	-0.440697857683886	-0.322656532481471	-0.468228619277991	-0.344405064870847	-0.245181243448097
-0.229672999725266	-0.457522737647473	-0.322955729969721	-0.492622263288588	-0.351607095557775	-0.252719032711508
-0.215336393091736	-0.461576321337328	-0.316353758188647	-0.505240197964721	-0.349992447427317	-0.254555719736129
-0.195815163962757	-0.453297543832691	-0.302884249770347	-0.505916178479016	-0.3396009519054	-0.250667391459951
-0.171312392112409	-0.43369631185561	-0.282558087746073	-0.494593034007914	-0.320750489955515	-0.241010437431046
-0.142201303860246	-0.404115619581505	-0.255457649830978	-0.471358117538271	-0.293988771871053	-0.22558296566506
-0.109246516423105	-0.366255486278708	-0.222045790869301	-0.436835346562086	-0.260250643250096	-0.204657869658963
-0.0732014877458095	-0.321033453891991	-0.182547588113714	-0.391275955804744	-0.220058784501615	-0.178400979729368
-0.03514336130885	-0.269444907230189	-0.137684945864783	-0.3357143006101	-0.174240915768349	-0.147419604126263
0.00379666914889284	-0.212325595170753	-0.0884532375560779	-0.271718887208301	-0.123720786633843	-0.112632622992199
0.0426023207789634	-0.150476207839609	-0.0360498912815816	-0.201356363626544	-0.0695399742288026	-0.0752129450906118
0.0804893388855048	-0.0849255965962655	0.0181784886299206	-0.127198362861758	-0.0129559648149292	-0.0365207736926286
0.116944116965894	-0.0167191264854819	0.072972480305657	-0.0516385295814354	0.0448092304557775	0.00220493995957286
0.151615360978523	0.0526563020330113	0.127060762786813	0.0228465699277606	0.102323582986468	0.0398133589983292
0.184149313179305	0.121401472417569	0.179207089769138	0.0940586845666986	0.158063586980059	0.0753875578938867
0.214004502340745	0.187525109712103	0.22817717607242	0.160239033987601	0.210481365937829	0.10828170017782
0.240445674115155	0.249150785082418	0.272823634969793	0.220261069701265	0.258190849294402	0.138165454751546
0.262156220365874	0.304290055633714	0.311631678243161	0.27322425883106	0.299687140781017	0.16470871341857
0.277764851264631	0.351423004370292	0.343186150676987	0.318744845660484	0.333770253100666	0.187715135049847
0.285996591398165	0.389463191235833	0.36614367357181	0.356695741602819	0.35948998937524	0.2069593686659
0.285962155025113	0.417752405249622	0.379375237237888	0.387035725595378	0.376168011700142	0.222121050747098
0.277556673512139	0.436268944393631	0.382341076322092	0.409962161030876	0.383626514283463	0.232899965616036
0.260967563531298	0.444522895121697	0.374482216235595	0.424764287658463	0.381410930507188	0.238599584888278
0.23716533211829	0.442440847885102	0.356035630577194	0.430861341502349	0.369557119432342	0.238656284206397
0.207523878858691	0.430027956209734	0.327812623149591	0.427557777302387	0.348374010496716	0.232627581222051
0.173523796117235	0.407373462882954	0.291097157093158	0.414163345711765	0.318443153846234	0.220305613640987
0.136592032300902	0.374989798842081	0.247655538691078	0.390457465817291	0.280814866870178	0.201934622698947
0.0975115458423972	0.332948686110767	0.198915366523255	0.355786395494067	0.236270734037212	0.177794742073847
0.0568012268397216	0.281941039483133	0.146417741347545	0.310287861571204	0.185994001695654	0.148643572153397
0.0147364402399675	0.223067697968637	0.0915374875572669	0.254676403997224	0.131316753575202	0.115520951929051
-0.0284204338140136	0.157842292879748	0.0354660463881441	0.190266771865904	0.0736613005593752	0.0796469011348727
-0.0721800730720647	0.0882272105453021	-0.0206899193559615	0.119048597419661	0.0145522407320982	0.0423457745542773
-0.115678229590393	0.016133037103198	-0.0759473283356657	0.0430999165630415	-0.0446821666521893	0.00478382398851034
-0.157648148227741	-0.0563660925466718	-0.129204884307335	-0.0351121425531495	-0.102694627200709	-0.0319607473774879
-0.196550486755066	-0.127290182696721	-0.179225823073878	-0.113054803040201	-0.158201004467717	-0.0669855327380608
-0.230803797854167	-0.194864185273587	-0.224655140055672	-0.188302482521866	-0.209977589143341	-0.0995676120719993
-0.259159033403742	-0.257690322928527	-0.264251513855403	-0.258771090710473	-0.256963398813462	-0.12921145405053
-0.280506886818838	-0.314334735369171	-0.296583311356454	-0.322461247608451	-0.297896553403154	-0.155361162036827
-0.294358167630744	-0.363678105652632	-0.320660928619701	-0.377818892395214	-0.331704954477019	-0.177615204669782
-0.30069252042779	-0.404725941219501	-0.33593798254459	-0.423618497383827	-0.357442576176616	-0.195638443403518
-0.299811015118234	-0.436540998883615	-0.342361447687646	-0.458912249808673	-0.374343071258948	-0.209161902887928
-0.292304475928153	-0.458488490655568	-0.340556296655487	-0.483234620351648	-0.38210375814082	-0.218128455499813
-0.278342389462113	-0.469314251852157	-0.330879138299293	-0.495678085314724	-0.380154512515345	-0.222242017521519
-0.258137151976903	-0.468185325596408	-0.314053723766002	-0.495794939232544	-0.368476437987783	-0.221434749482188
-0.231831813760565	-0.454559101460688	-0.290770442674743	-0.483388508390453	-0.347392269386691	-0.21571925016537
-0.199627857027664	-0.428336719689183	-0.261577297448695	-0.458585435116935	-0.317550840699523	-0.205156397203237
-0.162057381941001	-0.390251963433544	-0.227049987800726	-0.422183223489208	-0.280086869231963	-0.189950811401704
-0.119727300974848	-0.341030759381834	-0.187208466482418	-0.374768402337433	-0.2358545350119	-0.169973903652579
-0.0737432699886752	-0.282285940592787	-0.142320087179227	-0.317684345373041	-0.186061136138191	-0.14524254622907
-0.0255449992552289	-0.21614801781745	-0.0928711595227457	-0.252729141381632	-0.132000033282607	-0.115855869472104
0.0232404859727833	-0.145076612915841	-0.0396886482601662	-0.182065693794868	-0.0749935580993504	-0.0821042935275738
0.0709942534813997	-0.0717167717850338	0.015987584869883	-0.10819998236946	-0.0164126321365145	-0.0446346273555511
0.116272501344751	0.00166620780503868	0.0726826220037612	-0.0333883764617737	0.0425724778659988	-0.00439974616196987
0.157932163193291	0.0730388971260235	0.128706367944267	0.0401047402747071	0.10077990866229	0.0371589394292323
0.195147178213544	0.140790916012772	0.182359402746876	0.110276236563694	0.157066739358186	0.0782230154785664
0.227343383462797	0.203724694764255	0.232087948511602	0.175480782898524	0.210304803975504	0.1167721798109
0.254201083876222	0.261084409957121	0.276706525496172	0.234594565663991	0.259464522636676	0.150917206065873
0.275146825363493	0.31195880450067	0.314980818711209	0.286569779493246	0.303230089255961	0.178947571110692
0.289689509471346	0.355573196125389	0.346020943347765	0.330793923379172	0.340387544621951	0.199837859104475
0.297320201010222	0.391064588042226	0.369077532201876	0.36687794776731	0.36975941252946	0.213327593963181
0.297593136780149	0.417470406285432	0.383478277151059	0.394557465260662	0.390276062753254	0.219913876165369
0.290407376605235	0.434106529633034	0.388819660493469	0.413923488294382	0.401287256132643	0.220796761193739
0.275567910607055	0.439728040861914	0.384343762424712	0.424294088631505	0.401915170177086	0.217151563117288
0.253418655779932	0.433734275131128	0.369758106686872	0.425299054032199	0.391903155273123	0.210188977996016
0.224693399634245	0.41605233072931	0.345186845964024	0.416612922236716	0.371463306150918	0.200706228645149
0.190451736777144	0.387220590471513	0.311279039685378	0.398026082530734	0.341286570472242	0.188887187717217
0.152067533441993	0.348629690277286	0.26938161917187	0.369836943123685	0.302683273794007	0.174410513042405
0.110707692506947	0.301413926014568	0.220905210128318	0.331851959055705	0.256812403769782	0.156214063520811
0.0675814537419269	0.247205244206784	0.167669762219827	0.284535915800605	0.205211846953773	0.133258355656581
0.0237491091951512	0.187630072524986	0.111513262107898	0.228734515092899	0.149467103189687	0.104809185209317
-0.019905745685249	0.124140665693587	0.0540731063150363	0.165673341093197	0.0910946085719606	0.0707930539822732
-0.0626655328101073	0.0580491479123924	-0.00332495203459038	0.0970415363070084	0.0315247154639422	0.0320426361508998
-0.103881002995459	-0.00977173538642135	-0.059769451422044	0.0244957931454911	-0.0281040585397936	-0.00985822850500515
-0.142940879459856	-0.0783815424279495	-0.114565980022998	-0.0499851847343408	-0.0867184412559226	-0.0526516458423538
-0.179195654625083	-0.146684036102876	-0.167070492962873	-0.12431844112334	-0.143291018757423	-0.0938362799932519
-0.211914568903404	-0.213268243959602	-0.216485573043068	-0.196405926329316	-0.196761751201833	-0.131116013609169
-0.240400892516637	-0.276477604546901	-0.26185823625822	-0.264338120642534	-0.246105311025631	-0.162867462811989
-0.263584634766112	-0.334040600534786	-0.301600376727304	-0.326058798159432	-0.289921163304277	-0.188123385164909
-0.280519739618166	-0.383717440639731	-0.334085268975646	-0.379836945967989	-0.326906903813429	-0.206855437606872
-0.290354581886336	-0.423452536258321	-0.357750846213007	-0.424202596089898	-0.355845351329944	-0.219713990499346
-0.292443829691927	-0.451655603174643	-0.371377630572727	-0.457983323813117	-0.375732558883143	-0.227690205175762
-0.286632488860434	-0.46769052928448	-0.374549916250821	-0.480605449586503	-0.386124176442588	-0.231871507843296
-0.272758131975742	-0.470982668611602	-0.367003950561028	-0.491143717434718	-0.386434559311669	-0.232616318704724
-0.251291176534649	-0.461937056532023	-0.34939148541028	-0.489301074579714	-0.376756264714589	-0.229890598868735
-0.223155387832676	-0.441479749546987	-0.322898782128066	-0.475131090696533	-0.357602712737271	-0.223143563860291
-0.189639951890871	-0.410815970990326	-0.288999320882432	-0.44903198244608	-0.329822947449768	-0.211510227004412
-0.152339558722331	-0.37146305065552	-0.249364093635917	-0.412014555938576	-0.294680856704956	-0.194259383831463
-0.11260992200966	-0.324170090670492	-0.205053920535421	-0.36471709190647	-0.2530521178494	-0.170682312224461
-0.0717065791663531	-0.26980765585309	-0.157038123721948	-0.308375199792814	-0.206019320299949	-0.140823159978457
-0.0305458275345805	-0.209173278208856	-0.106058192483492	-0.244521945400985	-0.154628032201126	-0.10546591266319
0.0103421294476112	-0.143136632102594	-0.0527607957752241	-0.174955998731748	-0.0998863539306725	-0.0660773190510554
0.0507655903854017	-0.0728906414657647	0.00211325339682519	-0.101803178146307	-0.042847487466195	-0.0246381294875953
0.0906367791325858	0.000267173791065708	0.0576651116622696	-0.0270287375275596	0.0155056031783791	0.016829610340945
0.129815083276063	0.0745765469255329	0.112702544049196	0.0472465926575656	0.0740439105352886	0.0564192785939993
0.167868593066311	0.147977667094096	0.165799497673503	0.118979431310681	0.13151200624758	0.092640830238204
0.20393126725842	0.218254793930145	0.215415597547864	0.186315085068312	0.186533261634789	0.124551709944689
0.236824288524813	0.283355691430069	0.260196741991949	0.247820838465522	0.237776530060859	0.151827717033196
0.264721723911679	0.341094017226643	0.298645026766327	0.302076378127893	0.283605498774048	0.174371588381971
0.285873964418688	0.389755315392395	0.32970555831773	0.348163911241601	0.322605669377233	0.192398377322254
0.298788454182011	0.428032173946722	0.352653219396651	0.385502945704292	0.353556218907938	0.2061629844766
0.302518565300843	0.455035889446	0.367051812478196	0.413775109464861	0.375510080807102	0.215812936989426
0.29702344554758	0.470567352924415	0.372887047963328	0.433142337919453	0.388071142495495	0.221469484688575
0.282598762111354	0.474063349461279	0.369772204842233	0.44305539589384	0.390650499722641	0.222728640103361
0.260352011661787	0.465606583516977	0.357655101394589	0.443295711868547	0.383248070117852	0.219272685068333
0.231788495570229	0.445629323082013	0.33663681524161	0.433651553275429	0.366208567505472	0.210831171567645
0.198515766752778	0.41491170834075	0.307041852694881	0.41396347556971	0.340181482654785	0.197283034139895
0.162084131320701	0.374834575783339	0.269662121695412	0.384524416591076	0.306255000464236	0.178859630766424
0.123437928862407	0.326372320774911	0.225240737121824	0.345117393633414	0.265242432626973	0.155676021424284
0.0832486159076569	0.270958838124253	0.17504953387795	0.296214069376031	0.218286791641573	0.128202372375119
0.0418989605196484	0.210103778275816	0.120658969145822	0.238742238037993	0.166621268977695	0.097079093558876
-0.000342399360992869	0.14528388565575	0.063817495992968	0.174102199100899	0.111528839722913	0.0630724345224857
-0.0431487170518389	0.0779625888066339	0.00631965235261918	0.104228212491495	0.0543543238530535	0.0270930157362778
-0.0859139767333585	0.00922445930463264	-0.0501982238361287	0.031043583353571	-0.00366668413841177	-0.00999554167276726
-0.127767856698636	-0.0598360612373672	-0.104289087335355	-0.043270881775515	-0.0612633682658637	-0.0472033147009795
-0.167588313538933	-0.12811856771171	-0.154752586037025	-0.116565224716331	-0.117175308609454	-0.0834720042147598
-0.204112730940947	-0.194404023785373	-0.20061600380605	-0.186853774114841	-0.170153013180961	-0.117701205841562
-0.236224589073338	-0.257402136116946	-0.241230766116421	-0.252517222688575	-0.219100165613961	-0.148875175847393
-0.262613347993378	-0.315283762530819	-0.275698750310618	-0.31190640409124	-0.262637843370378	-0.175898429453024
-0.282358711464577	-0.366203895125277	-0.303361149328422	-0.363723864420917	-0.299614677051517	-0.197936190505753
-0.294833344404953	-0.408322991718174	-0.32365173818112	-0.406849036415485	-0.329029153696711	-0.214421189686294
-0.299694374184483	-0.440003013836683	-0.336131161242546	-0.440284012449812	-0.35009015998752	-0.225092593574793
-0.297029946382058	-0.460289370999071	-0.340772665517687	-0.463413111742759	-0.362506787461667	-0.230131410156381
-0.286694386740514	-0.468076885314696	-0.337189481096719	-0.475075411691167	-0.36571175398828	-0.229577518149833
-0.268935866346546	-0.463174788730309	-0.325489946636689	-0.474616075741047	-0.359707452549946	-0.223750737281903
-0.244223327531485	-0.446007728343743	-0.306027287046211	-0.461740586485264	-0.34481501755023	-0.212997796924143
-0.213264042485145	-0.417515722188511	-0.279355636545845	-0.43663893325252	-0.321630772503178	-0.197614250376303
-0.177111858116511	-0.379267414491568	-0.246348135335781	-0.400349633783188	-0.291156103773963	-0.177957735075724
-0.136765329332209	-0.332364683047691	-0.207513804919111	-0.353785116170815	-0.254038102726196	-0.154005538874682
-0.0934775574347998	-0.278242421028446	-0.163605916325202	-0.298641989769048	-0.211202701478867	-0.125942505685365
-0.0485527982837403	-0.218315709418152	-0.115443980505959	-0.23697021394036	-0.163613565000215	-0.0941475206948378
-0.00324745165462432	-0.153951827567111	-0.0639466013009439	-0.170974901612953	-0.1122592960679	-0.0593057326431564
0.0413253011620654	-0.0865787129882805	-0.0101873280344803	-0.102922786528773	-0.0582069413478182	-0.022511741922229
0.0841665662414055	-0.0174015519101515	0.0446293824187986	-0.0345667612776988	-0.00248505560580268	0.0149412332610871
0.124438682487025	0.0522171522982577	0.0991114019587434	0.0325453909392564	0.0537314049450338	0.0515137764568487
0.161393153393437	0.120817799431542	0.151735668783772	0.097202409468583	0.109141683240862	0.0856739951147037
0.194306489556892	0.186831266215961	0.200924011897835	0.158462810643094	0.162322165037725	0.116127153446551
0.222581607757354	0.248738311225308	0.245291325956822	0.215682129689339	0.211903123484316	0.142077733946566
0.245261840653058	0.304634894278097	0.283241569101596	0.267898108204339	0.256174816422409	0.163118059696115
0.261595286316156	0.352793969415655	0.313576564849912	0.3142235164617	0.293672718995156	0.179434675529359
0.270989414135246	0.391629826865331	0.33541338943876	0.353674361076926	0.323159093659068	0.191594350103078
0.273114046133752	0.419813428541291	0.348213301326243	0.385203082451013	0.34372842741296	0.200293590658982
0.268154128822087	0.43668701053929	0.351993472870208	0.408113083866004	0.355116152202439	0.206204101567953
0.256194251280971	0.441346826151497	0.34655725130962	0.421071162574169	0.356907674612428	0.209280713108396
0.237815990048214	0.433747915978736	0.332220446247348	0.423351963297842	0.349348250175174	0.209107750396246
0.21381691940572	0.414430929267033	0.309561327078113	0.414619886015452	0.333038041085929	0.20481885530666
0.185094956878802	0.384467924456038	0.279387647779808	0.394971410529842	0.308832080954246	0.195315443637355
0.152661107928529	0.34560250279617	0.242864077214754	0.365216450010449	0.277919474506807	0.179743820898406
0.117187977435501	0.299112883904849	0.200905329629633	0.325751434302685	0.241051327277866	0.157375758839598
0.0794188708779957	0.246564832382261	0.154710305024986	0.277527244257625	0.199158386484342	0.128396706993939
0.0400948528394218	0.189360495823428	0.105550857970515	0.221658980713592	0.153131820514596	0.0939040250279333
1.44872141158897e-05	0.128637243714287	0.0547253652175585	0.159368828599346	0.103843242553783	0.0558297727962935
-0.0399455673689473	0.0653562441455223	0.00352685692895248	0.0920757956219597	0.0522312801197808	0.0167026591991393
-0.0787690354829328	0.000103414143693654	-0.0468378135108599	0.0210332332204832	-0.000774527470034303	-0.0209693469085603
-0.115416111889919	-0.0664103239855072	-0.0952183803664084	-0.0522407607590508	-0.054064483480174	-0.0549924832235939
-0.14889043261959	-0.133227077275103	-0.140547935186684	-0.126034897425892	-0.106372014690741	-0.083930718974894
-0.178327281843553	-0.198974327679294	-0.181846416842223	-0.198431437158307	-0.156297750841047	-0.107308758735565
-0.203201427237615	-0.261948276489053	-0.218386422291363	-0.267472034306656	-0.202522779582188	-0.125648746787293
-0.222835445747621	-0.319708615155553	-0.249151827740118	-0.330801030620692	-0.243415717716917	-0.139951896675575
-0.236881119137116	-0.369793430710478	-0.27341932877773	-0.386245525379161	-0.277651904862467	-0.151542362133391
-0.245111694437618	-0.409895651198153	-0.290633346871727	-0.431846869993972	-0.3041816227836	-0.161543991883284
-0.247362008761807	-0.438194679223108	-0.300438235233691	-0.466009640553738	-0.322307309925959	-0.170521042336426
-0.243690507974514	-0.453906762070441	-0.302947482881085	-0.487884020913639	-0.331966748796341	-0.178445261513825
-0.233748412478882	-0.45643031052839	-0.2978923168711	-0.496501549723554	-0.332839913234311	-0.184266737058309
-0.217521055044652	-0.446306877199944	-0.285477643522928	-0.491716161962129	-0.325181160960417	-0.186662024485023
-0.195234851395997	-0.424756033663201	-0.266104972121681	-0.473899773462115	-0.309490100476824	-0.184267108482818
-0.167434459136677	-0.393389355326341	-0.240331041327214	-0.443869770829167	-0.286431319672879	-0.176053283810926
-0.135119841451459	-0.354157609040957	-0.209006795117545	-0.403065135504645	-0.256975351714376	-0.161721567435473
-0.0992664260134431	-0.30819141407176	-0.172597694193786	-0.35255229653206	-0.221624147827631	-0.141373515091446
-0.0611188110325396	-0.25657528846592	-0.131824634231225	-0.293884564293128	-0.181141511715027	-0.115863583365738
-0.0219048757716029	-0.20010132683277	-0.0874767216333799	-0.228797661982875	-0.13634978752422	-0.086459949334029
0.0173123055482064	-0.139408423732105	-0.0404277976558759	-0.159176361055145	-0.0881511756090887	-0.0545753525724007
0.0557397647964203	-0.075274463006781	0.00832850061339553	-0.0871106465297338	-0.037586672006904	-0.0215773336196504
0.0927803620910088	-0.00852737329745259	0.0577279848675722	-0.0144885805884424	0.0143087734131998	0.011507469680582
0.128001064369179	0.0595232694406592	0.10657108882714	0.0567341737753754	0.0663579345908493	0.0438457098496792
0.16096366399074	0.127146527082796	0.153570994761389	0.124734148595132	0.117312665577839	0.0747606793793326
0.191075755769205	0.192288881501286	0.197401575740663	0.187917547433465	0.165887616290535	0.103612661634145
0.217651460563744	0.252922972804263	0.236917422334853	0.245144287153052	0.21094334156058	0.129792083082885
0.239424809242848	0.306777839994548	0.270693496011866	0.295270636230219	0.25103435030462	0.152436402083374
0.255188368830145	0.352086936584479	0.297629428286168	0.33763581827474	0.284946307322553	0.170798352477089
0.2638597261246	0.387600162442512	0.316856978673344	0.371861120613237	0.311604710856617	0.184306746530987
0.264709496656841	0.412636609921956	0.327778329915505	0.397750285743124	0.330126453961777	0.192703627051316
0.257729918784801	0.427330220923451	0.330313347443161	0.415494213530137	0.340122262180346	0.196255887834211
0.243033407077488	0.43146390722951	0.324095643669603	0.424483154188821	0.340891801082957	0.195218524465018
0.221469869116099	0.425357834010297	0.309278699770873	0.424362529146873	0.332337694428751	0.190192863663417
0.194264440082736	0.409435755385731	0.286286657225841	0.414741773275337	0.314745114792935	0.181772219095159
0.162786528000396	0.384145911449394	0.255796968910983	0.395275117112063	0.288775442314906	0.170340979145385
0.128454308583542	0.350222114388408	0.218893374079299	0.366082724970554	0.255624575019203	0.156088933355834
0.0921220702951518	0.307805833974809	0.176441271845507	0.326839396075828	0.21622623758015	0.138575397502693
0.0544853161044163	0.257488056469049	0.129676869317967	0.277940371683169	0.171876476680984	0.117352740942894
0.0160107583215455	0.200139808844172	0.079992121215975	0.220270532671293	0.123922479067749	0.0920867247281204
-0.022928036322286	0.136975569950939	0.0288807253478656	0.155206767973555	0.0736778863799721	0.0628182553213111
-0.0619043491407142	0.069636908449468	-0.022116916869787	0.0846488993821411	0.022415156609089	0.0301848370372072
-0.100291666132457	-0.000172141076594368	-0.0715612816935119	0.0105388326886975	-0.0288105764658569	-0.00470387437165724
-0.137246387750716	-0.070499262397343	-0.118124628415229	-0.064929095742935	-0.0789664882145065	-0.0402511816862656
-0.17173788954665	-0.13936881589717	-0.16068210792347	-0.13956224551049	-0.127051087064255	-0.0746847900524847
-0.202650017619063	-0.204907009683646	-0.198353809915947	-0.211287348787947	-0.172053680197497	-0.106373330458111
-0.22905110284046	-0.265579990322409	-0.230669652357202	-0.27836446475041	-0.213079020180205	-0.134181018343634
-0.2498259177823	-0.319726404441722	-0.257006988543511	-0.338930233428735	-0.248882010809983	-0.157330065497072
-0.264239594628774	-0.366072221651892	-0.277077005702085	-0.391470060440503	-0.278407905120306	-0.17567904906848
-0.27182521521775	-0.403559249831208	-0.290710868431877	-0.434660349342063	-0.300740553349701	-0.189487938316127
-0.27236898466327	-0.431315965220051	-0.297801209800906	-0.467353312099323	-0.315190212264985	-0.199184401402174
-0.266069129759848	-0.448947095290036	-0.298504014414344	-0.488877153493528	-0.321613614493327	-0.205289295922507
-0.252847115319193	-0.455518666472223	-0.292395056099134	-0.498084791903207	-0.319576585048447	-0.207727192439331
-0.233020379077846	-0.450662539532296	-0.279342829389976	-0.494435755800184	-0.309224436910551	-0.206332873297573
-0.207126073069097	-0.434349725086158	-0.259325505113639	-0.477808630108278	-0.290989728578099	-0.200784059530996
-0.175936342771856	-0.40695081455954	-0.232501293570146	-0.448583825170602	-0.265526783473951	-0.190753942832774
-0.140576912524404	-0.369521013449977	-0.199462522932075	-0.407956020387103	-0.23385391882794	-0.176202317940053
-0.102025950314708	-0.322856327358421	-0.160611160768534	-0.356963528316252	-0.196553663749825	-0.156997397463682
-0.0614784552228884	-0.268343757852818	-0.116844146786094	-0.297358040546384	-0.154496620128058	-0.133410003487066
-0.020107151937454	-0.20758454577192	-0.0693321078378738	-0.231189931062461	-0.108621656467833	-0.105924365649066
0.0210354721493464	-0.142272928996238	-0.0194574883746649	-0.160633772516404	-0.0599477979683636	-0.0751529140234211
0.0610783061024171	-0.074175425393624	0.0312486464416819	-0.0879110291048759	-0.0096375883326104	-0.0418089091416602
0.0993099665944928	-0.00476699096172669	0.0813017991930458	-0.0147943141240429	0.0411946624866813	-0.00654487142490259
0.135123741949463	0.0644770483079453	0.129258572103994	0.057112973839062	0.0913063129359122	0.0298571730349376
0.167909255136832	0.132137297662336	0.173825384065023	0.126487245671069	0.139426769982282	0.0664526805102391
0.196953718570503	0.196795262962388	0.213908968814387	0.192223258471662	0.184310481576503	0.102079923737968
0.221533833534587	0.257132349447102	0.248780012153154	0.253480166560539	0.224925337604883	0.135458070962011
0.24048120342428	0.311425889787259	0.277571439378459	0.309070939469178	0.260040160309078	0.165028180015192
0.25278913214157	0.358089001562124	0.299742249586179	0.357889089853827	0.288710586708932	0.189431153695399
0.257665179996467	0.395629388626041	0.314896003721196	0.398755519719318	0.310171149872059	0.207657434885747
0.254724292467914	0.422779469438149	0.322738261163182	0.43047306941577	0.323846350033822	0.219226434916019
0.244311025410974	0.438922888130053	0.323271496448069	0.452250272399902	0.329604242757265	0.224394177833712
0.226880302523312	0.443179260736101	0.31601170745968	0.462763512062162	0.326930637342543	0.223558528024627
0.203563045223685	0.435481531897744	0.30080383290191	0.461371765164985	0.315796698021325	0.217554187473828
0.175775547745235	0.416269550996664	0.277661704549772	0.447904352102015	0.296444346494453	0.207228432459241
0.144961272438469	0.386413507235228	0.246851629650314	0.422685336403277	0.269399442537697	0.19319740033519
0.112475462021932	0.347362448787749	0.20915134992221	0.386771502115658	0.235671113042614	0.175850035772428
0.07897172779548	0.30007532170262	0.165290891610808	0.340837189914544	0.195979734260995	0.154960574085533
0.0448313945388575	0.245855153805013	0.11658801274189	0.286061055050727	0.15143425497853	0.130337944970972
0.0101350895938692	0.186008182604318	0.0647172046948304	0.223730041427859	0.103248689330059	0.101988042542166
-0.0251333902650837	0.121822752249368	0.0115909477055605	0.155183159688508	0.052673995313632	0.0703727964978958
-0.0608532913008653	0.0546753504903424	-0.0407827037402219	0.0819134653712485	0.00100358925797228	0.0365710707568178
-0.0965625999610285	-0.0142281633472999	-0.0906080184677775	0.00527852070006831	-0.0506515101039948	0.00205678896253098
-0.131371180339247	-0.0834858332038094	-0.136363948657676	-0.0730650998789031	-0.10114766222787	-0.0314317890642206
-0.163998413291115	-0.151551380114472	-0.176959685840559	-0.151200468811181	-0.149348260220996	-0.0623165646631631
-0.192935608462439	-0.216726557613743	-0.211770118210147	-0.226942142652095	-0.194102818080805	-0.0895488361014541
-0.216821773357342	-0.277334553123479	-0.240723654622827	-0.298037649606677	-0.234380198522048	-0.112913538916494
-0.234241340146904	-0.331331249136318	-0.263677339642019	-0.361885584295954	-0.268852096037801	-0.132753174197969
-0.244390542812457	-0.376894715717272	-0.280744030128366	-0.416176261499298	-0.296410788367942	-0.149991837923255
-0.247046863553619	-0.412435137979194	-0.29199434672998	-0.458989781669437	-0.316140339834383	-0.165636080176086
-0.242545118331267	-0.436736867621424	-0.297350951788199	-0.488971898885832	-0.327412701602588	-0.180312678594984
-0.231828397322663	-0.449361644208633	-0.296798688118483	-0.505696435088008	-0.330202279075026	-0.194062065067343
-0.215611424227947	-0.449733800087743	-0.289635265457078	-0.508725927800931	-0.324266330563036	-0.205725955017716
-0.194819174658551	-0.438142990941125	-0.27542149658176	-0.498452139977394	-0.309962498723527	-0.21360807019995
-0.170247744008408	-0.415401956868272	-0.253909590463472	-0.475685619502478	-0.287937936259567	-0.215739248457506
-0.142489204895698	-0.382720011046567	-0.22518322538095	-0.441503240323367	-0.259029803435899	-0.210401637958241
-0.112071033765463	-0.341785738199578	-0.189917999941072	-0.397389394291157	-0.224370248654198	-0.196750219696657
-0.0791029281666164	-0.293699813375152	-0.148737876548842	-0.344286136986956	-0.184582540714629	-0.174640187426611
-0.0438422995429956	-0.239725428252303	-0.10277940450663	-0.283516265512574	-0.140471441485859	-0.145138918903968
-0.00669229509754723	-0.180964460261696	-0.0533816475322677	-0.216586244776487	-0.0928264142973334	-0.110163653806524
0.0317137795746298	-0.118378943685616	-0.00195231514183309	-0.145248573263285	-0.0424677735612138	-0.072069051778559
0.070493330611307	-0.0529729231235576	0.0501064195349076	-0.0716077998134851	0.0096394798049828	-0.033215291554717
0.108553658489625	0.0143427841671245	0.101559864734946	0.00225997130122185	0.0625352017214667	0.00454775230601896
0.144691435563478	0.0823188774275209	0.151219809767732	0.0741186261725627	0.115040527231979	0.0399575558014384
0.177709396410587	0.149364012862767	0.197929793844591	0.141860635110651	0.1658350236581	0.0723696860729351
0.206527978543434	0.213560446504618	0.240511304588467	0.203707788831318	0.213509528635596	0.101579147996663
0.23039765150194	0.272947166125428	0.277871262029633	0.25851675170215	0.256769212807115	0.127643189590556
0.24849733217996	0.32523534052943	0.308592830637585	0.305329258128417	0.294095582373246	0.150372731337155
0.260380217300304	0.368585472505809	0.331477600318909	0.343836025539704	0.324250834189928	0.169485563583941
0.265819724846257	0.401694863012325	0.345556866236804	0.374083595192493	0.346226940374458	0.184544864133879
0.264764716035426	0.423923470911891	0.350230209136107	0.39626326389045	0.359291489084785	0.195086163174097
0.257474619318956	0.435574550105358	0.345570876331315	0.410812778691774	0.363246843895803	0.200911281426676
0.243871399535404	0.43670648652132	0.331630128444347	0.417183212926141	0.357637668999675	0.201784997205661
0.224153232113358	0.427931582090112	0.309102176055812	0.41489431003061	0.342558830630065	0.197899389302928
0.198640032279574	0.409875010898585	0.278994644829521	0.403310494485115	0.31842756540637	0.189673093058936
0.167808090258085	0.383003610572456	0.242471392458047	0.381826597513689	0.285972358605939	0.177592523989002
0.132451004023287	0.347851678385782	0.200872082299836	0.350386952818721	0.246401569268102	0.162166482605225
0.093258288393926	0.304206661298865	0.155047652903406	0.308693379693484	0.200669530648483	0.143379209094155
0.0512471627104559	0.252257342230516	0.10592317685688	0.257354073133577	0.150098703746791	0.121134848122966
0.0076066389125271	0.192587105949108	0.0543979848156097	0.197614385355317	0.0961109724879496	0.0952668835633791
-0.0363635013393101	0.126372048771001	0.00145329601699253	0.131255462547119	0.0401553220337895	0.0657550959706888
-0.0793396621408528	0.0555205948503733	-0.0517183134244428	0.0604861859213564	-0.0163026878899107	0.0329838749886158
-0.12006249568884	-0.017723768239512	-0.103762020378716	-0.0126100321189151	-0.0720048264436329	-0.00223951920210342
-0.157437747286134	-0.0907467121206487	-0.153098126110883	-0.0859623950685654	-0.125729661097868	-0.0385527716233322
-0.190596717905257	-0.160974352812299	-0.198072461835123	-0.157739842205528	-0.176339393402433	-0.0742239132653
-0.218924328895496	-0.226173973072096	-0.237141021827724	-0.226379245109882	-0.222760875285928	-0.107420197843798
-0.242168354551119	-0.284788979063527	-0.269205599814689	-0.290664392667699	-0.264095837643071	-0.136607146201405
-0.259975452801665	-0.33547546564699	-0.293309039071325	-0.349106857685786	-0.299195597534553	-0.160532416759363
-0.272247070218977	-0.377481314526579	-0.30917591249185	-0.400318234255096	-0.327115112655445	-0.178659675215699
-0.278942849406901	-0.41030532652876	-0.317039569147101	-0.442807497449477	-0.347043972931612	-0.191081193431485
-0.280016568492069	-0.433496730533761	-0.317496521636893	-0.475010099157887	-0.358368865300915	-0.198360612303165
-0.275550852804782	-0.446825697914515	-0.311519136596938	-0.495699448837734	-0.360963745675143	-0.201430828748123
-0.265168412570974	-0.449325313466326	-0.299466572982825	-0.503220229316298	-0.354432027403751	-0.200808684548011
-0.248678979438609	-0.440435182884252	-0.281708710213193	-0.496695107139807	-0.338922976557978	-0.196901749206698
-0.225989060231043	-0.419951851715122	-0.258356940577753	-0.475946220364075	-0.314891429367351	-0.189775957524543
-0.197198604510318	-0.388237847465784	-0.229334882355703	-0.441598073603982	-0.283058435999377	-0.179194986354155
-0.162803414836503	-0.346574875079079	-0.194720591962198	-0.39530893512646	-0.244552040390302	-0.164887859490268
-0.123361620344373	-0.296209214805283	-0.154348922281369	-0.33872472008831	-0.200160513599717	-0.146290756170428
-0.0799046678337408	-0.239034472087666	-0.108620043678882	-0.27414492350085	-0.15097174215546	-0.123164543590563
-0.0337901099805847	-0.177038371386896	-0.0584451943651973	-0.203997178509528	-0.098145526192522	-0.0955914272751135
0.013384887267363	-0.112019311848285	-0.00525005644501284	-0.130601833163643	-0.042897764461418	-0.064017876314064
0.059914941040312	-0.0454897136488178	0.0491225826863548	-0.0561026645707304	0.0134610084902901	-0.0292620457746072
0.104126956235669	0.0216065396260324	0.102712128142257	0.0178957815220541	0.0697016848767778	0.00770741500402215
0.144543508279283	0.0884486676756795	0.15360898768619	0.0899673177802433	0.124523564848978	0.0457271338037081
0.179994636686337	0.154156543466127	0.200197451393761	0.158851146326058	0.176626100208087	0.0835639331163614
0.209685686703643	0.217530939902163	0.241288877468443	0.223335576970665	0.224740369966097	0.119974403593339
0.233324689556329	0.277062930046153	0.276271533779562	0.282338622115427	0.267790006737162	0.153827382132754
0.250667534637673	0.330460720044742	0.304579918344072	0.334361982057734	0.304510134970445	0.183857503683213
0.261848038836583	0.375412206377882	0.32599517708893	0.378096342902331	0.333909333384244	0.208990789801284
0.267141519835791	0.40981286526964	0.34035367963764	0.412388357434799	0.355185420105341	0.228329255924538
0.266848247225975	0.432153959304131	0.34742892605905	0.43636753800958	0.36775415895836	0.241223554544137
0.261367094217707	0.442099809978552	0.347093554055468	0.449857093809706	0.371491091133781	0.24748821738035
0.250575073268002	0.439527775621225	0.338705971591326	0.452303396517414	0.36599149051745	0.246913843378469
0.234427955489653	0.425420933319859	0.321935300154508	0.443844649839656	0.351344135966419	0.23977181019737
0.212859337451442	0.401252125431849	0.29673713990514	0.424906588323793	0.32792201111189	0.226606883471294
0.185885634357681	0.368593753604138	0.263495870749229	0.396092303894068	0.296374909257655	0.208137543401122
0.153837451524805	0.329044920712015	0.223245023127315	0.358377361078762	0.257787891298923	0.185277532571018
0.117057948245867	0.28315024039777	0.177088225550376	0.312062875136027	0.212996077460234	0.158573501093183
0.0763646069417379	0.231358938612488	0.126616621394669	0.257813476459873	0.163172188599914	0.128625179882122
0.032930967383164	0.173982582335422	0.0735691772288912	0.19644338928742	0.10958803477188	0.0959661173787431
-0.0117818647056162	0.111505331472972	0.0196424832964375	0.129014075959092	0.053564647877581	0.0611296427227565
-0.0561561288685624	0.0449412875673674	-0.0336371158122311	0.0570041158546082	-0.0035242912193921	0.0247803542787122
-0.098560524013213	-0.0243067458551807	-0.0850570935118712	-0.017995766657516	-0.0604278441622602	-0.0123462478498381
-0.137532100952459	-0.0942026744244895	-0.133637415313301	-0.093989188981794	-0.115879841219518	-0.0492570695618291
-0.171897363952243	-0.162379379586746	-0.178570247320952	-0.168775565887595	-0.168644405497057	-0.0847697839614915
-0.200842783391655	-0.226454571544801	-0.219114695702468	-0.240092457599086	-0.21751963593517	-0.117606072455629
-0.224039617118772	-0.284488660035173	-0.254648807452588	-0.305911346817895	-0.261480492763037	-0.146613930021717
-0.241173633351126	-0.334691100785351	-0.284177398609514	-0.364069053557021	-0.299269921339284	-0.170663835581839
-0.252278429653003	-0.375976781732124	-0.306853927603473	-0.412850505080735	-0.329886684737001	-0.189053384344894
-0.257510088374657	-0.407730271630055	-0.321947143046964	-0.450894129795788	-0.352511484644508	-0.201514264852151
-0.257059011809963	-0.429620770311512	-0.328962545501914	-0.477203268824757	-0.366551536912423	-0.208212169590297
-0.251260653800854	-0.441703429842002	-0.327949816839384	-0.491431078890668	-0.371893332663036	-0.209815508912487
-0.240023569516539	-0.443321797492193	-0.318813584490801	-0.49288898685501	-0.368132005311849	-0.206822599235484
-0.223437136318761	-0.434134064744482	-0.302016351975671	-0.481566947749938	-0.355341010401237	-0.199914525226644
-0.201666161443487	-0.41397187636734	-0.278270777639001	-0.457873548901068	-0.333829819045535	-0.189645256611337
-0.175009617548636	-0.383036522122373	-0.248407575691114	-0.422650124045918	-0.304119727209616	-0.1763333821081
-0.144041119616982	-0.342323631405492	-0.213412131614456	-0.377426039147876	-0.267106453346878	-0.160166584196548
-0.109262543338082	-0.292761341192451	-0.173783971096752	-0.323406867542312	-0.223408583766267	-0.14078769484375
-0.0714385146262903	-0.236039335518234	-0.130101396923825	-0.262337247053343	-0.174004263544555	-0.11789521907236
-0.0314580839106587	-0.174137100675761	-0.0829277381427043	-0.196104798981377	-0.120047046750383	-0.0912854144873953
0.00970774981960819	-0.109056372039718	-0.0329246945308651	-0.126619335553363	-0.0628555684158989	-0.061027746963649
0.0510519104315508	-0.0426573463601721	0.0190185261271144	-0.0558091480046741	-0.00392174700211244	-0.0276301817154006
0.0915285072529044	0.0237368692137849	0.0717680124294231	0.0147649396878087	0.0552734310139975	0.0080515335839292
0.130103406746717	0.0890532410157853	0.123894836015068	0.0835826127901785	0.113192750944434	0.0447324766373434
0.165758711341219	0.15239466666363	0.173767275992252	0.149236107860203	0.168347847944754	0.0808894008966597
0.197515015551018	0.212822587561777	0.219690697843585	0.210396436132722	0.219355880343356	0.114972348181346
0.224590741398713	0.269328273627879	0.260202443193106	0.265959576997955	0.265105750772689	0.145707177348919
0.246037093147311	0.320211412259181	0.293790098744108	0.314517879262531	0.304336230315857	0.172007973197916
0.26122501367216	0.363707026735291	0.319448730087458	0.354970143059894	0.336085566320396	0.193328940259121
0.269772395764559	0.39805387174774	0.336590928849333	0.386440318276942	0.35956432287208	0.209566386221703
0.271564202234426	0.421787721395941	0.345016779544854	0.408340002078416	0.374161707611528	0.220924430807529
0.26689542923074	0.434321408623659	0.345024934291335	0.420719377837499	0.379684801606931	0.227848262848
0.255859317540757	0.435021194068836	0.33666471001261	0.423112169282826	0.375645204498185	0.230331650938354
0.238840478173049	0.42427329527654	0.320326197530984	0.415609179574093	0.36206766469975	0.228237149672107
0.216288963997442	0.403009789797251	0.296511171434063	0.398450478137756	0.339315216101565	0.221126752965069
0.188681515539006	0.372437302451999	0.26583159044234	0.371955133240436	0.308101724644366	0.208365523408
0.156625360312293	0.334020652338354	0.22917599025983	0.336786983889737	0.269635697596121	0.189475507034883
0.120539351016008	0.288363244403139	0.187236145981558	0.292965957592231	0.224935445771611	0.16396819868067
0.0810750745433803	0.236088538889414	0.141027021194736	0.240985914447789	0.175335772259636	0.132074299258414
0.0390768524031957	0.177697987578394	0.0917269585492004	0.181638864177101	0.122203169293276	0.0947746178484667
-0.00439094595037885	0.113804838457662	0.0406324694830251	0.116114448988072	0.0668462388943505	0.053795658948175
-0.0480856933076082	0.0454593597072409	-0.0109003473824352	0.046124179086155	0.010497490446723	0.0114547316459317
-0.090635901461223	-0.0259290539068149	-0.0615622443050041	-0.0264645252775414	-0.0457929910439141	-0.0298182830913312
-0.130718414760678	-0.0983081458751987	-0.110121675655155	-0.0994464193154741	-0.101002441788031	-0.0677611476256158
-0.167181194022925	-0.169201519465665	-0.155467118824359	-0.170558043480526	-0.154093792582068	-0.100705523918262
-0.199144687465039	-0.235989117580596	-0.196614999701135	-0.237669807398745	-0.203950073858373	-0.127829660302472
-0.226159117881337	-0.296405043781258	-0.232840814306902	-0.299083570350387	-0.249484538191171	-0.149296628851303
-0.247748011281591	-0.348290699154085	-0.263187534451206	-0.353094920014183	-0.289201810460261	-0.165800484701625
-0.263741802628716	-0.390313584897529	-0.286965996400678	-0.398489817915652	-0.321770107694664	-0.178521026617176
-0.274031893725786	-0.421823194608221	-0.303630765269949	-0.434325637419153	-0.346018286297871	-0.188631906815969
-0.278468125084229	-0.442704962053349	-0.312810377090069	-0.459834773557436	-0.361075615202675	-0.19691990670463
-0.276972432527144	-0.453433489206801	-0.314547167798663	-0.474636425392439	-0.366708719377631	-0.203687819962252
-0.269034853417903	-0.453822046024223	-0.308594988995656	-0.477767946414921	-0.362583264201034	-0.208179026857258
-0.254385796503024	-0.443884033971979	-0.295163503790999	-0.468730204306388	-0.349047924934358	-0.209244537575892
-0.232989097766437	-0.423533003924359	-0.274681642309549	-0.447349036868801	-0.32682390594676	-0.205504486170669
-0.205181105874452	-0.39271151744718	-0.24775104528956	-0.413920860614497	-0.29688238735107	-0.195720685852302
-0.171845923115523	-0.351864757527197	-0.215241170190893	-0.369572234046919	-0.260490765220271	-0.179271057408179
-0.134037945617084	-0.301284872488093	-0.177703143392101	-0.315366274618461	-0.218488135268716	-0.155877977450317
-0.0932249258225777	-0.242156331181704	-0.135882491160846	-0.253121124666921	-0.17186027701554	-0.12613054466704
-0.0509971143731016	-0.176317392743521	-0.0905644205109723	-0.184979229553288	-0.121560300592726	-0.091236050154398
-0.00886281830091757	-0.10611594013003	-0.0425987995432275	-0.11319482438046	-0.0685514573205233	-0.0527932371601431
0.0319356415575087	-0.0342044202866306	0.00705471460955504	-0.0400171205401713	-0.0138903728934142	-0.0125607677533875
0.0704503802063586	0.0370356720035321	0.0573360780530664	0.0327362266976279	0.0413204202230153	0.027907557926306
0.106077228181242	0.105527998849643	0.107046511585217	0.103427829949935	0.0958279513764157	0.0672754072253017
0.138439830934523	0.169741070469517	0.154880659279211	0.170640024585246	0.148284184647266	0.104501574949768
0.167247893663738	0.228689455850929	0.199480005140798	0.233077695851687	0.197309943583444	0.138788606214502
0.192289236862362	0.281949874954148	0.239640689108961	0.289636121048242	0.24171769544217	0.169575121747197
0.212928111258212	0.328847769310682	0.273943979549011	0.338804623310737	0.280117222031117	0.196140307527391
0.228559152221244	0.368784467291534	0.301309251815618	0.379263936276241	0.311469313817862	0.217860088575057
0.238566490055598	0.400921353281602	0.320915191879653	0.409846498719846	0.334981386199842	0.234143493818818
0.242454186419792	0.424171157834678	0.332227291225686	0.429693295763459	0.350111467465126	0.244504405919998
0.240131242607785	0.437645215007245	0.335181419756738	0.43871979522357	0.356773446890739	0.248808558075003
0.231447146430928	0.439879818858667	0.329522848634063	0.436572329623451	0.354547692046979	0.246806659428773
0.216771048394967	0.430170356399797	0.315441700697662	0.423731399807244	0.343457080430898	0.238687389638622
0.196767303586646	0.408505623663251	0.293360357912292	0.401069236441653	0.323750087764364	0.224890367384876
0.172281960309694	0.375650430061007	0.263916718440733	0.369656726641913	0.295918248998155	0.206019500098957
0.144317411236739	0.333303689456824	0.228092307441706	0.330846848931979	0.260883537194688	0.182867651675456
0.113568448566401	0.28294913818355	0.186716787079393	0.285104685708911	0.219393532829931	0.155868700410938
0.0807527907137406	0.226430213518669	0.140952766009923	0.232979241513744	0.172610593559623	0.1255112138674
0.0465128340737213	0.165396683329952	0.0921307939196217	0.174887156595003	0.121880962342305	0.092231844962905
0.0114688448550139	0.101133691669051	0.0417087772004471	0.111290756170315	0.0686566042205802	0.0564894943177332
-0.0237295581281367	0.0346366179450372	-0.00877881595720308	0.0430062034253866	0.0144277684590867	0.0188954171975132
-0.0583223120351102	-0.0334569212107424	-0.0578422036105729	-0.0289014994658744	-0.0394400133802476	-0.0198357294858087
-0.0914774099398296	-0.102335086785447	-0.104087730211109	-0.10271170474014	-0.0916791327422097	-0.0587285596505169
-0.122325229922089	-0.17079745595009	-0.146311052518119	-0.176163878703308	-0.141165971727195	-0.096622779101228
-0.150033452459862	-0.237079400202345	-0.183561718807094	-0.24662535024024	-0.186909093528533	-0.132271219014799
-0.174010388286036	-0.299028508051667	-0.215315837415709	-0.311522316082335	-0.228164134142245	-0.164557509945357
-0.193532727820757	-0.353783090686106	-0.24100426646989	-0.368123484554361	-0.263897571518614	-0.192335692951486
-0.208204748452073	-0.398706573521552	-0.260467571661644	-0.414365126735536	-0.293284382887562	-0.214814400519621
-0.217806784840606	-0.431671570869647	-0.27374723639852	-0.448886766459993	-0.31557713340634	-0.23150509119996
-0.222241092874458	-0.45141972039438	-0.280996212286435	-0.471080119978326	-0.330148461685126	-0.24218879328322
-0.221626908314498	-0.458034702396821	-0.282593428022205	-0.481294178091407	-0.336780392505254	-0.247002907057506
-0.215730200300631	-0.451844125363262	-0.278356153969853	-0.479627163926236	-0.334931973303001	-0.245786245522483
-0.204518894335073	-0.434186139116499	-0.268246002441146	-0.466728970198035	-0.324595185338353	-0.23859076638158
-0.188047009937404	-0.406721253703436	-0.252178240201357	-0.443317756784443	-0.306077453878347	-0.225510954584281
-0.166518137564494	-0.371041512616119	-0.230088246739994	-0.410071109590056	-0.279974753817705	-0.206729149141868
-0.140447648549455	-0.328656063188706	-0.202183680982958	-0.36789712455146	-0.247282023508145	-0.182742229271065
-0.11032640434211	-0.280029842920236	-0.168507351291055	-0.317076176715872	-0.208702200325794	-0.153931960224945
-0.0769836243365492	-0.225606483172465	-0.129579171184241	-0.258369501260917	-0.165192852190534	-0.121120201292284
-0.0414206060349309	-0.165831190424954	-0.0862776478433751	-0.192905796778373	-0.117734576161096	-0.0854063710631543
-0.00472443098299395	-0.101455004429952	-0.0398194041473933	-0.122280913035459	-0.0673148633525435	-0.0480769820463735
0.0320389980149376	-0.0338154163061991	0.00831054310424521	-0.0486382800856494	-0.0149657887102696	-0.0104941887020279
0.0678477717772917	0.0353787724793716	0.0565416254125657	0.0257515457837192	0.038268967997571	0.0262051620694405
0.101806297763974	0.103955775562776	0.103313182269113	0.0984046579518129	0.0912100128737823	0.0611147071321878
0.133129170219715	0.169651675614549	0.147217468271261	0.166967802662474	0.142543408373089	0.0936633694587286
0.161111540183297	0.230445672174209	0.187081754121719	0.229458325676671	0.190836171690015	0.123585971030077
0.18522361157118	0.284984416978697	0.222119520152365	0.284600631064503	0.234742857247926	0.150897354979297
0.204658183010191	0.332112378643592	0.25145871212544	0.331304574515377	0.272615432087341	0.175413645789321
0.218800238361877	0.371348326497191	0.274534949847274	0.369188394223909	0.303131704478189	0.196895856795628
0.227154375761904	0.402491064482726	0.290894389421556	0.398258953674674	0.325275492497571	0.214857471177909
0.229416310932095	0.425335066294541	0.300151634654619	0.418705139600438	0.338425466401718	0.228556009019347
0.225695090721002	0.439760449294325	0.302179879468836	0.431024724332282	0.342613500559874	0.237248593547697
0.215991268621034	0.444601706320135	0.2965064509657	0.434754514007286	0.337728566012419	0.23983063519814
0.200745603820033	0.438843853771452	0.283073443309668	0.42956611230191	0.324238375398443	0.23558787921927
0.180615417752214	0.421604042009622	0.262130974005745	0.415007482995504	0.302864825529918	0.224228445718322
0.156378379136591	0.392469832630762	0.234292622215678	0.390648493453389	0.274481225929279	0.205980686477777
0.128928886373578	0.352029735262048	0.200671624341617	0.356548925043834	0.240197890118112	0.181712066405153
0.0988417499097996	0.30107129180287	0.162322927242444	0.312441980508722	0.200713670736235	0.152331153989414
0.0667001086761265	0.241387252338097	0.120626070945941	0.258854099861437	0.156923016741795	0.119066246950165
0.0330094018806631	0.175238015209241	0.0769934503380139	0.196870003675093	0.109757421261025	0.0831439009158156
-0.0017396555114592	0.104986043606252	0.0327354981346349	0.128096353895424	0.06021652227397	0.0456559924287944
-0.037008190933183	0.0328284022271282	-0.0110150759642304	0.0546342286547719	0.00940725562460962	0.00755302242720211
-0.0720797247179159	-0.0396412529197068	-0.0533880754264214	-0.0213760025199329	-0.0415242606305709	-0.0304328739398408
-0.106086698240768	-0.111190934569877	-0.0936792976741495	-0.0976266381770584	-0.0913431614899622	-0.0675502438763459
-0.138020911136908	-0.180839689447095	-0.131287428926601	-0.171875780427742	-0.138800994235601	-0.102954036121395
-0.166811240425465	-0.247575783783614	-0.165622723329493	-0.24205424606547	-0.182697115384782	-0.135649104443608
-0.191560580217763	-0.310247887196765	-0.196176715561338	-0.306475050961229	-0.222091370024393	-0.164605410454464
-0.211230262831151	-0.366902222913919	-0.222044530325575	-0.363349525247132	-0.255817296314688	-0.188623058470927
-0.225171899082166	-0.415375357636161	-0.242448099113255	-0.411292584366232	-0.283039665293214	-0.20679359826487
-0.233044863856912	-0.453398549165328	-0.256691647284715	-0.449163421181139	-0.303111697321221	-0.218607544511669
-0.234802101011216	-0.478968488307589	-0.264266741277094	-0.476050464261675	-0.315572546440627	-0.224061531735875
-0.230778660170933	-0.491005052049145	-0.265143762562195	-0.491552234606072	-0.320377416798785	-0.223793062120877
-0.221082472844878	-0.48862685323225	-0.259090294588027	-0.494806657733714	-0.31709126085146	-0.218405566261224
-0.206062665376255	-0.472214267775084	-0.24639035333328	-0.485513460705401	-0.305730112503563	-0.208757424342205
-0.186108793905121	-0.442993475569616	-0.227565790185598	-0.463705892793546	-0.286545682486993	-0.195555729941494
-0.161650229229826	-0.4027455387679	-0.203281739314296	-0.429806735573814	-0.260038257340831	-0.17916767677018
-0.133285764780368	-0.353702809443307	-0.174409611050531	-0.384931352244755	-0.227123463745327	-0.15970192059285
-0.101515244719223	-0.29738318788274	-0.141429091693935	-0.330010713878266	-0.188491813162616	-0.136640624997231
-0.0671327252627876	-0.235295511658072	-0.104974286000929	-0.266673327063698	-0.14518500722104	-0.109555081391043
-0.0311394696974972	-0.168696066663255	-0.0657115373174084	-0.196929529544087	-0.0983511481928736	-0.0782644259601356
0.00529634168826974	-0.0987299981213224	-0.0244005830951028	-0.123062587354786	-0.049182850137658	-0.0430881412719006
0.0409575179088776	-0.0266915002409096	0.0180400372738469	-0.0475566575496159	0.00111732850081396	-0.00499968032077846
0.0746271334856037	0.0460288209338001	0.0605629059772798	0.0273585051740556	0.051412323410683	0.0345589981890042
0.105286860736142	0.117657779288819	0.101970862370173	0.0995915007682083	0.100561505151669	0.0737874159144329
0.132193510346543	0.18617831308065	0.141015036828667	0.167391712809994	0.147424673501675	0.110897639050866
0.154912864831735	0.249514564175588	0.176505242420437	0.229405207035314	0.190846175200629	0.144448592519535
0.173410771318895	0.305940960389901	0.20754693839977	0.284827856388658	0.229809898333539	0.173661918088079
0.187522247532545	0.353703661506099	0.233183562575653	0.332745500515836	0.262960098420291	0.198171455094574
0.197279798649524	0.391732139096236	0.252869776423848	0.372604507330393	0.289189779184482	0.218183362422327
0.202682059938634	0.419474921393665	0.26631863566677	0.403935764773086	0.307592547157168	0.234103480847484
0.20363686394107	0.436794287772345	0.273433058087212	0.426277997204955	0.317561144315455	0.246203802302993
0.200125245188108	0.444106243726858	0.274416745018084	0.439491303989628	0.319089303106433	0.254500078135854
0.191734337900886	0.441177909117052	0.26903731426568	0.442660012535266	0.312008919564792	0.258158530768024
0.178330662646529	0.428093451370006	0.257292737620025	0.4353330156638	0.296769834620878	0.256092398710766
0.160011642169149	0.404959773506042	0.239248073530315	0.417317554893449	0.274135027055009	0.247109642980786
0.137176940619585	0.371990745738219	0.215108289701822	0.38877403563466	0.245071304866456	0.230293318707568
0.110625773747217	0.329889124606519	0.185441730185986	0.350538115237355	0.210797162294565	0.205494079257421
0.0811513726699052	0.279049323070809	0.150763453622064	0.303113312909214	0.172102182356113	0.173068536790755
0.0497801882297509	0.220526838196146	0.112057402842595	0.247581741892231	0.129894931173363	0.134367517143752
0.0175335142514274	0.155763259307762	0.0705934662785744	0.185230274178118	0.0850262048072941	0.0913976944838562
-0.014678731326583	0.0865062083273402	0.0278301066456986	0.117471725308091	0.0383282208343037	0.0464641760512468
-0.0461337311798244	0.01474385244519	-0.0147146516105471	0.0458818143103158	-0.0093146033945477	0.00179262155676286
-0.0761902668695662	-0.0576132556405827	-0.0556446561470244	-0.0280699809769056	-0.0569577777161663	-0.0409281750334856
-0.104291671994244	-0.128623279470093	-0.093763750281637	-0.102707270685596	-0.103507903530705	-0.0806169692545088
-0.129863772767751	-0.196427184959192	-0.128163255226796	-0.176183123611906	-0.147760068022984	-0.11681804746965
-0.152259233571332	-0.259273188849122	-0.158236631268127	-0.246474397265085	-0.188459137498071	-0.149508268152661
-0.170891275156498	-0.315705235116775	-0.183781968698359	-0.311603440113234	-0.224548101722796	-0.178902531213516
-0.18486715683562	-0.364017195319277	-0.204450781013607	-0.369225846988188	-0.254743574169357	-0.204825439119329
-0.193554251634846	-0.402897552536957	-0.22015137446366	-0.417370210667091	-0.278151459792888	-0.226862059891754
-0.196595696770389	-0.431349946224959	-0.230845592446499	-0.45447282227961	-0.294178171039994	-0.244232831007795
-0.194008685045933	-0.448770490678647	-0.23650749950058	-0.479517681040262	-0.302543874182695	-0.255928315005336
-0.186351059482688	-0.45528308584344	-0.237323028292513	-0.492376724390183	-0.303487100391871	-0.261118151170007
-0.174114685401497	-0.450703066497462	-0.232967669502707	-0.492741730601982	-0.296890359826572	-0.258883073267802
-0.158101563685301	-0.435485654043719	-0.223382747379441	-0.481006487759572	-0.283034106282693	-0.248997717520784
-0.139082679926702	-0.410323593635522	-0.208597170212627	-0.457811590823587	-0.262309948063869	-0.231870261932874
-0.117640284461926	-0.376029363043041	-0.188756141728182	-0.423906264873637	-0.235192738100668	-0.208485765605572
-0.0941782312312675	-0.333694676029853	-0.164293758763009	-0.380345425526957	-0.202415715166994	-0.180342867138661
-0.068660937707481	-0.283804584862341	-0.135393852323891	-0.327624911936563	-0.164380115963932	-0.148745883785381
-0.0410691828391616	-0.227144685217849	-0.102548960126697	-0.266699525248525	-0.121817621465584	-0.11500413559596
-0.0115040962439675	-0.164644444394499	-0.0663973033031581	-0.198875526600182	-0.0756396198476334	-0.0801287619564116
0.0196304890872121	-0.0974765682449803	-0.0277175971618303	-0.125916688967881	-0.026946456539179	-0.0447791847235343
0.0515545402904142	-0.0271781211043951	0.0125717279308169	-0.0501201155890924	0.0229825484914681	-0.00935860425862594
0.0830486794592267	0.0445675266129868	0.0534697728733262	0.0260932988856032	0.0727869571676597	0.0259493453477197
0.112677167642793	0.115797365790569	0.093871646456173	0.100160543751182	0.121033019004978	0.0608993182490666
0.139009894336043	0.184468438215655	0.132618447215698	0.169758560449165	0.166312542862639	0.0950864117581375
0.160880559123235	0.248613948115068	0.168540747375407	0.233073894517654	0.20731535486381	0.12789438301614
0.177713533278479	0.306655755818314	0.200644576927878	0.289128411777977	0.24303916254432	0.158632199843292
0.189162697236432	0.356882456148095	0.22770500142172	0.337184132999026	0.272308572293404	0.186298873159381
0.19547953205128	0.398077961024025	0.248787176100904	0.377162079377875	0.29431277451799	0.210046487910836
0.19721298272433	0.429328228342171	0.263173067174038	0.409194298172725	0.30847760034765	0.22918241043436
0.194971522942468	0.449978214514997	0.270409597039433	0.433321569062921	0.314476861923147	0.243203849505156
0.18935910627765	0.459911131952034	0.270535402184411	0.449596911361322	0.312467480878076	0.251933282607441
0.180304713526443	0.458479259297245	0.26341806983659	0.456880530156268	0.302311525365542	0.254856963599201
0.167600219495553	0.445623993259011	0.2494152151103	0.454088522442194	0.284363106027315	0.251639279515118
0.150871868957042	0.421629558641029	0.229141679490818	0.440131425315137	0.259232023205177	0.241936253672814
0.129786547048655	0.387164170671654	0.203403782143778	0.414242573515823	0.227751926836246	0.225454920729209
0.104361007389388	0.343525925234315	0.173258999027768	0.376555406708259	0.191094843297211	0.202231508522858
0.0747971288432225	0.291674759960504	0.139440006104377	0.327286666126452	0.150119783897353	0.172305156480533
0.0418678862424249	0.233001731759915	0.102798723652674	0.267732508657568	0.105906254014984	0.136367928352791
0.00675225163873262	0.168937621850821	0.0641390079616118	0.199837110184292	0.0595325055757737	0.0956861697742036
-0.0291290725023526	0.100847591265509	0.0242350450014731	0.1259381965157	0.0120502388883512	0.0520303594372585
-0.0643492131157213	0.0300550580393327	-0.0161098084836917	0.0485684957580392	-0.035503292519838	0.00749221132051175
-0.0975812100971249	-0.0423277517053319	-0.0560381304772962	-0.0300618659335796	-0.0821344767140643	-0.035925236805706
-0.127797079312018	-0.115058955159676	-0.0945506596653762	-0.107892798332104	-0.126803910376736	-0.0765315767463276
-0.154285926512521	-0.186682830143431	-0.130520496758987	-0.183096824081383	-0.168434705927472	-0.113225648490379
-0.176609078860604	-0.255416835507676	-0.162753616450478	-0.253994436333564	-0.205928368117269	-0.145584391114575
-0.19463025396284	-0.319305531503504	-0.190246879218382	-0.319110217608407	-0.23837093002378	-0.173856022239426
-0.207988682270791	-0.375748667165935	-0.211863159020708	-0.376564854722846	-0.264585843135223	-0.198366140343905
-0.216455089421138	-0.422321808215706	-0.22695496046245	-0.424655751126535	-0.283750502622467	-0.219490939415761
-0.219798646743607	-0.456923394528459	-0.235326492220644	-0.461818811913963	-0.295333674723774	-0.237245132252393
-0.217822342166329	-0.478081176916185	-0.237242057284918	-0.486800937012523	-0.299141780258201	-0.251099720467379
-0.210573207888351	-0.485473813043097	-0.233543289143061	-0.499127015320419	-0.295541682355026	-0.260175357075572
-0.197891996583531	-0.478951746864129	-0.224754056914008	-0.498189336533064	-0.284603839261425	-0.262906106302866
-0.179971378921136	-0.45948683794928	-0.211600278555294	-0.484292271653561	-0.266809895179388	-0.258003638215479
-0.157213027758205	-0.428638028545771	-0.194626718357461	-0.458285371546776	-0.242725815567997	-0.244716246346401
-0.130203093230595	-0.38823924795727	-0.17410009836367	-0.421414590450063	-0.212926924177475	-0.223146210514754
-0.099757798270232	-0.340353908299677	-0.15017567465489	-0.37541477005129	-0.178137059104303	-0.194494738483936
-0.0665900645977897	-0.286172523575267	-0.122488262496706	-0.321434535449515	-0.138667155959129	-0.16042593123602
-0.0316018669293484	-0.22684853037323	-0.0908862502757708	-0.260885071233193	-0.0950864287520425	-0.123190004666817
0.00420736143817402	-0.163323257257378	-0.0554870031105987	-0.19516755037438	-0.048142705321648	-0.0850102994031946
0.0397417568980125	-0.0965097489512213	-0.0168295061154743	-0.125717118931145	0.00116281107474891	-0.0476420794224581
0.0738583858411768	-0.0275548721723952	0.0240723818647368	-0.0541423228862846	0.0515402471571497	-0.0121213527457747
0.105332282660094	0.0422104363183042	0.0658462387832927	0.0180475630079358	0.101502748591052	0.0213677198008801
0.133031745937199	0.111033306192256	0.106898970854317	0.089163755690127	0.149413575826779	0.0531865251336315
0.15601604783062	0.176902098816275	0.14565273591218	0.157492515894717	0.193652835525942	0.0838957368323266
0.173647939683946	0.237758638572992	0.180743129656677	0.221389694086156	0.23276818723331	0.113843752113948
0.185790464637847	0.29194025990109	0.211263763112322	0.279547454665114	0.265741254971036	0.142949773329417
0.192382356877676	0.337780690187219	0.236342486866127	0.330458612648912	0.291539438005632	0.170278706808537
0.193794695786987	0.374359525433253	0.255493035846222	0.373036776490176	0.309612461950523	0.194486164673718
0.190580156621373	0.401311094821765	0.268368094233341	0.406432588442885	0.319698177864055	0.214033319106373
0.183316832867279	0.41867662959519	0.274650085188432	0.430003104487154	0.321745912910337	0.227564160942034
0.172616406487529	0.426997608870138	0.274201395296451	0.443629885910004	0.316067235391884	0.234388017493514
0.158539050784236	0.425977618459489	0.266463909021688	0.446560175445734	0.302546160483049	0.234083278046778
0.14111737918093	0.415463391498135	0.251250754783958	0.438616430177767	0.281410839067614	0.227018246403232
0.120297475861642	0.395127063713873	0.228728258571497	0.419918708123952	0.253066807240398	0.213987836015226
0.096079838079102	0.364614457117254	0.199543127292769	0.390916487502721	0.218154958894223	0.195926057925194
0.0687513731793307	0.324061583422717	0.164980514827765	0.352663216230395	0.177749959772176	0.17377322063787
0.0386905779850016	0.273451087762377	0.126390596131636	0.305718995693274	0.132781239454324	0.147902164462435
0.00671157530633101	0.213753416541477	0.085441802663362	0.251063363362866	0.0845510965228044	0.118587437951658
-0.026082697646887	0.14673054268604	0.0437191230621533	0.189698991295332	0.0344707935695789	0.0860550855156753
-0.0584293050712997	0.0748218478396722	0.00248895747009046	0.122598824602751	-0.0160516431336909	0.0507177788026597
-0.0891026764590172	0.000916197255820966	-0.0374205301157435	0.0508178025586943	-0.0656978089395144	0.0133866620378012
-0.116974868884778	-0.0722258302824927	-0.0756267485210794	-0.024677812316721	-0.11333788029817	-0.0247556083698596
-0.141215423114246	-0.142144569990054	-0.111989873924744	-0.10254549960554	-0.157981879280585	-0.0621853197486627
-0.161308527223067	-0.207002993228413	-0.146368404388581	-0.180978678807261	-0.198756922969692	-0.0973178287912125
-0.177020123111707	-0.265666432482114	-0.178368296237068	-0.257617807912825	-0.234848117160038	-0.128817707045752
-0.188436266213685	-0.317763172801051	-0.207323147020296	-0.329768920951333	-0.265602838669385	-0.155952960001506
-0.195431178405897	-0.362803704741535	-0.231849610053241	-0.394078983569052	-0.290006916575985	-0.17836288309353
-0.197999808529168	-0.400468905583204	-0.250481069543058	-0.447456762845732	-0.307240101102465	-0.196315268438327
-0.196095344565083	-0.43016829576445	-0.261843827964831	-0.487340041069355	-0.316621363027326	-0.210357543192685
-0.189637050872793	-0.450922545916897	-0.264988094427422	-0.512068104225039	-0.317715198378901	-0.220981650888237
-0.178704281170483	-0.461744619003271	-0.259840614115378	-0.521398409650542	-0.310645905133632	-0.228481410165016
-0.163111858073422	-0.460868864201982	-0.24660282770057	-0.515485495418385	-0.295364584072644	-0.232238532401442
-0.142976575235685	-0.447166698771312	-0.226340660785903	-0.495702780923041	-0.272410616347974	-0.231322553547128
-0.118621168097719	-0.420218539626848	-0.200528959341065	-0.463989448464079	-0.242619691316239	-0.22456443755485
-0.0905822587688767	-0.380555351384944	-0.170710208722124	-0.422437749515597	-0.207015049475198	-0.210908515841019
-0.0596581880383657	-0.329941446865898	-0.1383229251766	-0.373211744449352	-0.166851956235041	-0.189904768708402
-0.0265837962772276	-0.270316125955016	-0.103992920215823	-0.317419235992107	-0.122963138948786	-0.161493708068036
0.00774882976139762	-0.204309802675162	-0.0680228559545746	-0.256051214525723	-0.0762804896742832	-0.126564141434639
0.042419105247027	-0.134577151335195	-0.0303979453415526	-0.189893629039337	-0.0276814709166908	-0.0866979935104349
0.0765060789005782	-0.0634390931969968	0.00894877146516066	-0.119796941315058	0.0219637879307546	-0.0439057882153934
0.10913231273581	0.00726036865842548	0.04983980022779	-0.047004863741292	0.0717249706758464	-0.000321907802187673
0.139354852429929	0.0763575557136092	0.0916933848784185	0.0269804229793396	0.120602634958615	0.0421654654409739
0.166273504681489	0.142981180744743	0.133407179685607	0.100151319618544	0.167475578243297	0.0820151901536364
0.18902836850481	0.206329291357143	0.173464154233298	0.170257991456076	0.21114414622115	0.118107580408706
0.206846390286256	0.265403040047664	0.2101465484376	0.235091402538154	0.250392172161697	0.149684329939456
0.219237026958459	0.319044458658545	0.241926208289533	0.292956897305651	0.284209559211959	0.176339199027653
0.225611262711458	0.365359499267694	0.267285359998231	0.342265265844931	0.31137022934153	0.197569059899444
0.225778237372702	0.402559436625759	0.285284857195108	0.382221868243168	0.330981689627254	0.213088704443256
0.219849731601214	0.429107434885144	0.295481323406577	0.412568434217204	0.342380713015784	0.222757024010173
0.208225974434944	0.444031527595785	0.297856329144386	0.433384491144679	0.345147725498782	0.226638936245405
0.191686694266985	0.447434531284324	0.292860784779638	0.445187454715768	0.339323587246895	0.225215552199282
0.170785721036856	0.439403086247128	0.280673721977653	0.447575574588186	0.324680339290455	0.218804917782981
0.146260117463108	0.420918616306692	0.261717940593612	0.440318599072801	0.301471696804391	0.208043862465709
0.118801607053786	0.3932346181116	0.236469771304765	0.423083977521008	0.270244114482595	0.193569663173647
0.0890069159209971	0.357543575675314	0.205495716283242	0.395599931101679	0.231848364432413	0.175853613739084
0.0574546099868848	0.315010135945358	0.169644464316213	0.358158347091793	0.187582383262692	0.155208233752928
0.0244560443801588	0.265758467779726	0.129621600571669	0.310756390463711	0.138600122633936	0.131355923279208
-0.00959060421546087	0.209954873670516	0.0864498933274036	0.254221400196878	0.0863787009526699	0.10398479435647
-0.044205377835745	0.147831298925182	0.0412834339452603	0.189899942040146	0.0324611715155467	0.0728423623455376
-0.0787664421482388	0.0800227530356375	-0.00467924112414921	0.119542852145479	-0.0216464065495249	0.0379852104588826
-0.112493344134738	0.00785016026971587	-0.0502771348782509	0.0451676561718563	-0.0745521897088726	-1.44453827205051e-05
-0.144448922343607	-0.0667108501202317	-0.0944763206254228	-0.0312523996729975	-0.125056086758041	-0.0400515206642326
-0.173628044863627	-0.141049535394816	-0.136344272527835	-0.107752729524361	-0.172119875080671	-0.0805261617250886
-0.19903854501788	-0.212282592683671	-0.17502322166021	-0.182473789986207	-0.214844699516055	-0.11959683982692
-0.219792433546523	-0.277664142936234	-0.20967078147283	-0.253639411741896	-0.252419883763023	-0.155489667253701
-0.235226954330209	-0.335029911886673	-0.23946462285704	-0.319568212571307	-0.284139469417294	-0.186825523815766
-0.244772202487872	-0.382750221197227	-0.263420935439796	-0.378374231227452	-0.309160590394484	-0.212662644107974
-0.248159692243737	-0.420060333473277	-0.280667374431732	-0.428265343005252	-0.326785187816181	-0.232677901638847
-0.245334096352834	-0.446787585786258	-0.290484592698767	-0.46752741155014	-0.3364311600628	-0.246976212037058
-0.236411165693374	-0.463062206186621	-0.292428124180264	-0.494663396249297	-0.337700511987568	-0.255844685656609
-0.221697325864365	-0.469166694962897	-0.286506304413262	-0.508696930362615	-0.330539023854465	-0.259566698401151
-0.201459568080504	-0.464877349740661	-0.272926174510515	-0.508867783237439	-0.31494151009662	-0.257983200019948
-0.176174417805915	-0.450026949104944	-0.252393578864696	-0.495278573144589	-0.291356491521641	-0.250768236345004
-0.14646672469766	-0.424472560424852	-0.22588898570298	-0.468717961455913	-0.260524235551027	-0.237453897289387
-0.113120498296603	-0.388314074216658	-0.194500257557473	-0.430534490970936	-0.223396598385406	-0.217655583644405
-0.0771117632707106	-0.342210745279218	-0.159317647937734	-0.382547907334079	-0.181107987959563	-0.191390838023603
-0.0394383501164693	-0.28706387742561	-0.121099689222852	-0.326362285619165	-0.134644179531071	-0.159024712792406
-0.0012290115832434	-0.224461212828764	-0.0804971422090264	-0.263685270393204	-0.0850775238776873	-0.121609872262252
0.0363800525877015	-0.156344225731954	-0.0380229636151961	-0.196044868529542	-0.0334647835620934	-0.0806917694959769
0.0723222006181404	-0.0847525028852245	0.00584101583519857	-0.124772987599457	0.0191335546939834	-0.0380660488281491
0.105672171761888	-0.0116215299410079	0.0505112772161921	-0.0511289658486907	0.0716114689823666	0.00450855814590658
0.135650625286614	0.0614503733180779	0.0952270418904178	0.0236844893138877	0.122794236556402	0.0456344118963457
0.161665768036214	0.133054053023913	0.138975578076181	0.0982060471447161	0.171411041355754	0.0843618112681696
0.183281651521366	0.201869756925438	0.180529993304096	0.170672376806698	0.216127136655091	0.120206121828946
0.200185952884782	0.266486320211984	0.218541894684748	0.239038787826182	0.255614204772077	0.153000493707781
0.212213788089331	0.325349250881858	0.251719895917405	0.301200141272032	0.288713667810028	0.182705409746033
0.21914204977824	0.376484881898384	0.278785958893209	0.35495608947305	0.314324714595357	0.20901538576374
0.220911876029631	0.417973556441336	0.298782472208764	0.398599562819916	0.331753462833101	0.231386342302353
0.217564084265289	0.448109304144702	0.311059130200522	0.431030577052679	0.340672550400957	0.248954313957785
0.209236929217529	0.465680024879028	0.315271240700953	0.451845169700766	0.341098704542923	0.260652272822278
0.196217496756013	0.470314298364969	0.311415486634141	0.461417234328057	0.333406575003857	0.265509772559825
0.178684001360549	0.462020798546838	0.299531730944147	0.460175899811197	0.317903307556588	0.26264741184196
0.156957212304294	0.441675247060955	0.27997386410712	0.448946552224516	0.295108602415209	0.251818848167043
0.131400292881041	0.41057804490464	0.253307107930938	0.428486836371338	0.265571457245772	0.233425414691566
0.102422443941369	0.370145598205587	0.220309114869702	0.399292426939278	0.229852263924625	0.208480063604523
0.0705480895043532	0.32177714540767	0.182021117634468	0.361672802944233	0.188623267311457	0.178501254893765
0.03632873478406	0.266332725949715	0.139540424090284	0.315408131631865	0.142516459037338	0.145012743766955
0.000562215004104147	0.204689753999499	0.0941878417760095	0.260514755131146	0.0924781051497552	0.109548804345621
-0.0357306531135266	0.137776812442388	0.0473500051064778	0.197349050897252	0.0397369612438924	0.0733405887796271
-0.0713325633166723	0.0667820663737659	0.000364954876583427	0.126815304326278	-0.0142116474090245	0.0371907216424598
-0.10493195521077	-0.00668335887154978	-0.0455821756376951	0.0504852720104255	-0.0676973518455531	0.00148934263087682
-0.135223286693562	-0.0806945111585727	-0.0895475659239164	-0.0296026738541975	-0.119022770053061	-0.0337164863801355
-0.161121180098825	-0.153044153546522	-0.130813286194609	-0.110970387301233	-0.166634552565011	-0.0684618504984051
-0.181884719334052	-0.221531221173452	-0.168829619458261	-0.190992644246628	-0.209265986772692	-0.102660303336867
-0.19719000149119	-0.284217242668827	-0.203099375315814	-0.267123343767842	-0.246013235425809	-0.135921299967398
-0.207161719422518	-0.339663757193372	-0.233104197746433	-0.337109377991888	-0.276394590623141	-0.167489468047696
-0.21207468292759	-0.386695086213258	-0.258019623679764	-0.398800224524531	-0.300011465240306	-0.196140201411091
-0.212401207915957	-0.424575335342073	-0.276933554548695	-0.450400933685726	-0.316710583395114	-0.220451844337251
-0.208559824379736	-0.452713369832488	-0.288864045488187	-0.490339081574694	-0.326363417428832	-0.238969041417647
-0.200776460116288	-0.470482010078754	-0.29293300136092	-0.517261226689747	-0.328784983188527	-0.250441689539233
-0.189092010127035	-0.477280865446889	-0.288665752596031	-0.530243871565927	-0.323830262101131	-0.254109884667114
-0.173226565077859	-0.472187711222596	-0.275891992369761	-0.528493813362855	-0.311131475385819	-0.249605046293086
-0.152961391972191	-0.454725329187683	-0.255199193404973	-0.51207879351451	-0.290640290582728	-0.237278979772648
-0.128252142672579	-0.424970093960485	-0.227786512106878	-0.481876345172309	-0.262631066175457	-0.21803792390285
-0.0993818468799094	-0.383733266636593	-0.195268026997048	-0.439536750206995	-0.227765831715999	-0.19316248808315
-0.0670582482949293	-0.332670137490346	-0.159421005970968	-0.387382581070728	-0.18713176720672	-0.164129286110906
-0.0322702797060718	-0.273683138319754	-0.12162993266728	-0.327631438663482	-0.141890649048848	-0.132166768105675
0.00372699691622023	-0.209031919491774	-0.0828699653453046	-0.262495962993753	-0.0933881714821184	-0.098332041926527
0.039639377933784	-0.140810352494476	-0.0435175819934551	-0.193723269134247	-0.0429054879311429	-0.0633640774976727
0.0743146898585967	-0.0706744223499095	-0.00343914192605052	-0.122481283353045	0.00844592699786153	-0.0277245395981959
0.106874385856823	0.000189764096997876	0.037734184157695	-0.0495287308687495	0.0597380195721046	0.00825277835016324
0.13666484236683	0.0709594039981525	0.0802259992193683	0.024576312564141	0.110121385989807	0.0442352660919842
0.163250460588287	0.140730473020327	0.123738999967343	0.0989013454310755	0.158701727697065	0.0796617575522891
0.186255147238376	0.208190694463579	0.167220055235298	0.171863014035575	0.204399852342834	0.113672958845062
0.205232623954111	0.271429655016676	0.208851994129127	0.24115363000495	0.245895894246315	0.145135933733778
0.21965513079756	0.328110401561751	0.246349213030732	0.30406358607785	0.281763554960264	0.172820979859573
0.228757740412301	0.375564090150181	0.277200697991218	0.357715637237127	0.310397604844899	0.195476706510177
0.231889962332288	0.411678640538859	0.29939888805359	0.400002639376534	0.330555816619422	0.212215757576808
0.228620440048765	0.435313729559834	0.311785987438366	0.429970668775307	0.341490937006406	0.22262175576626
0.218889416643455	0.446570618659665	0.314249582162012	0.44797121018064	0.343068295747585	0.226785387640784
0.203136822119003	0.446815206758658	0.307715469327555	0.455543572360544	0.335825881947718	0.225271170108286
0.182055509952052	0.437704188637369	0.293523035732586	0.454231876017109	0.320452084040262	0.218675921780529
0.156681241657768	0.421043074301322	0.273280313197766	0.44544550649502	0.297922865848265	0.207667352135467
0.128104985602417	0.397923245333531	0.248296550539861	0.429596274226753	0.269119952212538	0.19269866504051
0.0972640536655103	0.368324659168639	0.219287756436079	0.405822818702779	0.234673755970047	0.173918934786462
0.06483783157606	0.331306202379683	0.186404065450063	0.372381489007271	0.19503427865829	0.1512919009693
0.0311422538649782	0.285160133759345	0.149298837713143	0.326956802336468	0.1504248971799	0.124554417727905
-0.0036393217615677	0.228765841222087	0.107778372484011	0.268223778316279	0.1013798637079	0.0937335295222261
-0.0392968754310292	0.162298658894198	0.0621822601725286	0.196604142688053	0.0489191105728256	0.0592837310067572
-0.0753960593523891	0.0877245158779188	0.0136651156101748	0.114713457326673	-0.00533858851429203	0.0221865961226458
-0.111175738586274	0.00871829094797822	-0.0358106731433896	0.0271514450815604	-0.0592847495701725	-0.016102506904161
-0.145462555671959	-0.0701268868554482	-0.0837766822476101	-0.0605500861452173	-0.110610949037125	-0.0539226927123255
-0.176892856086371	-0.144355963159362	-0.127795584030065	-0.143112740304736	-0.157271991321825	-0.089659936726871
-0.204095085684716	-0.210843812339062	-0.166020523711856	-0.216872415231182	-0.197887314690409	-0.122056811939701
-0.225917282989758	-0.26856084824298	-0.197593042933802	-0.280602674178905	-0.231970607332108	-0.150387376665362
-0.241656994527893	-0.318692606941272	-0.222784876242332	-0.335583964028812	-0.259950006182249	-0.174493042023665
-0.250895998319558	-0.363585450422811	-0.242484815076078	-0.384460932534638	-0.282551011196524	-0.194426780721391
-0.253699361161581	-0.405714379619527	-0.257895385161926	-0.430013065973388	-0.300572353007661	-0.210329171777948
-0.250385894034605	-0.446061734436622	-0.269789724095322	-0.473400164178089	-0.314233743325249	-0.222053315741523
-0.241360002428904	-0.483001903786891	-0.277997459909871	-0.51296091754728	-0.322814287843843	-0.228972355131075
-0.227063813769397	-0.512191008862772	-0.281335426530726	-0.544097088537814	-0.324752585038887	-0.230075780639919
-0.207753131393694	-0.526924468705307	-0.277581543738518	-0.559722541923616	-0.317685249652162	-0.22399965234601
-0.183875173325905	-0.520459570579673	-0.264541133447235	-0.552708072445596	-0.299618899905734	-0.20976930888951
-0.156165259866229	-0.488034884855169	-0.240809003197933	-0.518053389615781	-0.269639436510986	-0.1872086130606
-0.125803449227738	-0.428811586337998	-0.206548485740191	-0.454943056867508	-0.228588120288416	-0.157308705623632
-0.0944922104763868	-0.347021595437861	-0.16396094959616	-0.367950530603805	-0.179397417062783	-0.122378818676112
-0.0642507748572296	-0.251315411590216	-0.116931248104805	-0.266304142282799	-0.126565952982902	-0.0856160937153149
-0.0372541636779249	-0.153614426379616	-0.0706041414648625	-0.162671071136112	-0.0756604117065716	-0.0507791765405574
-0.0154163185109376	-0.066420270265173	-0.0302314702260929	-0.0702910079705084	-0.0321010597564478	-0.0213882527123627
