-3.12558143129044e-19	-9.58355595932501e-19	-2.45467823775158e-19	-9.75770527632438e-19	1.66583207229205e-18	2.04715880613353e-19
2.56304980657524e-05	-0.00012028502179197	-1.63818884153086e-05	-1.05943895969116e-05	0.000113781021351894	1.17993378240339e-05
6.99209172957457e-05	-0.000325014277132605	-4.76545950049544e-05	-2.99287280489354e-05	0.000292804619123225	3.04174241850321e-05
0.00013810402190331	-0.000630725114988667	-9.63349398426166e-05	-6.18962640144611e-05	0.000539561563202784	5.61433298755105e-05
0.000236904345101634	-0.00105284328632996	-0.000159709066923841	-0.000111623851452032	0.0008524957711258	8.87756307676469e-05
0.000374538519849311	-0.00160502846569496	-0.000227702949648284	-0.000185232205044418	0.00122751398146626	0.000127733066403989
0.000570889259675327	-0.00235925033192514	-0.000262318982194707	-0.000302864130014318	0.00170895754576231	0.000177180358512558
0.000817042597467067	-0.00323562164541112	-0.000265399874137915	-0.000453442286388867	0.00222746905172769	0.00022975109248665
0.00110448009183025	-0.00417805187273526	-0.000224301250855224	-0.000633191591035648	0.00274366728758518	0.000281112020501487
0.00141357144760961	-0.00510938184011772	-0.000129870416398801	-0.000836279561792741	0.00321597330490193	0.00032685288545858
0.00171218086955964	-0.00593823195204122	2.12736097208997e-05	-0.0010560806189619	0.00360693461090224	0.000363244316282586
0.00193757296897233	-0.00658384149839841	0.000215085609597413	-0.00131396941933613	0.00393598747185231	0.000394076439941141
0.00205804745936334	-0.00692973756303446	0.000449167211378412	-0.00156906826272301	0.00412396341569817	0.000410389087661728
0.00202398558083417	-0.00687848740133524	0.000703989652629619	-0.0017986636709283	0.00413139116183266	0.000408538449814848
0.00178508049747806	-0.0063465209169854	0.000948634155233288	-0.00198042818437982	0.00392531162001283	0.000385901244466887
0.00129503887852764	-0.00527112984047091	0.00114091078910352	-0.00209610920465319	0.00348315437169605	0.000341350953066549
0.000476949311113143	-0.00356874794065228	0.00119140085810519	-0.00216045089166413	0.00281098995053152	0.000279240517572159
-0.000636353042188587	-0.00129265102650187	0.00109257676579884	-0.00213630614275276	0.00189348724603626	0.000197088504508418
-0.00201354601449289	0.00150212889264667	0.000814484910392332	-0.00200970566919966	0.000737968444423134	9.60137657580717e-05
-0.00359397324024394	0.00472922291493894	0.0003359753493066	-0.00177100059580654	-0.000637612095479116	-2.22076978959289e-05
-0.00529140495578205	0.00827874132603382	-0.000353518503123862	-0.00141585527760931	-0.00220474412879077	-0.000155190422237214
-0.00703869057227032	0.0121115698584632	-0.0012980584969069	-0.000953342101328328	-0.00395599574436617	-0.000301583278226183
-0.00866857389523335	0.0159770266741816	-0.00242016250800385	-0.00037879257831925	-0.00580505230729394	-0.000456276472908711
-0.0100336633092002	0.0196683768447914	-0.00365204245485483	0.000304723142983235	-0.00767890649551794	-0.000615126037442136
-0.0109905332044567	0.0229684256392953	-0.00490410389676868	0.00109321940625954	-0.00950139760078074	-0.000774287217114621
-0.0114142496954905	0.0256640664996113	-0.00607192687068651	0.00198159741810049	-0.0112008388014696	-0.000930616588849272
-0.0112219372795053	0.0276350215646465	-0.00706947667608886	0.00297987229404599	-0.0127799171909691	-0.00108838989197027
-0.0103465166534685	0.0286197130455731	-0.00775607939450659	0.00405543875620522	-0.0141107786404097	-0.00123788493514193
-0.00877258685034805	0.0284413082734659	-0.00801665366098937	0.00518103315038468	-0.0151198891635694	-0.00137393962870966
-0.00652963170450193	0.0269672529676041	-0.0077535560783458	0.00632220127973284	-0.0157455683287753	-0.00149132675810445
-0.00369004417721837	0.0241263628607654	-0.00689749259318075	0.0074384664415337	-0.0159432911088335	-0.00158512308013609
-0.000338258729656107	0.0199370776885579	-0.00540179800880973	0.0085185640326535	-0.0157475066930223	-0.00165880532338371
0.00335341908132748	0.0144646881498797	-0.00329682436158252	0.00947106581188426	-0.0150754550650724	-0.00169832288979873
0.00720858543340043	0.00786334143556417	-0.000648976650990542	0.0102239837784328	-0.0138951845452065	-0.0016947622764684
0.0110409914004392	0.000357146211430736	0.00243222200811867	0.0107053242509298	-0.0121824567751308	-0.00163910800814081
0.0146683076685239	-0.007772867795721	0.00580222022033788	0.0108505198611943	-0.00992506708452365	-0.00152332619325192
0.0179720620833477	-0.0162645282213803	0.00933973909815382	0.0106398769744461	-0.00714447997513608	-0.00134580658598433
0.0207491616204073	-0.0247065691962133	0.0128033533064544	0.0100027462532437	-0.00384303700241288	-0.00109781078725515
0.0228565736349592	-0.0327281949479656	0.0159815938327858	0.00890895945111325	-5.57799735280579e-05	-0.000776678330984946
0.0241835306408106	-0.0399833668555015	0.0186747613482123	0.00734960409417651	0.00415968541931624	-0.000383244704863777
0.0246589217559905	-0.0461760449350505	0.0207122807291525	0.00534019007634123	0.00872058838701697	7.75145628160423e-05
0.0242986544357543	-0.0511790128782924	0.0220190380234198	0.00292976455401159	0.0135579275672742	0.000598398891653495
0.0230642237757966	-0.0547116510541562	0.0224508279747289	0.000172609883984011	0.0184872380581039	0.00116286475457004
0.0209839985112579	-0.0566308344496567	0.0219491132192749	-0.00285206460615144	0.0233282510776525	0.00175203956170998
0.0181189760162247	-0.0568580282735826	0.0205045310827157	-0.00605070773612823	0.0278863048280602	0.00234427748399882
0.0145605698592181	-0.0553803550784781	0.0181577882603318	-0.00932001474858584	0.0319664182351699	0.00291662275414727
0.0104380627309691	-0.0523327752938153	0.0150229288057956	-0.0125729468519413	0.0354641708689046	0.00345426954341864
0.00587266883230911	-0.0477069533511446	0.0111928811863336	-0.0156733563085461	0.0381242949225958	0.00392568370558759
0.00100298924818673	-0.0415883140864487	0.00680536398519636	-0.0185020821303354	0.0397720976128503	0.00430677104602294
-0.00403222295819224	-0.0340884288562194	0.00201341015822903	-0.020947341036379	0.0402690570038876	0.00457654854458608
-0.00910090585491953	-0.0253468911907002	-0.00302303929977124	-0.0229111443942643	0.0395254990048709	0.00471875199001875
-0.0141131160331461	-0.0155507987270249	-0.00816251425052282	-0.0243545604214128	0.0375776937065034	0.00473219867995446
-0.0189248153174876	-0.00487935995312204	-0.0132313547408609	-0.025169857636148	0.0343615462589965	0.00460088258913198
-0.0234261706755917	0.00644844529207861	-0.0180805627073703	-0.0252980045436799	0.0299090109249123	0.00432058584055364
-0.0275206273290149	0.0181891375105366	-0.0225789696551911	-0.0247030948952927	0.0242952993720461	0.00389233831922003
-0.031125379082459	0.0300777274215399	-0.026617833212722	-0.0233767117796138	0.0176388661507749	0.00332287972521067
-0.0342268651842503	0.0419006573046494	-0.0301676509911352	-0.0213753279015012	0.0101175394763205	0.00262968414451722
-0.0366893565869016	0.0532776329113032	-0.0330969322824254	-0.0187033511835382	0.00190380659016914	0.00182439013378251
-0.0384161683136316	0.0638669589000344	-0.0353275692613143	-0.015411386244206	-0.00678991743054257	0.000926187039430499
-0.0393093852492562	0.0733299344281385	-0.0367945081296088	-0.011567562723919	-0.0157321108685017	-4.25394179623182e-05
-0.0392764075891943	0.081348068139247	-0.0374476057929042	-0.00725575832228725	-0.0246788047336856	-0.00105679767060266
-0.0382870340284952	0.0877541376670366	-0.0373131103795815	-0.00258097515793828	-0.0334285957136373	-0.00209250285967523
-0.0362191731390197	0.0921592679461969	-0.0362928203594538	0.00236044441179665	-0.0416730077052993	-0.00311826637416708
-0.0330085322168391	0.0942957613167242	-0.0343380667843068	0.00746165549194446	-0.0491435065139899	-0.00410449101296511
-0.0286230235735829	0.0939447590722262	-0.0314087620389116	0.0126141178904693	-0.055589292390882	-0.00502267501855796
-0.02307495388126	0.0909539992267794	-0.0274816323527804	0.0177088907250684	-0.0607916941237058	-0.00584673184116304
-0.0164399100154468	0.0853469637672047	-0.0225869674025911	0.0226632139008091	-0.0646655799543304	-0.00656340684813929
-0.00882962283267827	0.0770225482467111	-0.016723201709372	0.0273337605266599	-0.0669726592760959	-0.00714211425886548
-0.000418685060484376	0.0660324996048018	-0.00994380525800502	0.0315924368993792	-0.0675835448502845	-0.00756231991199111
0.00856795218477514	0.0525206708207561	-0.00234221134191796	0.0353097042758901	-0.0664188468701497	-0.00780743027355798
0.017863745069363	0.0367332430957922	0.00594292559922101	0.0383593097445879	-0.0634571495336539	-0.00786577239948929
0.0272097621619952	0.0190373479814833	0.0147496540735854	0.0406701588840515	-0.0588172601746445	-0.00774181497296769
0.0362463504149083	-0.000129692176750108	0.0238157500528854	0.0420788391785177	-0.0524966943687173	-0.00742137627735482
0.0446361742698773	-0.0202328708314668	0.032855060919615	0.0424696283402361	-0.0445926573236999	-0.00690202160421894
0.0520553230149667	-0.0406707047353845	0.041553043809394	0.0417497288054664	-0.0352411979967677	-0.00618565667303863
0.0582121088488626	-0.0608009373675125	0.0495841209588913	0.039860548586546	-0.0246179673835394	-0.00527942075006726
0.0629254589027454	-0.0800474398062056	0.0566936850916396	0.0368263383759044	-0.0129568951788143	-0.00420173361645639
0.0659301422932012	-0.0976788751921153	0.0625085551656933	0.0326299031228192	-0.00048528867267619	-0.00296494022501994
0.0670646877706922	-0.113062739248302	0.0667362687674608	0.0273277346963466	0.0125261980877862	-0.00159061218101366
0.0662333721784878	-0.125643569699907	0.0691377577405368	0.021021420868016	0.0257825371587051	-0.000105496006658173
0.0634139343678042	-0.134975087905502	0.0695457662614477	0.0138568108833563	0.038968867661706	0.00145853785655392
0.0587129737155105	-0.140868752938291	0.0679425285263749	0.0060275278444943	0.05181196793896	0.00306833718246863
0.0521930124120765	-0.142989327370916	0.0642506077837648	-0.00225872831237877	0.0639042081587212	0.0046788497746414
0.0440160092530981	-0.141218030301772	0.0585188142626453	-0.0107680997367961	0.0748741771992179	0.00624436965591216
0.0343988345050692	-0.135559754842128	0.050871510404299	-0.0192576123356367	0.0843615509778153	0.0077178331016218
0.0236071766585284	-0.126142708286679	0.0415049656752108	-0.0274855857401749	0.0920361389908891	0.00905295302644337
0.0119567308938385	-0.113313897501441	0.0307080405441869	-0.0352511321326293	0.0977158969943529	0.0102169047478836
-0.000231874928100077	-0.0972892865383431	0.0187570966521268	-0.0423024706377713	0.101051025884519	0.0111573539901938
-0.0126183277403539	-0.0784316218642765	0.00598329751158109	-0.0484302967431385	0.101824089462039	0.0118346564448161
-0.0248644234053868	-0.0571644449966761	-0.0072618796360363	-0.0534524661000788	0.0998906539013586	0.0122162279295378
-0.0366467487416249	-0.0339677725867318	-0.0206181196844511	-0.0572205608768674	0.0951946874459904	0.012278849116398
-0.0477084979951271	-0.0093889876056942	-0.0337539999623317	-0.0596765227811028	0.0878642799265716	0.0120219935752663
-0.0577325143619209	0.0160158552869535	-0.0462883429362822	-0.0606835067229808	0.0779292190557262	0.0114303533216499
-0.0664654264152202	0.0416481107852861	-0.0578779179323423	-0.0601768596902352	0.065564655774202	0.01050747293209
-0.0736934042713914	0.0668911396985281	-0.0682087101733631	-0.0581293571455363	0.0510235299426382	0.0092674585431052
-0.0792470508121465	0.0911241389352912	-0.0770066645751808	-0.0545565059584051	0.0346337463023049	0.00773534262670819
-0.0830733518138436	0.113823311450227	-0.0841161739439866	-0.0495640713168079	0.0168118939860024	0.00595263871930406
-0.0850029114652916	0.134296714426389	-0.0892751352453356	-0.0432036989620827	-0.00201423064216766	0.0039571800677683
-0.0849495124975131	0.151949322631697	-0.0923199126480524	-0.035597592824207	-0.0213621515152472	0.00179820376756599
-0.0828602361393689	0.166244119063984	-0.0931397094400818	-0.0269046181863152	-0.0407253561028016	-0.000469631281086858
-0.0787214663645212	0.176727780517542	-0.0916835352487897	-0.0173192940007209	-0.0595883118109623	-0.0027878063475579
-0.0726217501072328	0.183189938755296	-0.0880368086727946	-0.00707768503819788	-0.0775022771773449	-0.00509941142413625
-0.0645686577616864	0.185219331681827	-0.0821799781896344	0.00357879853538525	-0.0939011032482475	-0.00733862431226506
-0.0546560382038757	0.182610482059622	-0.0741949232566695	0.0143852927118499	-0.108291606978672	-0.00944352650969462
-0.0430277499584847	0.175272996365334	-0.0642101576085802	0.0250692217115306	-0.120228589355267	-0.0113555552540773
-0.029884867739723	0.163245929221804	-0.0524027901373935	0.0353587127206671	-0.129335348705951	-0.0130216417906732
-0.0154976586422533	0.146815390595003	-0.0390294091251808	0.0450236410557898	-0.135429820013547	-0.0144075908206535
-0.000178736232419905	0.126158112029853	-0.0243245461743845	0.0537740140916485	-0.138175676803763	-0.0154610781665983
0.0157002832312844	0.101650823901368	-0.00858390757965089	0.0613621980379475	-0.137404419623618	-0.0161460898093085
0.0317252956098661	0.0737882547975879	0.00786133981776979	0.0675670249324238	-0.133044141353473	-0.016435718757301
0.0474533331842054	0.0431835147420883	0.0246471216148709	0.0722026986803533	-0.125129952872183	-0.0163137531180798
0.0624754422613777	0.0105767644838986	0.041413778832202	0.0751837552046065	-0.11390368478221	-0.015788640052657
0.0762816717296388	-0.023224718608154	0.0577034698985984	0.0763399103850199	-0.0994970754819151	-0.0148513971155373
0.0884136211035439	-0.0573263292529376	0.0730658605664483	0.0755862021514374	-0.0821987563089787	-0.0135127456995626
0.0984526028859129	-0.0907867143084165	0.0870491693738026	0.0728862624149663	-0.0623770608280858	-0.0117938850615714
0.106041974172555	-0.122651283012408	0.0992190597516984	0.0682595948948682	-0.0404761646296915	-0.00972716563335764
0.110979568937989	-0.152080013885061	0.109255688488676	0.061835274029573	-0.0170326594181303	-0.0073626985694703
0.112986953064531	-0.178086341912707	0.116716674739685	0.0536908513423102	0.00741243092208326	-0.00474663307780599
0.111929789208567	-0.199834585795359	0.121277155709657	0.0439916504490518	0.0322596332906328	-0.00193857550355546
0.10777138712068	-0.216614280294737	0.122692768117389	0.0329514858605142	0.0568846656314588	0.000994565692250136
0.100579577209156	-0.227877891041889	0.120819680233146	0.0208299380195824	0.0806541046009778	0.00397998232757187
0.0905885336903727	-0.233415317789731	0.115705523314286	0.00793764512187486	0.103007847344484	0.00694493077836726
0.0779936495842897	-0.232880181487402	0.107341911375695	-0.00540796115193215	0.123260515272085	0.0098052769548568
0.0631171754078547	-0.2262191652993	0.0958844147208626	-0.0188621431334443	0.140810955612002	0.0124801776479983
0.0463514317719247	-0.213561747705948	0.0815925944339716	-0.0320728864299741	0.15511773536624	0.0148921223576286
0.0281475540500984	-0.195218389577384	0.064825269659178	-0.0446920841566239	0.165724759137749	0.0169701314662725
0.00901339566564892	-0.171791314218613	0.04606300542838	-0.0564214667831037	0.17240210362158	0.0186652117449926
-0.0105445422318874	-0.143753019565923	0.0257835577421208	-0.0669060542778378	0.17476816239827	0.0199110749120091
-0.0300008808271142	-0.111781121659375	0.00453829280654313	-0.0758457710342724	0.172647046361148	0.0206625894924409
-0.0488414324847905	-0.0766442151811583	-0.0170938594870048	-0.0829796832569726	0.165990450110501	0.0208883852212817
-0.0665804456173538	-0.0391868321537581	-0.0385258681963002	-0.0880965564411398	0.154888596314987	0.0205728357926066
-0.0828237369261107	-0.000333934071626409	-0.0592138890432242	-0.0911059403843048	0.139677172066946	0.0197311048242804
-0.0971212973152865	0.0389984957720746	-0.0785696365206679	-0.0918360701953623	0.120588437624262	0.0183633417448974
-0.109113587933737	0.0778560242885386	-0.0960676685167845	-0.0902207744718503	0.0980434692678389	0.0164946961231672
-0.118505182251132	0.115288715108414	-0.111240314429074	-0.0862568268911204	0.0725615296481706	0.0141643939897047
-0.125072252622966	0.15037461218582	-0.123693688832361	-0.0800093583349262	0.0447504646445634	0.0114255096470369
-0.128751309470815	0.182344660017278	-0.133204167014124	-0.0716691199377189	0.0153206154893266	0.00835134789169978
-0.129357815502435	0.210272109594517	-0.139446460763221	-0.0613672884560859	-0.0150216739097737	0.00500997278943165
-0.126834705588922	0.233389936755107	-0.142242493236472	-0.049332870198962	-0.0455131815526699	0.00148335949455825
-0.121189373134558	0.251042698812162	-0.14150314657596	-0.0358445676031078	-0.0753765220318244	-0.00214044281174477
-0.112499200259429	0.262714596570326	-0.137233800573912	-0.0212256448882126	-0.103840521598896	-0.00576948073080251
-0.10098669056514	0.268219017856579	-0.129625667509245	-0.00585074740567345	-0.130229792086438	-0.00931432910859569
-0.0867853281551446	0.267152800146004	-0.118753597519015	0.00991119551989968	-0.1537582930153	-0.0126775583483622
-0.0701530253725904	0.259404598685133	-0.104836471797289	0.0256654860038654	-0.173752652192987	-0.0157681991563713
-0.0514166041794735	0.245032021238424	-0.0881631585212416	0.0410145895650579	-0.189625334041867	-0.0185019371144167
-0.0309731656649663	0.224271905564074	-0.0690910466830073	0.0555685811341789	-0.200900223549597	-0.0208041569720297
-0.00929909825099355	0.197677237044933	-0.0480814216924824	0.068993119083487	-0.207362327820633	-0.0226260500243286
0.0130975913419585	0.165665938367284	-0.0255630068856916	0.0808923961312442	-0.208643700849617	-0.0239016455017166
0.0356510171971757	0.12891643975227	-0.00204201753823577	0.0909317918048739	-0.204615378218738	-0.0245893504875597
0.0577658202496195	0.0882492822854437	0.0219390763787612	0.0988192294933674	-0.195295656546199	-0.0246630652304746
0.0788369869050841	0.0446174579674483	0.0458107567414935	0.104316608676006	-0.1808576698532	-0.0241137064191374
0.0983278741895426	-0.000891810111791943	0.0690269515184279	0.107319672453185	-0.161744252338865	-0.0229654416062348
0.115605751977655	-0.0471431270173112	0.0909486473088868	0.107631732886013	-0.138275221253786	-0.0212240139898846
0.130129808451735	-0.092923387312068	0.110974724865282	0.105180280304597	-0.110979487095761	-0.018922461560578
0.141431780112377	-0.13699806977932	0.12853327221227	0.0999681576889878	-0.0804893849107801	-0.0161084429454008
0.149138618428477	-0.178153200751859	0.143104500826504	0.0920803144937576	-0.0475287596542301	-0.0128440394632438
0.153082421750128	-0.215351078069061	0.154338335565661	0.0817479722834201	-0.0129292958216418	-0.00921320953138041
0.153004283360532	-0.247402617533059	0.16175545585269	0.0691411373225294	0.022493689862066	-0.00529294636104345
0.148838325747254	-0.273342675131803	0.165050075853956	0.0545483645640555	0.0578656143615604	-0.00117615650701133
0.140643428546416	-0.292384897266426	0.164032749336364	0.0383200703718081	0.0923013355516175	0.00303713798848224
0.128606652978832	-0.303959230885335	0.158647075308592	0.0208607528336758	0.12492684159269	0.00724198148747054
0.11311715018957	-0.307918400390849	0.14907625940233	0.00263406824904804	0.15497631778761	0.0113353367401763
0.0945002075611254	-0.303942273647753	0.135421098997854	-0.0159039592624853	0.181566715242328	0.0152049010720005
0.0732389044352133	-0.292090911567832	0.117987780040978	-0.0342718995912129	0.203946769941576	0.0187451747373504
0.0498952410197863	-0.272652329011195	0.0972020742840344	-0.0519913555067586	0.221465378329623	0.021857844041406
0.0250940464578414	-0.246134618023591	0.0735997089445287	-0.0686009546910381	0.233599178859961	0.0244554343444979
-0.000480327165719879	-0.213396019556683	0.0478535686613016	-0.0837099562820584	0.240115060832651	0.0264791121207471
-0.0261614793324512	-0.175122665994928	0.0206099593318181	-0.0968740643759041	0.240618897432603	0.0278526633571796
-0.0512692602768967	-0.132259085006448	-0.00740260043279119	-0.107730440125166	0.23499234380348	0.028528846631735
-0.0751490705395575	-0.085856288880087	-0.0354344311608692	-0.115976009185948	0.223288987211305	0.0284797270953357
-0.0971929487120706	-0.0370486937994735	-0.0627382172328937	-0.121378036181541	0.205741602574118	0.0276984684488354
-0.11691707037698	0.0129476497423659	-0.0886315467999594	-0.123857962454541	0.18288445181025	0.0262167541524389
-0.133778376743131	0.062941623045847	-0.112388073624027	-0.123242507901697	0.155127106681123	0.0240489136521959
-0.14736324823342	0.111715427334376	-0.133374206254758	-0.119500435056302	0.12311881063444	0.021241843032565
-0.157350101870211	0.158078251837843	-0.15103938987264	-0.112684096224101	0.0876284924398308	0.0178603810472064
-0.163516464162831	0.200895942047054	-0.164934161686955	-0.102933243200308	0.0495279012292443	0.013986288321927
-0.165846144237927	0.239244955970959	-0.174828423226975	-0.0905432759841752	0.00980546705408887	0.00972561107329647
-0.164176549616141	0.27202341384466	-0.180368355143253	-0.0757314380465804	-0.0305759817217347	0.00517557381435595
-0.158519712681525	0.298361393460996	-0.181402106065549	-0.0588413292634768	-0.0705972992767947	0.000449786199428964
-0.148974683397807	0.317548060328873	-0.17789794213889	-0.0402772159931546	-0.109241349983868	-0.0043325766506225
-0.135729592690003	0.329059119393375	-0.169947160939559	-0.0204952045488428	-0.145520108555373	-0.00904987594657871
-0.119149456209407	0.332779394620575	-0.157873209915864	-1.1090158746831e-05	-0.178579580570959	-0.0135853889593324
-0.0994792001556491	0.328328750488621	-0.14184852114472	0.0206801349489577	-0.207465779531898	-0.0178173784579791
-0.0771171966953233	0.315704695754273	-0.12223242089429	0.0410583809197424	-0.231390856826047	-0.0216349023658807
-0.0525371361865375	0.29511349611487	-0.0994675624355887	0.060611083767546	-0.249696634498776	-0.0249382091246159
-0.0262852725044876	0.266973651235024	-0.0740726349122855	0.078847390556122	-0.261880063700918	-0.0276419846265082
0.00101123726706082	0.232071014172499	-0.0466819194672692	0.0953545247958212	-0.267761798664129	-0.0296934312256857
0.0287095696248938	0.1910074636326	-0.0178676249799769	0.109664141292165	-0.26699503586234	-0.0310221353753596
0.056114357127723	0.144693546728601	0.0117155384145947	0.121398719873715	-0.259537817405981	-0.031589495770532
0.0825137733369368	0.0941925693893297	0.0413862232756874	0.130245833347471	-0.245530743531331	-0.0313769273012392
0.107202261361576	0.0407041246295485	0.0704480028906869	0.135967876312813	-0.225297825598537	-0.030386747868599
0.129572133085528	-0.0144398654200842	0.0982490797203101	0.138491934059449	-0.199473943330435	-0.0286604173020238
0.148911997777113	-0.0698723577666765	0.124041014888289	0.137635547260307	-0.16853436232532	-0.0262165216749075
0.164639231097038	-0.124160162609749	0.147139010446624	0.133370812596517	-0.13320104604647	-0.0231068313208407
0.176268187727552	-0.17586731344083	0.166905299671761	0.125757510581656	-0.0943076136712117	-0.0193998090258417
0.183432053302524	-0.223601270212555	0.18277226175651	0.114946779208218	-0.0527820032177243	-0.0151798111746099
0.186010133264634	-0.266196777275227	0.19438115631013	0.101255323980803	-0.00966469815079987	-0.0105557682986881
0.183762606294962	-0.302306378980209	0.201210290582176	0.0849106770584954	0.0340452798247932	-0.00562530483506936
0.176686780243034	-0.330873398154218	0.202959407864448	0.0662794270627851	0.07729094032654	-0.000504245058837269
0.164924219633998	-0.35106054308522	0.199469363189331	0.0457951268458556	0.11901722749383	0.0046847118594762
0.148760805839631	-0.36228734044327	0.190738537426429	0.0239496768549082	0.158195516839506	0.00981463633016077
0.128712403929795	-0.364469946806856	0.17705014682505	0.00130291397154011	0.193933310688723	0.0147618589390244
0.10520007366608	-0.357299675058137	0.158571017812623	-0.021604957971216	0.225215827700216	0.0193947069871869
0.0788294360524057	-0.340932629060766	0.13572261634049	-0.044201380398734	0.251199928912563	0.0235911203731496
0.0502905009941353	-0.315791815823415	0.109066977807713	-0.0659171703931346	0.271170675840805	0.0272389907756283
0.0203380333914901	-0.282553038636169	0.0792926668205434	-0.0862022516573536	0.284568866066886	0.0302400243777309
-0.0102121364043027	-0.242292036200435	0.0472467078368674	-0.104585845067152	0.291173361918726	0.032529646581139
-0.0405763060192117	-0.195866336179621	0.0137285246473887	-0.120538630899864	0.290574634666001	0.0340239560700093
-0.0699618305608319	-0.144439242304237	-0.0203673727792254	-0.133630284224255	0.282697737250712	0.0346747163213713
-0.0976129305201574	-0.0892904598274911	-0.0541299639494228	-0.143503841518495	0.267669605009098	0.0344569360102143
-0.122834187200462	-0.0317852266481325	-0.0866608926119544	-0.149887921387459	0.24582242846437	0.0333703309216686
-0.145080019777861	0.026634781562118	-0.117148947088466	-0.152692729332705	0.217829608819186	0.0314588262533383
-0.163737843797127	0.0845678966616068	-0.144742811705367	-0.151723062330286	0.184208794262283	0.0287451507243879
-0.17835846433053	0.14060237235726	-0.168717880523515	-0.146960932811888	0.145760189656115	0.0252910538675075
-0.18860672975078	0.193376255717346	-0.188460823001811	-0.138493052647548	0.103418269886095	0.0211789119294929
-0.194267655928691	0.241610590369768	-0.203488091731228	-0.126512838179373	0.0582294349292449	0.0165100340005264
-0.195368541031821	0.284288753859656	-0.213581778441979	-0.111396162771058	0.0113645389438541	0.0114127592051196
-0.191764895748621	0.320188561992034	-0.218378815751833	-0.0934269138668398	-0.0360457623897828	0.00600329550447747
-0.1835269105918	0.348384237060493	-0.217767621311887	-0.0730392982586425	-0.0828142270460561	0.000416394522768302
-0.170828968692462	0.368145819201357	-0.211780598884808	-0.05073552874994	-0.127765702705216	-0.00520789910787922
-0.15394822630329	0.378964152972743	-0.200592275478875	-0.0270724767644817	-0.169768138113623	-0.0107279408435426
-0.133362217962185	0.380801951468341	-0.184642831151822	-0.0026694061949454	-0.207852545226918	-0.0160088323550871
-0.109399677037084	0.373302054166628	-0.164181181935328	0.0218911458746603	-0.240940270081021	-0.0209114681792128
-0.0825655754130006	0.356556811446235	-0.139676562724073	0.0460048628567965	-0.268161450914327	-0.0253108920749891
-0.0534438380717632	0.330896124846512	-0.111689130704945	0.0690840311320434	-0.288803795102041	-0.0290961814924948
-0.0226915033138333	0.296885468432339	-0.0808598968213156	0.0905721052056042	-0.302337021590232	-0.0321737189849083
0.00895284205806109	0.25549740107544	-0.0479575925868873	0.110002899766075	-0.308599050934265	-0.0344870829146828
0.0407486500885966	0.207473528086503	-0.0136637136457422	0.126854459391275	-0.3072317411321	-0.0359599484638251
0.0719076410544051	0.153905344997678	0.0212464782556403	0.140710601413667	-0.298237472613086	-0.0365540402975455
0.101634989338581	0.0960450217253215	0.0559727813969541	0.151228925636243	-0.281827079149994	-0.0362543847991387
0.129153484883	0.0352829661383028	0.089703760470323	0.158149340634515	-0.2584159280036	-0.0350697313060686
0.153804508292509	-0.0268616568721282	0.121683352222038	0.161390771025719	-0.228760961465442	-0.0330523325796321
0.174817839571807	-0.0888478060953824	0.151057660896313	0.160748979962497	-0.193430246007277	-0.0302277819273283
0.191580595790121	-0.149082017869944	0.17705766508512	0.156195805231679	-0.153272576527	-0.0266600314542218
0.203594358800819	-0.205987631294764	0.198979328500766	0.147802045019232	-0.109256884248089	-0.0224314709904249
0.210495951056303	-0.258054401130034	0.216208555827163	0.135741036706145	-0.0624495159165925	-0.0176414710649387
0.212197469838227	-0.304045083584986	0.22837592585555	0.120369728311724	-0.0140286670038334	-0.0124154270710483
0.208468241825989	-0.342516276934534	0.234932400958889	0.10194676347908	0.0348811535475219	-0.00686442208050622
0.199349590553292	-0.372374334568425	0.235595526190355	0.0808914983943977	0.0831042286116574	-0.0011188269575105
0.185042020882577	-0.392778568758433	0.230249192000475	0.0577009230087836	0.129479107732403	0.00468478589487445
0.165902621556455	-0.403175889794487	0.218957160417329	0.0329388274906597	0.17288487189436	0.0104065960714078
0.14253940486559	-0.403564888788952	0.20210268474979	0.00724539653170113	0.212363929964975	0.0159118118516331
0.115441624941322	-0.393668978530355	0.179925189423633	-0.0187631316376063	0.246820228198992	0.0210575158213988
0.0853042375461261	-0.373738525686292	0.152952590793976	-0.0444356453554981	0.275365656884576	0.0257131092804695
0.0529108459429258	-0.344313017029549	0.121863302102006	-0.0691272507001722	0.297258830796495	0.0297596638842728
0.0191111308245925	-0.306200857557617	0.0874673356235602	-0.092217322575118	0.311929908099925	0.0330935737970397
-0.0151835239746254	-0.260639352749979	0.0507411124084494	-0.113175147122197	0.319178353257545	0.035648018830157
-0.0491043285111857	-0.208601054665097	0.0125894060804218	-0.131410923700122	0.318577071793834	0.0373332152397112
-0.0817789043693711	-0.151393891729656	-0.0259860124170582	-0.14645249620537	0.310076035541292	0.038099633978066
-0.112380706331301	-0.0904431417469258	-0.0639760221524491	-0.157914049680044	0.293842239270227	0.0379228439501883
-0.140153505209609	-0.0272562412544489	-0.100394992431319	-0.165507322831058	0.270260124583849	0.0368047041742097
-0.164509095521952	0.0365905282390972	-0.134360469111413	-0.169142785847429	0.24007741536666	0.0347944069504498
-0.184783109984568	0.0995719845724008	-0.164950762732887	-0.168615197822505	0.203857167885114	0.0319160655117964
-0.200500284660151	0.160165886373007	-0.19139219186172	-0.163917174082988	0.162474546496979	0.0282372523644628
-0.211313810048555	0.216914493239033	-0.213036012372248	-0.155153916140943	0.11694712960368	0.0238477068050337
-0.217010077111547	0.268458612364512	-0.229375176496453	-0.142542423572161	0.0684090073293892	0.0188572257196087
-0.217641223401781	0.31373492370731	-0.240189954247433	-0.126489468252803	0.0181184733733892	0.0134039315326908
-0.213065903706155	0.351446409993201	-0.245094341807096	-0.107297751508941	-0.0327083674231258	0.00761219117148955
-0.203387085705219	0.380637587298587	-0.243983311919702	-0.0854310292336124	-0.0828032460221948	0.00162610443835979
-0.188824064537239	0.400571670312655	-0.236909273011516	-0.0614243210396318	-0.13091734136883	-0.00440506423010071
-0.169708797288664	0.410754149294735	-0.224079398005831	-0.0358706043629649	-0.175854113914615	-0.010330873497469
-0.146589701026378	0.411204806316134	-0.205988788592695	-0.00942780994700845	-0.216604891753758	-0.0160092614902913
-0.119848275188988	0.401581591315385	-0.182924407014736	0.0172772508050524	-0.252025321018052	-0.0212923054116735
-0.090058905080773	0.382045396675456	-0.155421909881959	0.0435927704096617	-0.281213260809783	-0.0260487450060803
-0.0578783414823723	0.353015826786197	-0.124120718631281	0.0688800075792671	-0.303438359885418	-0.0301625462800161
-0.0240375676991571	0.315164723319942	-0.0897512171246727	0.0925288318956177	-0.318164015886079	-0.0335359730518087
0.010651538550353	0.269597066734403	-0.0531815829155804	0.114024182653396	-0.325249064468878	-0.03611112285727
0.0453794596802145	0.217153454925611	-0.0151857739646714	0.132781779019571	-0.324313635019156	-0.0378056948929648
0.0792944033593726	0.159049739491699	0.0233653069198366	0.148338025336447	-0.315374587898396	-0.0385792836084487
0.111544253389317	0.0966633695400293	0.0615804465658479	0.160312024727707	-0.298666024070483	-0.0384157699860734
0.14130106793313	0.0315057445672125	0.0985649902137551	0.168415223324231	-0.274632098876349	-0.0373234262135543
0.167869401733097	-0.0347931201989932	0.133494661640829	0.172555015499689	-0.244071143969351	-0.0353558747316277
0.190430041387249	-0.100592130413064	0.165446599231039	0.172507492564322	-0.207564437824848	-0.0325362234186234
0.208342431184877	-0.164214562584842	0.193606117678619	0.168248344622544	-0.165995126406153	-0.0289292135430352
0.221091382838691	-0.224017181481429	0.217238671612372	0.159863243386656	-0.120370615512016	-0.0246189712358404
0.228307161689329	-0.278439555057917	0.235712760596392	0.147548100254996	-0.0717983567813617	-0.019707404079616
0.229914402774899	-0.326224351698787	0.248661072501951	0.131689611942867	-0.0214942071692199	-0.0143231337898041
0.225677859332817	-0.365883660179382	0.255520266267904	0.112567514779615	0.0293697215076137	-0.00858063368649647
0.215660475755786	-0.396316537612086	0.256018010523626	0.0906296805212926	0.0795718772636149	-0.00261498052865272
0.200096032947255	-0.416690881525818	0.250057169081545	0.0664009758833982	0.127904871960657	0.00343178347636456
0.17938459289432	-0.426475266434251	0.237726987465411	0.0404709227901301	0.17320274344761	0.00941377565286264
0.154190383561776	-0.425718730321945	0.219447462504	0.0134996383309142	0.214481030272559	0.0151911448866752
0.125047532855796	-0.414155145519717	0.195480034257785	-0.0138726636567513	0.250579492116495	0.0206123294883594
0.0927091756149615	-0.392084496330017	0.166392469653217	-0.0409744685064709	0.280573145838945	0.0255400237280456
0.0580198069168935	-0.360109064449885	0.132910549570192	-0.0671403276047681	0.303693047174264	0.0298491509800728
0.0218902581263423	-0.319110788144569	0.0958986945089155	-0.0917274306533611	0.319351032455459	0.0334306240808374
-0.0147103757500123	-0.270419259880755	0.05639394861832	-0.114187423504211	0.32735393946084	0.0362147268992567
-0.0508562246163167	-0.215074920965205	0.0153663666643305	-0.133890185885195	0.327244679151537	0.0381046289587509
-0.0856255641667595	-0.15447579971579	-0.0261114589944834	-0.150331361047141	0.318979232433468	0.0390477767896073
-0.118149183560617	-0.0901412641215141	-0.0669565386786034	-0.163092149438392	0.302741866819462	0.0390181072886585
-0.147635010755205	-0.0236729837527472	-0.106108597553239	-0.171851269163746	0.278942331501344	0.0380169576001651
-0.173473139164647	0.043264807286929	-0.142618919895898	-0.176494793367387	0.248365785328482	0.036094918768862
-0.194964236708099	0.109061776112384	-0.175487927160269	-0.176776059549424	0.211591839881828	0.033274725817464
-0.211617633738152	0.172124449900664	-0.203883843483968	-0.172665671220239	0.169529583159455	0.0296254704450838
-0.223079746528248	0.230937838541028	-0.227113144298302	-0.164256936812577	0.12323240656242	0.0252391484866451
-0.229137533098322	0.284100781798266	-0.244638412948174	-0.151765380259372	0.0738694836187496	0.0202282108505725
-0.229857802544936	0.330536883551076	-0.256232838542017	-0.135609527495436	0.0227255080621134	0.0147332657101253
-0.225096670932243	0.36891692899503	-0.261493295089789	-0.116102107190546	-0.0289490157303026	0.00888136583814131
-0.214974146451434	0.398289565049832	-0.260327677008589	-0.0937326638483683	-0.0798581523749414	0.00281964097896964
-0.199733287408167	0.41793875398776	-0.252815448697061	-0.0690685699595994	-0.128729238282993	-0.00329957722273122
-0.179734835807915	0.42740359221917	-0.239200784677055	-0.0427380784214971	-0.174346144710716	-0.00932287175121701
-0.155562535591681	0.426761608007187	-0.220026538241591	-0.0154310133117778	-0.215700507592461	-0.0151069098085318
-0.12762509870502	0.415692583185531	-0.195613461850481	0.0121922806503815	-0.251614795660423	-0.0204991176538852
-0.0965327871392602	0.394408896686125	-0.166542722115152	0.0394530444813707	-0.281178019060495	-0.0253656112780248
-0.0629797275088761	0.363387453790729	-0.13349933102231	0.0656918853562393	-0.303658321918573	-0.0295882575523858
-0.0277341649761081	0.323360159410992	-0.0972574513485055	0.0902844042403642	-0.318524342338372	-0.0330677487340403
0.00835990077612612	0.275500151529188	-0.0587240392303481	0.11271443849184	-0.32566196238648	-0.0357469813445275
0.0444558740485976	0.22069248734485	-0.0187133882997344	0.132380928405149	-0.32468166609832	-0.0375401129984978
0.0796726219115792	0.160211064659584	0.0218647260954275	0.148815101340205	-0.315619963071565	-0.0384065607611971
0.113133832004277	0.0954921352086044	0.0620801322902098	0.161631614219743	-0.298737957766672	-0.0383309341390523
0.14399281256897	0.0281052271959912	0.100998684289813	0.170536207658516	-0.274511496552395	-0.0373228940267897
0.171548406152766	-0.0402676311307967	0.137764705429464	0.175436587949769	-0.243779778010905	-0.0354389345007829
0.194960784124231	-0.107929235149824	0.171402923409711	0.176083883046822	-0.20714201140638	-0.0327019138944788
0.213585730355833	-0.173156959187829	0.201060825241893	0.172440692908865	-0.165512217132849	-0.0291785180213871
0.226910178304023	-0.234270087571847	0.225972117580535	0.164581538588599	-0.119926333276922	-0.0249548625881656
0.23457039969839	-0.289680579962223	0.245481108682243	0.1526941862128	-0.0715146172063247	-0.0201344379420829
0.236505703418026	-0.3381265604181	0.25921423665651	0.137165544855756	-0.0215022438361324	-0.0148463690651991
0.232476968917122	-0.378095763088339	0.266586655152994	0.118267603089769	0.0289306204251806	-0.00920478155558938
0.2225557707569	-0.408494527669779	0.267331764710992	0.0964552759030193	0.0785664299223956	-0.00334374010456598
0.20698557560999	-0.428512663081185	0.261370834332958	0.0722671295296803	0.126212255362714	0.00259672649852134
0.186175736165468	-0.437652388912758	0.24882112081987	0.046310852244076	0.170726794542721	0.00847378577456866
0.160799938619915	-0.436017108627467	0.230140583728368	0.0192642793725085	0.21117300591044	0.0141530338044157
0.131393763543914	-0.423365154078933	0.205616911131502	-0.00821257444526486	0.24641142027031	0.0194856439440771
0.0987163429598693	-0.400044679746709	0.175853779717472	-0.0354320906450565	0.275557805009501	0.0243388379049378
0.063618360441882	-0.366708311244731	0.141610334842503	-0.0617187010504517	0.297886745202091	0.028592157643938
0.0270167612117696	-0.324286364451661	0.103778179720754	-0.0864274506882813	0.31285311208741	0.0321408594532455
-0.0101177719488434	-0.274157066585896	0.063409963707252	-0.1090234806762	0.320317562805265	0.0349207078104665
-0.0468483545404921	-0.217385295783498	0.0214872866422809	-0.128881999304545	0.319833276714229	0.0368349325078498
-0.0822461443911628	-0.155397623589915	-0.0209142726468854	-0.145518336706036	0.311379286385423	0.0378323389488518
-0.115434818489574	-0.0897367961120664	-0.0627144941051271	-0.158537963008921	0.29515664277294	0.0378872846922396
-0.145614941835988	-0.0220230647332451	-0.102859017151557	-0.167644792950833	0.271584109220546	0.0370004368642748
-0.172176035315536	0.0460687116721644	-0.14041313223194	-0.17275448227211	0.241454213038017	0.0352216181653193
-0.194398435949884	0.112910912447921	-0.174367672678175	-0.173623664941259	0.205324588794199	0.0325686136651229
-0.211781303224317	0.176898167465296	-0.203885872948633	-0.170227536810408	0.164087822227879	0.0291065321266103
-0.223961598155273	0.236503824285458	-0.228262358667954	-0.162653834257138	0.118775615298336	0.024922822725249
-0.230716967382043	0.290314362380642	-0.246939660543711	-0.151101187168688	0.0705302717619711	0.0201248465761069
-0.23211071399396	0.33725046821796	-0.259671109783202	-0.135964332325214	0.0206014721422026	0.0148475070181248
-0.227978158745692	0.375952614521115	-0.266004467553059	-0.117511374735295	-0.0297934762814606	0.00921176170671978
-0.218430207389741	0.405457051378087	-0.265810085545491	-0.096190209162359	-0.0793937287768492	0.00335913659004728
-0.203703282195285	0.425041203690865	-0.259132888105778	-0.0725267470407178	-0.126961660024435	-0.00256332145864743
-0.184153266403704	0.434244392917002	-0.246188436910691	-0.0471116132616534	-0.171315000966786	-0.00840705035456489
-0.160361517164436	0.433161682804302	-0.227503222803807	-0.0206030513153411	-0.211487442113581	-0.014034153904196
-0.13272917633751	0.421471449542	-0.203380638940095	0.00635915609468033	-0.246314439505231	-0.0192942199336408
-0.101864822780719	0.399411183187203	-0.174407125625596	0.0331035822540405	-0.274904206730208	-0.0240555920432305
-0.0684620286136968	0.367494003905849	-0.1412872924898	0.0589659812151855	-0.296539504144001	-0.0282014601643378
-0.0332886662624255	0.326496219974235	-0.104826307548778	0.0833069956015956	-0.310698836069804	-0.0316329612123846
0.00281598805229781	0.277643362592715	-0.0659664380454631	0.105593907530537	-0.317284694966304	-0.0342940334834689
0.0390022258744355	0.221861959640299	-0.0255648487820172	0.125194325885762	-0.315891390333438	-0.0360956433607319
0.0743890478263912	0.160472940989334	0.0154277989756936	0.141614830534338	-0.306551143503836	-0.0369951290597673
0.108100030485066	0.0949544430279984	0.056046600567152	0.154451343511099	-0.289520466989893	-0.0369747348865978
0.13928748128879	0.0269089753856129	0.0953329759767094	0.16339982322908	-0.265270733616292	-0.0360415683607513
0.167254549549957	-0.0419639288629503	0.132426776828564	0.168374513914341	-0.234643191958367	-0.0342504140815403
0.19114604750292	-0.109953864051739	0.166344805770957	0.169128734601492	-0.19822261425102	-0.0316198527651935
0.210309337389332	-0.175341661449343	0.19624770101976	0.165644281105129	-0.156920305825464	-0.0282139738138845
0.224221718505465	-0.236461622782067	0.221393066737766	0.158021733190691	-0.111772233354636	-0.0241167378576272
0.232508556118851	-0.291749546041318	0.24115559069303	0.146477364492986	-0.0639107087048632	-0.0194299026937975
0.235103285917631	-0.339980693393591	0.255200068672104	0.131427223342272	-0.0145630563523201	-0.0142813538641372
0.231743822407621	-0.37966102971611	0.262959244505457	0.113156965432309	0.0350867862378181	-0.00878382328413311
0.222489353274436	-0.40972664354231	0.264188383532238	0.0921314784680658	0.0838154229176281	-0.00307108030281302
0.207573401275061	-0.429395196784366	0.258822299513242	0.0688881526179047	0.130424145322085	0.00271665318163761
0.187397444909655	-0.438192178345454	0.246980955035523	0.0440210486646804	0.173767661698967	0.0084361045507903
0.162630780560999	-0.436244880092677	0.229115586918309	0.0181812604118972	0.21291506960714	0.0139531002816054
0.133798659136741	-0.423309673584343	0.205488095525689	-0.00800722186385997	0.246723520211817	0.0191180221911459
0.101655889295101	-0.399740659433823	0.176676187439983	-0.0338979713725272	0.274318474302616	0.0237981847209842
0.0670496953270063	-0.366194805462561	0.143409753638285	-0.0588591277809554	0.294993049229407	0.0278740033867842
0.0308933296474632	-0.323605805617614	0.106550312567882	-0.0822885982071141	0.308230409804896	0.0312426362324644
-0.00585033857633234	-0.273356855249312	0.0671195384530079	-0.103694144581102	0.313936648167464	0.0338438083197069
-0.0422471825266452	-0.216511192313681	0.026075999056034	-0.122478756371382	0.311700613960739	0.0355836672128055
-0.0773739964090472	-0.154500919677919	-0.0155213906470029	-0.138180359052582	0.301552970572833	0.0364158622205702
-0.110360700659912	-0.0888764412732401	-0.0566021503009929	-0.150418370978587	0.283751362232788	0.0363203363587432
-0.140414236710235	-0.0212664392044938	-0.0961156906611403	-0.158902685011785	0.258772533149945	0.0353036934122936
-0.166936404676255	0.0466503274198603	-0.133132362746503	-0.163552684787602	0.2274694102712	0.0334223361196746
-0.189202559664467	0.113237018507897	-0.166632773615833	-0.164113817969765	0.190441325348022	0.0306981942775852
-0.206712340395732	0.176886831646141	-0.195776260176418	-0.160553753133142	0.148621641802596	0.0272007555880875
-0.219101189801489	0.236077449445496	-0.219856391802561	-0.152953637479993	0.103073419615997	0.0230208540788463
-0.226142682090898	0.289406003602907	-0.238318875181382	-0.141507900518571	0.0549593273237835	0.0182680069402697
-0.227899402161491	0.335816237233906	-0.250930475729381	-0.126612773384172	0.00553882757077763	0.0130782752077784
-0.224186969857111	0.37396061315985	-0.257242140815481	-0.108533345426515	-0.0439767451755757	0.00757132866833704
-0.215103358565055	0.402901134123363	-0.257139666182585	-0.087721477715117	-0.0923403202364214	0.00188692617431846
-0.200871844316315	0.421944361261052	-0.250685866083406	-0.0647080922387332	-0.138337704542278	-0.00383067868651125
-0.181835573036718	0.430659134713178	-0.238113283031256	-0.040087188123002	-0.180819136330317	-0.0094366916949757
-0.158566810675196	0.429172265167239	-0.219963571286874	-0.0145160611927629	-0.218861100642903	-0.0147979539889205
-0.131452152950044	0.41717498264797	-0.196539795419165	0.0113743856676675	-0.251345292717421	-0.0197696175292974
-0.101093854838593	0.394920677234191	-0.168425795892613	0.0369275963626737	-0.277433921044184	-0.0242260322096487
-0.068183454690327	0.362932554912109	-0.136314870993202	0.0615022166539867	-0.296468754098855	-0.0280568447689889
-0.0334906491459217	0.321990318681643	-0.100991721846426	0.0844894505701359	-0.307990685676558	-0.0311699747327733
0.00214283559057422	0.273316752319539	-0.0633681473018805	0.105395616219777	-0.311969662324352	-0.0335167146838873
0.0378583663152343	0.217826880073294	-0.0242674755968897	0.123625693140599	-0.308057776788353	-0.0350144445203108
0.0727664411252291	0.156830134040838	0.0153950446540279	0.138725177327162	-0.296346690179801	-0.0356270554643213
0.105983160224103	0.0917921160995723	0.0546886094762844	0.150325539753949	-0.277148160440794	-0.035342958543817
0.136656237885139	0.0243029808427505	0.0926848466471435	0.158152101603444	-0.2509829594915	-0.0341748972746833
0.16409401402379	-0.0439529495458485	0.128553290627616	0.162144107016168	-0.218738233215702	-0.03218318644264
0.187438802765206	-0.111270047887377	0.161321213766909	0.162061350911439	-0.1810278596823	-0.0293898984789133
0.206046563060486	-0.175936111796426	0.19015803387733	0.157887534203547	-0.138789092962739	-0.0258625740308676
0.219408704626126	-0.23629188880895	0.214324955563621	0.149718190096549	-0.0930766989402027	-0.0216879743287436
0.22716924235004	-0.290780245876927	0.233197317831602	0.137759985232174	-0.0450347644161948	-0.0169699794129112
0.229288588279575	-0.338191158178067	0.246446408004554	0.122421290103599	0.00410239719545683	-0.0118383101067631
0.225519637155422	-0.377033792739327	0.253498283636853	0.103971961690377	0.0531565415058985	-0.0064055931428454
0.215942981421516	-0.406259649412808	0.254114391723915	0.0828696666293882	0.100914212955494	-0.000805304535000147
0.20081242430257	-0.425107262503476	0.248242647335128	0.0596504208237978	0.146193663607386	0.00482346936178433
0.180547160883761	-0.433127600992128	0.236022789397321	0.0349130323144169	0.187873812085063	0.0103395445404687
0.155833096482619	-0.430480274663884	0.217934603263706	0.00932019251231958	0.22505446401746	0.0156116229226144
0.127200640808092	-0.416944280332457	0.19426109390092	-0.0164939159509124	0.256632696989899	0.020494724495149
0.0954095639694653	-0.39290228500244	0.16560713600161	-0.041869046113656	0.281779464631553	0.0248613802015769
0.0613079972018114	-0.359037491267784	0.132726808065554	-0.0661613646606903	0.299838822462417	0.0285980705970094
0.0258057842337685	-0.316304803417524	0.0964989451597589	-0.0887617098688427	0.310349033310676	0.0316087447138918
-0.0101429213690834	-0.266100972819201	0.057951618619089	-0.109179167646067	0.313273826823461	0.033840405441337
-0.0456159519169765	-0.209494003308114	0.0180382783278078	-0.126825239634883	0.308261404457709	0.0352071158216482
-0.0797059228250145	-0.147913810995113	-0.0221986183085252	-0.141255858516427	0.295401737244043	0.0356704503112523
-0.111562398333459	-0.0829006532943045	-0.0617168320770103	-0.152117160778209	0.275010585675736	0.0352182490218296
-0.140415637201721	-0.0160657100703154	-0.0995045199305609	-0.159153092889458	0.247620499476056	0.0338648244583077
-0.165697155468109	0.050940088501522	-0.134683576279473	-0.162325175690053	0.214137036538737	0.0316740234578699
-0.186707458443139	0.11650270965797	-0.166280980345951	-0.161416814712747	0.175207485543199	0.0286745785708551
-0.202975886812661	0.179044550497718	-0.193508058091928	-0.156435925501524	0.131807907185085	0.0249421959545053
-0.214168549795605	0.23707369056078	-0.215709412018932	-0.147501408974071	0.0850376654180645	0.0205731428379802
-0.220089757888972	0.289217537462952	-0.232378590508963	-0.134841240933496	0.0360882647482944	0.0156814352136142
-0.220835584967312	0.334453893346177	-0.243331050062384	-0.118883261664788	-0.0137593114851357	0.0104068288031846
-0.216244495718999	0.371455061813872	-0.248146931339079	-0.0999103619756286	-0.0632843670498117	0.00487082038635973
-0.206438795466642	0.399307104393983	-0.246741700457359	-0.0783903148752319	-0.111239915696848	-0.000786002430769986
-0.191663147957016	0.41733918908156	-0.239202862106559	-0.0548654276094811	-0.156422288706514	-0.00641987217020332
-0.172278459080979	0.425141198258854	-0.225783235947539	-0.0299374301858898	-0.197702341290764	-0.011887791879501
-0.148873174422845	0.422861994314117	-0.207044834171927	-0.0042710951046879	-0.234183318471903	-0.0170591410242574
-0.121838155898847	0.410205729229943	-0.183297351109595	0.0215041562751018	-0.264789355394646	-0.021794054355749
-0.0917781039678551	0.387441768687607	-0.155133543605849	0.0467321358205211	-0.28872924831754	-0.0259722954796862
-0.0593815280683516	0.355107981965535	-0.123252686170665	0.0707739831144306	-0.305396591309024	-0.0294897342477893
-0.0254092170632256	0.313996553364558	-0.088441557515173	0.0930262864713984	-0.314387610601455	-0.0322611576704774
0.00931093768708897	0.26533897140436	-0.0516100756883125	0.11300300805425	-0.315725052997952	-0.0342445942760591
0.0439433091845422	0.210055385767863	-0.0135696548230335	0.130126137815545	-0.309125199153626	-0.0353660458963095
0.0776246382533462	0.149456479564114	0.0247807130661994	0.143961382877384	-0.294738666434321	-0.0355974560318767
0.109501477703932	0.0850039180905122	0.0625338238135624	0.154166209894428	-0.272934284303549	-0.034935254645422
0.138755254510117	0.0182780344593085	0.0987926301012725	0.16049768475802	-0.244287129669476	-0.0334000493509988
0.164730660224761	-0.0490556522435321	0.132766758195736	0.162931381783139	-0.209732076288048	-0.031059391381458
0.186606231869393	-0.11530988767225	0.163527511991756	0.161268903501184	-0.169934388351098	-0.027943147290899
0.203773363538301	-0.178798407951617	0.190293052342864	0.155536243900927	-0.125873806094135	-0.0241256258811844
0.215756935935035	-0.237892220361134	0.212375817327007	0.145870870264911	-0.0786415573361846	-0.0196996492844402
0.222231589539375	-0.291067626729827	0.229202996071776	0.13251914602184	-0.0294115856469885	-0.0147743408796211
0.223186784012023	-0.337153119583898	0.240499638850506	0.115926547374784	0.0205584183100925	-0.00948392516197124
0.218395993059988	-0.374688842816235	0.245735240318779	0.096391888230636	0.0700755637105074	-0.00394412357024732
0.207957839986385	-0.402660289299845	0.244712975993055	0.0743962940508111	0.117920421395656	0.00170952023786878
0.19213992942665	-0.420338463403569	0.237417246929206	0.0504926639944773	0.162914006111893	0.00733705409901518
0.171371180682391	-0.427304357393885	0.224018696703429	0.0252904553852239	0.203946612643701	0.0127976631880403
0.146345946643414	-0.423746401154332	0.205026175304272	-0.000539419691677952	0.240133450840486	0.0179609970396829
0.117593068707758	-0.409463521968749	0.180737039633659	-0.0263666702847865	0.270404838208221	0.0226858558051884
0.0858702241264202	-0.384857567230616	0.151769697646001	-0.0515354700905601	0.293968603436017	0.0268490409880759
0.0520204937778312	-0.350627213353857	0.118887125230867	-0.0754091534131204	0.310211869111891	0.0303423315649102
0.0169458789551415	-0.307738677237186	0.0829722781364729	-0.0973879771549885	0.318720771272776	0.0330758595804456
-0.0184077068923136	-0.257594968506004	0.0450547276589952	-0.116989085904823	0.31950468428777	0.0350027351359178
-0.0531347863841423	-0.201265698779336	0.00607668638578041	-0.133643196640807	0.312272663261942	0.036045609205005
-0.0863441414559377	-0.140177513724432	-0.032933563216036	-0.146924171121213	0.297170056216869	0.0361740450619229
-0.117203529556646	-0.0758618165174547	-0.0709550451319583	-0.156499220561967	0.274566338637875	0.0353838749586769
-0.144963353168677	-0.00991495953739993	-0.10700515218845	-0.162137220133505	0.245044675521203	0.0336972016330662
-0.169075810741628	0.0560351708354109	-0.140242615682106	-0.163826261430176	0.209552610579407	0.0311847360935259
-0.188866998073973	0.120398645845306	-0.169742521881281	-0.161388014962154	0.168785338694469	0.0278829591828537
-0.203890682799226	0.181628953788748	-0.194769822056848	-0.154869098593836	0.123755749607136	0.0238739793015096
-0.213837388427067	0.238269675395214	-0.214728561627115	-0.144429929510247	0.0755934542420859	0.0192596626228794
-0.218535212339658	0.288987016564378	-0.229175626466738	-0.130341461789399	0.0255135856901568	0.0141587728533266
-0.218102882389719	0.332801111173738	-0.237991011007542	-0.113072520999125	-0.0251877447675436	0.00871478962656787
-0.212399559046537	0.368422932306042	-0.240818837354217	-0.0929489849778043	-0.0752756917814698	0.00305242650754527
-0.201565294762424	0.394977428733159	-0.237632530383048	-0.07047399309129	-0.123498995556669	-0.00268577099487501
-0.185859561693026	0.411829723016465	-0.228569609764763	-0.0462178229362666	-0.168656820172602	-0.00835516178471291
-0.165655214731965	0.418601303160271	-0.21392271363797	-0.0208012159399094	-0.209629927135485	-0.0138130075110825
-0.141551608392104	0.415466847753495	-0.19428194526421	0.00510187735128861	-0.245537410956344	-0.0189298311186822
-0.113945070968997	0.402150423067926	-0.169972534153249	0.0308629662705637	-0.275328340834668	-0.0235687647676784
-0.0834456709553446	0.378934388757137	-0.14158957666696	0.0558372124512639	-0.298243393551572	-0.0276135624316943
-0.0507465265187134	0.346362623585744	-0.109822561798787	0.079406027723898	-0.31371450113467	-0.0309652005123023
-0.0166127420446958	0.305226555637919	-0.0754379140407954	0.100993402436209	-0.321381344969545	-0.0335445120484682
0.0181212775829098	0.256749086995194	-0.0393178330343883	0.120143102334869	-0.321308697311396	-0.0353155726276632
0.0526194279882997	0.201840299737254	-0.00223714497434751	0.136315699498043	-0.313267232364276	-0.0362124794801227
0.0860162442439882	0.141795375750718	0.0349438688860025	0.149113028216713	-0.297456403744323	-0.0362146185317246
0.117457467066182	0.0780574028870348	0.0713578988419089	0.158226809814797	-0.274289954742489	-0.0353254940078076
0.146126001186203	0.0121859885280764	0.106147171090164	0.163444999083009	-0.244381482781581	-0.0335720697195059
0.171368738108287	-0.0541768854849848	0.138555897392671	0.164765247800689	-0.208688591672099	-0.0310263275547865
0.192376460677104	-0.119364756524098	0.167694144153758	0.162017721328009	-0.167907959767692	-0.0277236670134671
0.208554023776345	-0.181713537783315	0.192811986898963	0.155246939955518	-0.123032329368755	-0.0237415826872218
0.21944369077211	-0.239616461732884	0.213250185364839	0.144604062316977	-0.0751554870143624	-0.0191747175369858
0.224741110225883	-0.291572203805165	0.228461175738733	0.13034506305322	-0.0254446695048393	-0.0141327717285404
0.224458169693206	-0.336431776859368	0.238189079796763	0.112917173167814	0.0248633102245318	-0.00874873756357437
0.21839732941798	-0.372758723605678	0.241930550448872	0.0926306734015385	0.0745843864722656	-0.00313828559006152
0.20668525809026	-0.399561933951947	0.239509983438623	0.0699711126813005	0.122519507519233	0.0025646365241119
0.189617815364236	-0.416135852327433	0.230931691882486	0.0454945184188167	0.167511715169653	0.00822207740449454
0.167651675366135	-0.422084525555839	0.216385057768425	0.0198126570168855	0.208472881083902	0.0136953862332908
0.141507747083989	-0.417616277928957	0.196392995214071	-0.006404579837787	0.244539750398035	0.0188565255366725
0.111740333041237	-0.40255329911987	0.171273796130844	-0.0325211259622194	0.274654807676472	0.0235658707996066
0.0791296998661096	-0.377315566148105	0.141659957538941	-0.0578797286083831	0.298038226720144	0.0277019555175423
0.0445386814933842	-0.342616026776823	0.108324807048579	-0.0818436060462502	0.31408623033054	0.0311580877677022
0.00888578235988157	-0.29943060161663	0.0721572827421687	-0.103814432443216	0.322390859246601	0.0338457097502277
-0.0268689200544217	-0.249164241649434	0.0341872906924286	-0.123311649145523	0.32296026068317	0.0357184809709392
-0.0618129895776425	-0.19289024557491	-0.00464511728104893	-0.13977166864014	0.315509925386878	0.0367007621024689
-0.0950519056474511	-0.132031065361015	-0.0433202361582402	-0.152775550671472	0.300186726763707	0.0367632680400725
-0.125754990452562	-0.0681093103201806	-0.0808302108894113	-0.161999230845421	0.277360993411282	0.0359029767153209
-0.153179036365208	-0.00270865537046168	-0.116209142219538	-0.167221244311464	0.247616618113938	0.034143186146039
-0.176784895104064	0.0625602792534093	-0.148632406457103	-0.168435365362077	0.211893330295745	0.03155480379228
-0.195917028908251	0.126122853306604	-0.17719860724849	-0.165478448361148	0.170900886279934	0.0281773102047782
-0.210148937217682	0.186450677297737	-0.20119376635138	-0.158406890948955	0.12565776976346	0.024094688938655
-0.219193611926625	0.242105918987943	-0.220041708894808	-0.147388788863774	0.0772988647844514	0.0194106113377686
-0.222903505340253	0.291773314382535	-0.233317079860665	-0.132700289592027	0.0270437946988511	0.0142454872847273
-0.221419886065536	0.334490658515754	-0.240910943405228	-0.114807822213074	-0.0238173518249115	0.00874302398399036
-0.214631935931286	0.368987368496414	-0.242487355213594	-0.0940455897171806	-0.0740344976404438	0.00303071244945608
-0.202706039299407	0.394405917456005	-0.238033236235763	-0.0709182307759173	-0.122354743737592	-0.00274802728095373
-0.185926727447466	0.410128872834656	-0.227698727590282	-0.0459970457779497	-0.167579563854737	-0.008448376214311
-0.164690116042032	0.415795518503439	-0.21178940497861	-0.0199045732738052	-0.208595884250404	-0.0139281079041997
-0.139613979675632	0.411596510894008	-0.190905311639317	0.00668512425744814	-0.244537372311546	-0.0190595709788084
-0.111117001290597	0.397279460001525	-0.165395636131893	0.0331308489331375	-0.274356829546405	-0.0237063805231026
-0.0798248753796134	0.37314835599241	-0.13587643541864	0.0587763450165602	-0.297307342730026	-0.0277540848475401
-0.0464424050602975	0.339769341436614	-0.103060376743295	0.0829884980407849	-0.312834522929662	-0.0311057342982119
-0.0117423888520338	0.297956204194349	-0.0677388121323372	0.10517406959174	-0.320591627827684	-0.0336843091085877
0.0234378046670097	0.248949827277888	-0.0308165993860205	0.124858912627277	-0.320653964436976	-0.0354557891190397
0.0582599465434641	0.193685235753921	0.00690164637819842	0.141482201454385	-0.312803736484877	-0.0363561346535058
0.0918614937306076	0.133474682837334	0.0445334455879487	0.154628432464305	-0.297248460556895	-0.0363662609462509
0.123393872888166	0.0697727624820635	0.0811948604092257	0.163975854725084	-0.274406801267519	-0.0354908290405936
0.152047519272711	0.00414364616345306	0.116018595349375	0.169304175291375	-0.244893782567112	-0.0337575468104901
0.177176103741863	-0.0617765266718353	0.148247270258313	0.170606830283563	-0.209657021900455	-0.0312377639803217
0.197981202058487	-0.126329224252351	0.176997964353254	0.167720928712185	-0.169398188077591	-0.0279680977842296
0.213877152318184	-0.187869517327909	0.201536928491874	0.16070288802304	-0.125103164059178	-0.0240258004154269
0.224415316880008	-0.244817440369413	0.221228707400404	0.149721088146491	-0.0778544544171038	-0.0195047250672548
0.229299950096641	-0.295704574011454	0.235555265325295	0.135052274993395	-0.0288035642691006	-0.0145132252441873
0.22854724409668	-0.339418649199521	0.244289870426886	0.117161399185729	0.0208426461110976	-0.00918107901386013
0.22197338040731	-0.374561974092859	0.246968383590141	0.0963865170084486	0.0699090171874142	-0.0036235613678441
0.20971469755084	-0.40018122108193	0.243448786469285	0.0732333954213402	0.117220140453482	0.00202776656342954
0.192076728080856	-0.41560566001986	0.233765097954383	0.0482734617907755	0.16164589747122	0.00763779830665072
0.169525853086567	-0.42046955880242	0.218131150538964	0.0221280455750258	0.202126773992921	0.0130710111162522
0.142788195809752	-0.415003137419608	0.197083136857884	-0.00453385277770809	0.237835450238803	0.0182036345772893
0.112434111729292	-0.399051179490973	0.170960424852385	-0.0310714064198031	0.267729854578018	0.0228974155412256
0.0792537190494717	-0.373047177746686	0.140404795810459	-0.0568325847117598	0.291051411696001	0.0270332636875024
0.0441180452749506	-0.33771214191012	0.106194435419329	-0.0811891056299145	0.307213518179455	0.0305064713909903
0.00795196664833815	-0.294025664818195	0.0692204520963016	-0.103552340465147	0.315819833222989	0.0332299016396784
-0.0282825656319303	-0.243389523985767	0.0305100358605614	-0.12345242970473	0.316884543758962	0.0351582430247486
-0.0636656900628999	-0.186880796318057	-0.00898847100918164	-0.140328544297421	0.310118065058093	0.0362152353206405
-0.0973007437156079	-0.125919671550771	-0.0482517422181532	-0.153764329903026	0.295656897306699	0.0363706460737703
-0.12835627518765	-0.0620248977599356	-0.0862673855545459	-0.163434541174377	0.273853723091434	0.0356197573022732
-0.156088977574547	0.00322512541949702	-0.122063876869192	-0.169112508028024	0.245267833835966	0.0339834460871608
-0.179959090950242	0.0682291262765293	-0.154810733633168	-0.17078157426057	0.210802852361926	0.0315289505956858
-0.199310715482963	0.131416625582406	-0.183598345587069	-0.168268391238938	0.171139616946899	0.0282928748157056
-0.213716422976128	0.191268539576921	-0.207707371133904	-0.161617222848857	0.127258529673479	0.0243552720021635
-0.222887562033013	0.246358597395089	-0.226558395031583	-0.150983931782801	0.0802536690718768	0.0198155251216075
-0.226674268644891	0.295385221938634	-0.239725448801703	-0.136633269824771	0.0313028493635483	0.0147895742255832
-0.225211596573973	0.337401776800956	-0.247098678999416	-0.119017795301065	-0.018353495977235	0.00941550166725591
-0.218390917749734	0.371154064134258	-0.248351678135573	-0.0984696332931225	-0.0674905070739291	0.00381831956437817
-0.206377706019585	0.395801656398622	-0.243480414197363	-0.0754895859653634	-0.114885865908379	-0.00186197188711905
-0.189456315389133	0.410744181837353	-0.232646144666504	-0.0506470951150351	-0.159366432852611	-0.00748350479789552
-0.168023805960952	0.415637463035748	-0.216167101279181	-0.0245645046214174	-0.199838090806714	-0.0129063773399819
-0.142695600923116	0.410685226859153	-0.194651553227558	0.00208741488960454	-0.23545405033848	-0.0180057266727349
-0.113901319986212	0.395653625924549	-0.168471171865493	0.0286587374528201	-0.265158938574862	-0.0226440681920385
-0.0822734835804673	0.370860752218497	-0.138257783132352	0.0544893275418995	-0.28819954933846	-0.0267064755972363
-0.0485244001144544	0.336885404173889	-0.104738988104012	0.0789422426589441	-0.304009101908804	-0.0300948792791812
-0.0134347707733875	0.294552809813476	-0.068720356593719	0.101420272241102	-0.312223251045151	-0.0327305664039025
0.0221538445091107	0.245110503995359	-0.0311156298934205	0.12144721092622	-0.31289896951243	-0.0345780227178861
0.0573895558855691	0.189508877139767	0.0072491976279851	0.138452651608882	-0.305788525815106	-0.0355696172936678
0.0914016659665647	0.129069678914946	0.0454773343894593	0.152014231149093	-0.291072619329094	-0.0356832908647435
0.123334886211971	0.0652550983713852	0.0826716386238253	0.161802444591553	-0.269143724220711	-0.0349207446324945
0.152374433999555	-0.000365358098089229	0.117952714105403	0.167588093052677	-0.240592593115711	-0.0333068806545503
0.177871482302649	-0.0661556526123468	0.150554045427708	0.169353865385222	-0.206343021098297	-0.0309103304002025
0.199022668039067	-0.130453542537714	0.179580702631749	0.166926547378619	-0.16708238921039	-0.0277657461819128
0.215240428371576	-0.191617560442599	0.20429279007306	0.160352647153025	-0.123783967816841	-0.0239486387374327
0.22607513600753	-0.248075711609061	0.22405290008116	0.149791867898703	-0.0775214453626129	-0.019551498163742
0.231230547616932	-0.298372230193737	0.23834592467408	0.135514317141604	-0.029440771889554	-0.0146816523516821
0.230720852270891	-0.341412070025822	0.246950536081763	0.117977444097034	0.0192610197009753	-0.00946719841996463
0.2243637640992	-0.375818780607403	0.24942013398654	0.0975237557183057	0.0674010562413343	-0.00402411188164397
0.212295304711317	-0.400663560105436	0.245632552673713	0.0746633269140053	0.113803486472531	0.00151635011433773
0.194820179948383	-0.415302530452111	0.235645623792173	0.0499747863476683	0.157339719382213	0.00701960727900969
0.172403462949603	-0.419397982745518	0.219699460918882	0.0240887016440083	0.196954878977734	0.0123509984363458
0.145765850381583	-0.413205194616433	0.198350994456939	-0.00232077417817382	0.231837032950032	0.0173891375376109
0.115481370709186	-0.396599579897166	0.171973944937227	-0.0285961640132055	0.2609463334556	0.0219957705566525
0.0823395146419156	-0.370038671571828	0.141233425226546	-0.0540766985103692	0.283537930744696	0.026053417889683
0.0472103518680577	-0.334262948313211	0.106924513610944	-0.0781295266891982	0.299042688208382	0.0294593588544221
0.0110175384743948	-0.290266105445443	0.0699474672336374	-0.100166592276995	0.307084447643073	0.0321286951843397
-0.0252828414193343	-0.239454192706665	0.0313243577102321	-0.119727759294425	0.307702421170875	0.0340191647062763
-0.0607658746010836	-0.182912877919492	-0.00799457692401617	-0.136257993045182	0.300623086586595	0.0350556637726543
-0.0945353405426705	-0.1220602320313	-0.0469988150741934	-0.149355779626784	0.286001579524862	0.0352096768609489
-0.125760923161664	-0.0584071703156805	-0.0846953819804743	-0.15871444407641	0.264206760662476	0.0344778800629646
-0.153700939520928	0.00648060229047579	-0.120136800584636	-0.164127958759604	0.235810594930191	0.0328821195896947
-0.177820706219131	0.0710214244523355	-0.152521869830525	-0.165601310990802	0.201724044081671	0.0304901104857609
-0.19746052904145	0.133659358024128	-0.180963200551549	-0.162979225687147	0.162632494718736	0.0273383019581495
-0.21219248082181	0.192895278207699	-0.204766029485269	-0.156322440381224	0.119514926026232	0.0235060416676523
-0.221726462473939	0.24732414038028	-0.223373141161058	-0.145799550181172	0.0734584234832074	0.019091391277154
-0.225909720335734	0.295666160530699	-0.236377393841543	-0.131683612801371	0.025628081871233	0.0142083502519263
-0.224873220697322	0.33699710842512	-0.24368248648348	-0.11442871024941	-0.0227575983000962	0.00899193252811172
-0.218500527503915	0.370083003001507	-0.244974187626955	-0.0943686131255914	-0.0704927572358875	0.00356477893275403
-0.206948566144187	0.394103117453245	-0.240255232608392	-0.071999323975409	-0.116382432959369	-0.00193649181806941
-0.190491866861867	0.408475290216925	-0.229689259797375	-0.0478811373710295	-0.159285376932039	-0.0073738292237695
-0.1695169299551	0.412871692421369	-0.213592477745602	-0.0226231473251102	-0.198143095968388	-0.0126114738471004
-0.144625885552988	0.407507851234113	-0.192561945014401	0.00312493554244799	-0.232150610673394	-0.0175295660749556
-0.116241992995007	0.392164629645478	-0.166965293556063	0.0287282211019925	-0.260287008446514	-0.0219939727676606
-0.0849898133851427	0.367168605638654	-0.137420689573699	0.0535489526415571	-0.281836820105369	-0.0258936261133614
-0.0515750250289531	0.33310298616921	-0.104637352006537	0.0769757670610028	-0.296269470424172	-0.0291340159976759
-0.0167732063577424	0.290793170412639	-0.0693981544588371	0.098439746260876	-0.303253983387094	-0.0316395675307936
0.0185824307402022	0.241478494635301	-0.0325844029669962	0.117499347292654	-0.30287897008801	-0.0333779056381516
0.0536353961808335	0.186107804408024	0.00499736447887802	0.133608810611962	-0.294917782174204	-0.0342826879297752
0.0875147107751573	0.125992911114286	0.0424777799379045	0.146374542639515	-0.279569071645869	-0.0343330886864716
0.119364750266416	0.0625828630757599	0.0789871497731484	0.15549418299681	-0.257237549225746	-0.0335315062003016
0.148370748953796	-0.00256827210462031	0.113671891801611	0.160762617733103	-0.228520516563691	-0.0319030680031577
0.173888843408688	-0.0678452973810797	0.145792932372811	0.162185293008028	-0.194343421039362	-0.0295163992603908
0.195110470097627	-0.131596814702542	0.174465711523459	0.159598166756639	-0.155388823094974	-0.0264053973073446
0.211448552457767	-0.19219625671223	0.198960570115467	0.153053591174659	-0.11262183286872	-0.0226447914401101
0.222454842203818	-0.248085735560872	0.218644440530161	0.142710080160841	-0.0671043365652745	-0.0183261064735234
0.227834995988379	-0.297822437250428	0.233000568784858	0.128829491181255	-0.0199672792797339	-0.0135555331535119
0.227606831849582	-0.340325110388793	0.241802224599428	0.111855251202538	0.0276109334319307	-0.00845967183184564
0.221586632314706	-0.374224393804353	0.244587752161491	0.0921078189829618	0.0744670742024278	-0.00315316569633139
0.209910204297508	-0.39859950341214	0.241218594749839	0.0700719352097136	0.11944738244828	0.00223440472053773
0.192880756522472	-0.412813749536076	0.231734172300355	0.0462981008722099	0.161447549325504	0.00757043298490537
0.170960196452352	-0.416536178429251	0.216355647447221	0.0213876297348724	0.199439350873666	0.0127225968443977
0.144862720718425	-0.410027826515427	0.195620156631171	-0.00401565066692945	0.232640707495084	0.0175725318090187
0.115157044829218	-0.393172099019094	0.169887544974581	-0.0292789261205817	0.260042599089822	0.0219847965087811
0.0826241804979601	-0.366433079107542	0.139810041976932	-0.0537642277481045	0.280933278784719	0.0258453151899052
0.0481238598800842	-0.330557260137239	0.106172649903881	-0.0768577392155168	0.294778157578704	0.0290550902650087
0.012567774511337	-0.286543519047919	0.0698681193874523	-0.0979866272441337	0.301236355324467	0.031533186197527
-0.0231046925642904	-0.235797964290761	0.0319080592531042	-0.116706242498704	0.300381913420957	0.0332415792081324
-0.0579778233991025	-0.179414026765104	-0.00675506213782595	-0.132465795033539	0.291975176147285	0.0341090325219085
-0.0911685630215051	-0.118810521156058	-0.0451141755737028	-0.144870075240211	0.276201965118298	0.0341108592995149
-0.121859974754359	-0.0554955093325062	-0.0821819269383966	-0.153618714035211	0.253457608455659	0.03324724266536
-0.149323563332696	0.0089721766789427	-0.117019706677517	-0.158513188322543	0.224335207779235	0.0315430816702257
-0.173040973124274	0.0730268664455686	-0.148845043838686	-0.159572094722561	0.189760374913656	0.029068618214174
-0.192358463113149	0.135120279782142	-0.176778138243635	-0.156645850460326	0.150427385173936	0.0258620766449946
-0.206856594136301	0.193769744505102	-0.200141458484139	-0.149806819041682	0.107317502881322	0.0220039648162645
-0.216252195114282	0.247589630285181	-0.218397277500816	-0.139236108381431	0.0615139691741131	0.0175928075413505
-0.220397625931609	0.295321399540921	-0.231158402298389	-0.125218664004303	0.0141724376488244	0.0127423717841782
-0.219429410417484	0.336065760949868	-0.23835106192121	-0.108220600876019	-0.0335019855088068	0.00758686108051538
-0.213228210520709	0.368604522436434	-0.23966898216846	-0.0885767326020507	-0.080323375697766	0.00224723352437298
-0.201948575324171	0.392133350283163	-0.235121693667132	-0.0667810017924718	-0.12511843146936	-0.0031419630062564
-0.185860585415835	0.406082888471933	-0.224872824897854	-0.0433846845351047	-0.166769938858862	-0.00844520314237622
-0.165344305622102	0.410133931636708	-0.209231267230521	-0.0189805049830034	-0.204245437512743	-0.0135296440680445
-0.140993920362568	0.404506370573405	-0.188780718659519	0.00580449988996074	-0.236764858103871	-0.0182784169813285
-0.113221979635194	0.388981395669336	-0.163866952064316	0.0303657115454554	-0.263340951540387	-0.0225612685542138
-0.0826415591807192	0.363882177199152	-0.135083030583767	0.0540985892512115	-0.283289495809855	-0.0262708378892978
-0.0499456350693632	0.329786128582234	-0.103110852583078	0.0764266777137178	-0.296111546825813	-0.0293163545175139
-0.0158959905092493	0.287511818861249	-0.0687059115243934	0.0968154562355653	-0.301507690546343	-0.031625938747934
0.0186904579450991	0.238289370511173	-0.0327220835299774	0.114855823191204	-0.299594034203396	-0.033170511944606
0.052970694879859	0.18306611573756	0.00405357196789482	0.13002911891755	-0.290178674705001	-0.0338875588194961
0.0860889599839869	0.123150776955077	0.0407691108941625	0.14196397786735	-0.273488855149569	-0.0337594803108337
0.117205043793405	0.0599905147947406	0.0765682011912065	0.150374673699425	-0.249954549417174	-0.0327915631641241
0.145519468330694	-0.00486176617915144	0.110607016219893	0.155067379056669	-0.220194314581903	-0.0310114551021899
0.170405644282991	-0.0697957962342608	0.142157087134175	0.156055501570557	-0.185149207174936	-0.0284898924236101
0.191065094447638	-0.133157087788047	0.170333885551716	0.153175962482087	-0.145515831887297	-0.0252626194655564
0.20692162749389	-0.193322027685644	0.194411015809288	0.146480660181787	-0.102267390651038	-0.021405809760992
0.217535900464736	-0.248738828587964	0.213759086401832	0.136125759572698	-0.0564694752950354	-0.0170121210918587
0.222620205919683	-0.297974330555581	0.227865846815111	0.122369424097366	-0.00925277915305139	-0.0121886094478571
0.222199151758465	-0.3399633961216	0.236513809789866	0.105652430552327	0.0382053743642467	-0.00706287300109897
0.216086981825966	-0.37334809376838	0.239241012503144	0.0862859750218002	0.0847519594204882	-0.00174949079329868
0.204417801097787	-0.39722361110659	0.2359124012675	0.0647464932378517	0.129242840147987	0.00362181144525685
0.187491205769465	-0.410969680020404	0.22656985735909	0.0415744686370816	0.17058491161018	0.00891842249601942
0.165763972899354	-0.414270983485965	0.21143516066077	0.0173590799631323	0.207762471774185	0.014008176003149
0.139945732246166	-0.407403440675895	0.191046616574838	-0.00726762753332857	0.240002244505931	0.0187724965950621
0.110595544216555	-0.390259799143417	0.165754850495041	-0.0316937883252771	0.266317595407913	0.023077418441255
0.0784862001095724	-0.363310769375604	0.136203116458669	-0.0553013934670411	0.286014979596165	0.0268100265206519
0.0444689645263773	-0.327305912796684	0.103165120036334	-0.0774977044187922	0.298579083445718	0.0298728266529831
0.00944684725895037	-0.283244081149339	0.0675207356009662	-0.0977311375830688	0.303689536239199	0.0321867875711735
-0.0256495290656279	-0.232527853874779	0.0302690487146067	-0.115574987332321	0.301438030486135	0.0337158043565971
-0.0599141846360839	-0.176248467110654	-0.00765249286367983	-0.130500416733175	0.291614764578791	0.0343921310836616
-0.0924735852878079	-0.115819951798523	-0.045250126975618	-0.142128724859796	0.274431822649848	0.034194494012258
-0.122520566326253	-0.0527449737083188	-0.0815485786872287	-0.150172321059666	0.250311573092903	0.0331268609871422
-0.149336647924578	0.0114232488536383	-0.115619895430369	-0.154441399376528	0.219874642396743	0.0312182356693763
-0.172414792730993	0.0751273903066129	-0.146691986894515	-0.154958099009776	0.184072810098977	0.028543143677178
-0.191109892446819	0.136821190733824	-0.173892236741012	-0.151576108688642	0.143630020888118	0.0251444761061909
-0.205011649961013	0.195027510892841	-0.196551423487308	-0.144367393688805	0.099554045074726	0.0211072884073028
-0.213845437174227	0.24836752496742	-0.214140983429212	-0.133511301034878	0.0529525723476723	0.0165345540847815
-0.217471399006992	0.295591174215141	-0.226284371815225	-0.119290743671002	0.0050028716984591	0.0115442753264428
-0.216034793325558	0.33581187561577	-0.232922287037651	-0.102170721549745	-0.0430707589290683	0.00627479296103044
-0.209419658006503	0.367820216237343	-0.233759811047005	-0.0824856042911115	-0.09007062052062	0.000850162900956472
-0.197784625973576	0.390824282375736	-0.228821105543746	-0.0607306338028165	-0.134816124605517	-0.00459239753244948
-0.18140302298583	0.404268059695461	-0.218284842035113	-0.0374595391713451	-0.176189031684974	-0.00991546645989191
-0.160657540857621	0.407845928689223	-0.202474095881416	-0.0132678641995059	-0.21316268691561	-0.0149852028791378
-0.136146471414959	0.401791379902422	-0.18198628232551	0.0112135580175327	-0.244966944575497	-0.0196843371090088
-0.108281752560019	0.385896564337864	-0.157172609329409	0.0353822786008063	-0.270639056951347	-0.0238842848852783
-0.0776778371702974	0.360493535067766	-0.128628185095835	0.0586371989391846	-0.289522611548619	-0.027479981993354
-0.0450293130528712	0.326165907640594	-0.0970313297252941	0.0804087222810734	-0.301151994948948	-0.0303839589039308
-0.0110997833372535	0.283735813717049	-0.0631284341748993	0.100172634397405	-0.305265369259099	-0.0325285395049595
0.0232906262368687	0.234433295102472	-0.0277607944594147	0.11753038599	-0.302014790630687	-0.0338891022692227
0.0572994866685215	0.179207279784542	0.00830372032228023	0.131982295923886	-0.291255767152919	-0.0344093600980411
0.0900706378579484	0.119364985919151	0.0442332510109554	0.143173926790151	-0.273256543436771	-0.0340775986487169
0.120764513352859	0.0563512250743213	0.079191731597447	0.150835456425465	-0.248484386169966	-0.0329049338161508
0.14858382372986	-0.00828372707572352	0.112354109341493	0.154786560506731	-0.217589840572654	-0.0309245486033854
0.172905618029246	-0.0729342736089727	0.143007079967296	0.155047946160434	-0.18153497398303	-0.028211747131049
0.192938758441927	-0.135945327702201	0.170280283535473	0.151467284777063	-0.141041609829381	-0.0248073819732862
0.208115674128861	-0.195695143337689	0.193457292998011	0.144100701138304	-0.0970952762214831	-0.0207913536153427
0.218007641622173	-0.250634781074045	0.211916335976504	0.133105947976288	-0.0507662529739686	-0.0162591499519686
0.222339387369745	-0.299335648293888	0.225151774343582	0.118741510924286	-0.00318316269317614	-0.0113197805426623
0.221150079230725	-0.34074077240236	0.232952495218603	0.101446649573653	0.0444868330820568	-0.00610176640304406
0.214268492445197	-0.373500325648723	0.23486686551606	0.0815382543571701	0.0910980054426841	-0.00072053025783798
0.201844284146507	-0.396721292442395	0.230771486899269	0.0594984857752167	0.135519062278642	0.00469421584282738
0.184193115084135	-0.409797743967541	0.220722680213765	0.0358764817428768	0.176670880099293	0.0100103201965606
0.161788217655226	-0.412430737673533	0.204959127973942	0.0112728600764814	0.213551623408257	0.0150963898989031
0.135357480792308	-0.404913266808622	0.18403729148341	-0.0136671348503986	0.245399661518127	0.0198346355407269
0.105474614065085	-0.38715671162169	0.158326653558619	-0.038316784329855	0.271241295791418	0.0240924772413112
0.0729281164407408	-0.359648285200453	0.128486511071017	-0.0620447375066289	0.290393140667569	0.0277582922250621
0.0385841146663803	-0.323151818207085	0.0953026546544709	-0.0842474487626131	0.302348863984052	0.0307360031027929
0.00335892197381014	-0.278677598596472	0.0596617375788643	-0.104366386144818	0.306796746677833	0.032948194777998
-0.0318042840885398	-0.227634753855028	0.0225644760306455	-0.121970484121627	0.303832679646157	0.0343600747665506
-0.0659947146145573	-0.171122554085883	-0.0150584628213282	-0.13653692467634	0.2932655686159	0.034907116911283
-0.0983364243796273	-0.110558147708125	-0.0522249715107582	-0.147695731878553	0.275322932073177	0.0345710629864714
-0.128024827909355	-0.0474448843664564	-0.0879759153234835	-0.15517206777779	0.25044497582962	0.0333593537500684
-0.15434944710697	0.0166651044206503	-0.12140232470531	-0.158791726072061	0.219272471071862	0.0313048980825219
-0.17681541616129	0.0802188390471122	-0.15175057377372	-0.158590624491432	0.182772125321522	0.0284856864300925
-0.194797919001664	0.141669739080766	-0.178169658123996	-0.154444478151347	0.141700565318753	0.024950180814458
-0.207908838985408	0.199542511110504	-0.200007506146875	-0.146442039018206	0.0970895073575924	0.0207880543245343
-0.215897865196712	0.2524603990747	-0.216749157633507	-0.134776874599764	0.0500671637745556	0.0161064763589862
-0.218650132669584	0.299175952250456	-0.228027863673005	-0.119743182449022	0.00182616407061154	0.0110269457757756
-0.216334492396667	0.338807572492312	-0.233789673540266	-0.101812203349282	-0.0464053584272385	0.00568979640161381
-0.208858363459452	0.370149323612992	-0.233745382551745	-0.0813284031233362	-0.0934206190716626	0.000221408617305876
-0.19639939358635	0.392415563358257	-0.227921418244142	-0.0587926293291076	-0.138043285875375	-0.00524053677383492
-0.179246167080989	0.405059097379142	-0.216498573048564	-0.0347638285244737	-0.179166995557474	-0.0105593939699393
-0.157792975572425	0.407786307765967	-0.199803678730204	-0.00984376655306685	-0.215783566682265	-0.0156032317690433
-0.132646598424752	0.40084576527602	-0.178440820820824	0.0153286318440277	-0.247146680671889	-0.0202576830305299
-0.104225116037408	0.384049686693475	-0.152773134334291	0.0401387037551015	-0.272319631908416	-0.0243976086483793
-0.0731471256712645	0.357752215295905	-0.123411067056521	0.0639710287064824	-0.290674313726186	-0.0279219653881022
-0.0401103759662561	0.322561203098689	-0.0910521485353683	0.086239361729109	-0.301773250378697	-0.0307475141479662
-0.00588129997243853	0.279324185508477	-0.056464895685135	0.106401620386126	-0.305381049855832	-0.0328107745520003
0.0287162392788753	0.229294389850231	-0.02051442346409	0.124040300799277	-0.30166887576876	-0.0340905922371607
0.0628380607218729	0.173447755682472	0.016008865990109	0.13864263442862	-0.290518461502753	-0.0345349256287961
0.0956253972863714	0.113113136699611	0.0522531283878804	0.149843777028129	-0.272215678714797	-0.034135321252602
0.12623660201977	0.0497524268458203	0.0873670632652854	0.157369282276413	-0.247240794573238	-0.0329055432720673
0.153873480071987	-0.015072657570324	0.120516693903689	0.161041115468579	-0.216252611287904	-0.0308807492325159
0.177912421949301	-0.0797538854032201	0.150986228570273	0.160887144094478	-0.180210040198969	-0.0281367465761514
0.197568194193816	-0.142633957245015	0.177912416121296	0.156775387399879	-0.13984369630941	-0.0247160460423798
0.212279677958007	-0.202097312993395	0.200591417193106	0.148784966894008	-0.0961359186007104	-0.0206986139264693
0.221627288383438	-0.256606702568731	0.218419575360889	0.13710035330495	-0.0501487427411826	-0.016179206558022
0.225347603067349	-0.30474982833613	0.230913476344531	0.122008497434436	-0.00299762197986441	-0.0112653414379044
0.223492127364202	-0.345491057682897	0.237885890548557	0.103974808625216	0.0441738725662933	-0.00608265919281828
0.215909128678041	-0.377500539517892	0.238912483352916	0.0833455978751534	0.090233349394021	-0.000744872376362975
0.202766140095073	-0.399907098224269	0.233894607046603	0.0606256771573334	0.134073432498794	0.00462134321179335
0.184396653693179	-0.412126513533501	0.222911383514228	0.036381768472885	0.174642551706649	0.00988728548011151
0.161290883121573	-0.413880846572044	0.206221931139729	0.0112267238855327	0.210968997066187	0.0149252418365214
0.134190508278269	-0.405482838072567	0.18440014840244	-0.0141877381115045	0.242324959705869	0.0196214919117395
0.103684953905355	-0.38686286970445	0.15783220080328	-0.0392313247628629	0.267763514446606	0.0238463882230098
0.0705735362539004	-0.358524601029428	0.127190012656696	-0.0632746693040211	0.286629049263068	0.0274913336624128
0.0357299774089527	-0.321246219014664	0.0932691520108645	-0.0857200214599809	0.298439208300377	0.0304627484425479
7.50629824630066e-05	-0.276050276568982	0.0569633105979345	-0.106017725662828	0.302900619378188	0.0326850104165693
-0.035446472459953	-0.224354377602406	0.0192777711563015	-0.123746615923025	0.300118557845333	0.0341241565689223
-0.0699238469619213	-0.167268449345377	-0.0188551461202371	-0.138398630491949	0.289906866358487	0.0347157940347556
-0.102482856118598	-0.106216192513835	-0.0564542290043017	-0.149618167964718	0.272487303380082	0.0344407360428264
-0.132321316698681	-0.0427052517374563	-0.0925634832803519	-0.157144801475487	0.248285133835283	0.0333045378520682
-0.158731104797744	0.0217100428819407	-0.12627875603102	-0.160817837111689	0.217917675622475	0.0313373494709516
-0.181217508631183	0.0854783323450602	-0.156850655111438	-0.160681583822642	0.182315685131044	0.0286131180919587
-0.199158938704304	0.147051113886447	-0.183435902426341	-0.156625153069786	0.14220735294423	0.0251770685119043
-0.212167777720698	0.204953974660327	-0.205387221928085	-0.148743201145745	0.0985868974625033	0.0211147032322297
-0.219993432775294	0.25781159600029	-0.222192254234863	-0.137230371845293	0.052543344933694	0.0165288650669393
-0.222520530939931	0.30437829795195	-0.23348417850195	-0.122376906723305	0.00523047957474251	0.011536792700504
-0.2199152796962	0.34377561364663	-0.239204072647732	-0.104641976622296	-0.0421668263686378	0.00627405355666456
-0.212090294503544	0.374798501686761	-0.239061183327139	-0.0843627260303845	-0.0884649394056639	0.000864661797577939
-0.199227169199783	0.39666355392988	-0.233076245815482	-0.0620261835622727	-0.13251285998418	-0.00455634003792948
-0.181620441561641	0.408826856771354	-0.221424011361307	-0.0381761655981996	-0.173224236776081	-0.00985430097603053
-0.159672555188588	0.410999835515399	-0.20442642102676	-0.0133996704553474	-0.209604998387036	-0.0148985564716092
-0.133998192555538	0.4034383051374	-0.182683671135441	0.0116785517654783	-0.240921476452753	-0.0195758985370417
-0.105030998231767	0.385965505688724	-0.156562981807013	0.0364512465985758	-0.266230618135903	-0.0237597780089918
-0.0734032103936652	0.358948991429539	-0.126680871489419	0.0603084466325542	-0.284896439115968	-0.027347675979088
-0.0398261182881875	0.323012962866768	-0.0937450887389472	0.082665478855605	-0.296467112980863	-0.0302541068090104
-0.00507882635384414	0.279023920133907	-0.0585381432667729	0.102978218984025	-0.300686842479454	-0.0324126308281848
0.0300046697885969	0.228254651623264	-0.0219419306820622	0.120822725238284	-0.297701583427076	-0.0337987461843091
0.0645693059085583	0.171704928686459	0.0152342156098875	0.135681293284743	-0.287362070457398	-0.0343559861822295
0.0977491826328233	0.110725234278826	0.0521201780174884	0.14718242097188	-0.269921427700231	-0.0340715188494993
0.12869795245554	0.0467970673531004	0.0878479978539095	0.15504539517223	-0.245826347334428	-0.0329547201541627
0.156614882134512	-0.0185014928793895	0.12156982348702	0.159086989691325	-0.215703138456934	-0.0310365919236591
0.180874924513933	-0.0835515311580525	0.152557818600298	0.159327705681582	-0.18047682014695	-0.0283888626399162
0.20069408979436	-0.146686100488688	0.179944565086662	0.155638048528868	-0.140859249791689	-0.0250515818545463
0.215512936452735	-0.206286488646709	0.20302417630229	0.148097012819864	-0.0978160317704756	-0.0211027757999763
0.224914072227213	-0.260816975787895	0.221193781549332	0.136888670061712	-0.052399116283268	-0.0166362172147655
0.228636517272763	-0.30887079454032	0.233972429847966	0.122298119073714	-0.00572055155969049	-0.0117594068242893
0.226732459084234	-0.349421366955284	0.241172265509573	0.104782053919313	0.0410801301137666	-0.00659806758095463
0.219055571632042	-0.381148618099573	0.242375892645642	0.084685086733463	0.0868527847492654	-0.00126872258332536
0.205776960862343	-0.403192412112018	0.237486241211466	0.0625021165007312	0.130475269117466	0.00409941253422484
0.187233798664284	-0.414979659372666	0.226581474540209	0.0387859474860669	0.170879437965028	0.00937482304456428
0.163920125823101	-0.416243275638493	0.209917267974342	0.014132179520712	0.207077111255043	0.0144269789770832
0.136579176632969	-0.407305671329473	0.1880584687109	-0.0108299059882926	0.238331295575135	0.0191403600890784
0.105808007340653	-0.388109367297274	0.161391231412442	-0.0354846541542816	0.263675858487557	0.0233820735407524
0.0724106015044803	-0.359169598226357	0.130584264661349	-0.0592189887312522	0.282446391931567	0.0270418199854392
0.0372647571253994	-0.32127728762875	0.0964323240291551	-0.0814477659667661	0.294157410409029	0.0300251596772735
0.00129460352574575	-0.275469432728729	0.0598320773575884	-0.101628625360157	0.298518321462735	0.0322564800289146
-0.0345548323436169	-0.223178153421609	0.0217942505627154	-0.119342039603099	0.295643966325726	0.0337029770728458
-0.0693674259323226	-0.165534218906702	-0.0167330219530452	-0.134073370265746	0.285359034992697	0.0343011925862731
-0.10226693469907	-0.103980805423048	-0.0547517367470728	-0.14545628236663	0.267901228343587	0.0340338174422396
-0.132449611217218	-0.0400444319883813	-0.0912871125291426	-0.153216027435551	0.243713572044714	0.0329085785354812
-0.159205751369327	0.0247037935031977	-0.125416253345938	-0.157176119093963	0.213431101112388	0.0309578282824939
-0.182039743063975	0.0887012945991378	-0.156372858616336	-0.157364022491335	0.1779974437424	0.0282572851467525
-0.200324645965327	0.150388482108961	-0.183301727625333	-0.153659205686895	0.138157295377174	0.0248539865316754
-0.213667561151095	0.208287878126533	-0.205549597569246	-0.146149826449327	0.0949142134372387	0.020834512635936
-0.221810972810164	0.261027405632181	-0.222604493592352	-0.135029001062993	0.0493612631393058	0.016302136696228
-0.224630951567009	0.307370508032572	-0.234105676609336	-0.120589679517124	0.00265069262912539	0.011373875526655
-0.222283147298369	0.346453503981279	-0.24000149357717	-0.103292811657991	-0.0440445853481516	0.00618388336434877
-0.214670393018247	0.377086979696195	-0.240016812176507	-0.083485694577785	-0.0895453960572677	0.00085574176628886
-0.201964118884415	0.39850526550294	-0.234184320478675	-0.0616597678202618	-0.132714023794103	-0.00447691757719748
-0.1844498360179	0.410181532734997	-0.222686879221664	-0.0383580772336659	-0.172480796210927	-0.00968113306855506
-0.162523115558926	0.411842131109043	-0.205848560109596	-0.0141597371917497	-0.20787118992753	-0.0146281215656879
-0.136792119966119	0.40375357312793	-0.184260051879454	0.0103304484660698	-0.238178163640833	-0.019207386676963
-0.107694300066145	0.385749163242161	-0.158283201943425	0.0345224564687461	-0.262476152681185	-0.0232935030080685
-0.0758668853085493	0.358202386666283	-0.1285188959755	0.057833457283682	-0.280153057435889	-0.0267859521392361
-0.0420298288431369	0.321741439844444	-0.0956557662411938	0.0797089485146358	-0.290782826749358	-0.0296014746023691
-0.00697398343673467	0.277236372815386	-0.0604567365743284	0.0996345655685345	-0.29413714394047	-0.0316761203585748
0.0284563527232318	0.225961714042143	-0.0237822846645413	0.117215685944825	-0.29039291981202	-0.0329886053158996
0.0633858533377716	0.168928797469793	0.0135623823661629	0.131947684617168	-0.279426614916481	-0.0334847395120063
0.096932563630629	0.107499940811733	0.0507083525288256	0.143466641937545	-0.261518438972523	-0.0331545753126463
0.12823579749831	0.0431718344522204	0.0867801092540676	0.151489028341221	-0.23713984865721	-0.032010351544944
0.156483155906755	-0.0224595379083267	0.120913633204827	0.155818602689689	-0.206937982429432	-0.0300857102230093
0.181043709160175	-0.0877594038354281	0.152360326033468	0.156455678214516	-0.171851869371922	-0.0274545432016422
0.201124582370512	-0.151037073876581	0.180220291483051	0.153240203729075	-0.132603049689387	-0.0241583845607134
0.216163631018944	-0.210656425082714	0.203756625790432	0.146219766895889	-0.0901574826883207	-0.0202758313019849
0.225743681404839	-0.265069486271271	0.222337242848307	0.135547615564223	-0.0455582648904325	-0.0159001351766014
0.229606137549494	-0.312864276005254	0.23545683078086	0.121481632537453	0.000100939783619321	-0.0111370844276286
0.227806801646555	-0.353019384000965	0.242910164637911	0.104456202004591	0.045712226660257	-0.00610898834791448
0.22020343519429	-0.384223030573102	0.244271391581248	0.0848031220640206	0.0901557656129925	-0.000929041491117642
0.206971366396223	-0.405633595278703	0.239444197070697	0.0630114661384693	0.132349797335305	0.00427825588662121
0.188451523217414	-0.416703023098752	0.228515561184259	0.0396348963606702	0.171271284908781	0.00938678914506713
0.165141034286439	-0.417193609146761	0.211755953239118	0.015274620446799	0.205979766154801	0.0142718085218532
0.137783088820321	-0.407458478669056	0.189745238537761	-0.00943539857329019	0.235790308285644	0.0188242446621161
0.106980267699482	-0.387470797593627	0.162891734869366	-0.0338677261485047	0.259776869030648	0.0229157992181215
0.0735396000813931	-0.357772823461834	0.131880998091709	-0.0574033005003197	0.277313748708552	0.0264406754225953
0.0383420144727272	-0.319177366881088	0.0975196377396393	-0.0794557128011228	0.287947498204032	0.0293080227251533
0.00231501482698384	-0.272737193881926	0.0607098654068886	-0.0994869137518814	0.291411707480884	0.031444755163705
-0.0335961221414813	-0.21989078242262	0.0224566924742148	-0.117091196066119	0.287838449710097	0.0328198339076185
-0.0684663893825352	-0.161777635799116	-0.0162907436662891	-0.131761070156808	0.277057540301121	0.033369614726285
-0.101414293234989	-0.0998423852056362	-0.0545413197194055	-0.14314314566765	0.259304695307534	0.0330759274882307
-0.131631485999775	-0.0356105441614929	-0.0913275534349828	-0.150974404068973	0.235013836455906	0.0319448549611916
-0.158404830295579	0.0293485035090607	-0.125731443958343	-0.155086065614495	0.204805434036878	0.030006586455462
-0.181239702581261	0.0934776374649595	-0.156991674341837	-0.155510503226835	0.169603537418362	0.0273343742012495
-0.19950536083215	0.155210022145446	-0.184239566014962	-0.152115574523534	0.13013496415027	0.0239729275402755
-0.212810749724852	0.213063791014161	-0.206807235006494	-0.144974093334279	0.0873840653282613	0.0200066489024768
-0.220903041624723	0.265661541322132	-0.224163188658758	-0.134257826249322	0.0424258747631502	0.0155369577694444
-0.223665692820905	0.311761769093536	-0.23592475499331	-0.120234995044817	-0.00360345138850667	0.0106793918058339
-0.221264886484216	0.350501091845176	-0.242021758997117	-0.103342982952083	-0.0495474405927388	0.00556668040491339
-0.21361304663983	0.380686230847624	-0.24215839020011	-0.0839062061869885	-0.0942352074196377	0.000321958098496561
-0.200893170776344	0.40155644347008	-0.236357418859837	-0.0624017634966278	-0.13653723228145	-0.004921620145714
-0.183401982985844	0.412596319804487	-0.224801828229515	-0.0393676784666238	-0.175390898447529	-0.0100315196805406
-0.161544692192855	0.413550330581379	-0.207826534256152	-0.0153880242445162	-0.209828716898393	-0.0148794897803802
-0.13593509731617	0.404709480520375	-0.186042111844048	0.00891967040903772	-0.239153290559492	-0.0193560799405391
-0.107015575359978	0.385934960483177	-0.159838850898707	0.032943668382029	-0.262446916902157	-0.0233365524202736
-0.0754231210538493	0.357631017939893	-0.129849449526108	0.0560776568228979	-0.279107569907544	-0.0267214876302527
-0.0418730739893378	0.320456359408998	-0.0967935325586078	0.0777455098705429	-0.288720925506266	-0.0294289327457454
-0.00714747232059986	0.275308656306151	-0.0614597285624652	0.0974175075183191	-0.291072108302582	-0.0313964141990171
0.0279244722242708	0.223482650665445	-0.0247221987503721	0.114695541616381	-0.286352861471368	-0.0326043882305669
0.0624786838893006	0.16600822184525	0.0126044242799917	0.12907847483169	-0.274456153251119	-0.0330000928040468
0.0956485033226088	0.104256291324215	0.0496565626309879	0.140219729325684	-0.255677889489449	-0.0325749726463271
0.126588878677708	0.0397242201112337	0.0855752307924514	0.147863653380288	-0.230504724820961	-0.0313425243356172
0.154502300749142	-0.0259984518481816	0.119521744738085	0.151849329720439	-0.199598366678375	-0.0293375436628327
0.178773781643219	-0.0912923988629576	0.150781753210818	0.152217408102979	-0.163910932835439	-0.0266351048033641
0.198617391139809	-0.154477512885046	0.178481812158174	0.148842261158086	-0.124179014137261	-0.0232778328902607
0.213478200872417	-0.21393320791124	0.201912146006656	0.141801489368256	-0.0813825354874513	-0.0193456087454966
0.222943759459451	-0.268126677626476	0.220461597386179	0.131268621076273	-0.0365784702056802	-0.0149331776126997
0.226757897993619	-0.315659216856581	0.233637352256462	0.117509798669486	0.00912587861881469	-0.0101480573403079
0.224978472013136	-0.355522886867242	0.241240057753396	0.100956041440183	0.0546101196459671	-0.00511451934186093
0.217459511789735	-0.38640872344703	0.242833967636429	0.0819210035986122	0.0987427177914921	5.2317427296958e-05
0.204373388411203	-0.407478546488528	0.238308861428865	0.0608673458528157	0.140432157188984	0.00522594869157976
0.186057182738753	-0.418186196380075	0.227733377180098	0.038315897396372	0.178649510876174	0.0102785488878594
0.163003324082409	-0.418295595875927	0.211358133629047	0.014832189180796	0.212454238293973	0.0150842576412312
0.135949250350646	-0.408163887750188	0.189745562367156	-0.00898416410216861	0.241168533748652	0.0195337912294617
0.105490780466831	-0.387767034017132	0.163287425298707	-0.0325381635439076	0.263883891903636	0.0234998425073989
0.0724275039297915	-0.357654806075833	0.132660165625292	-0.0552357658974244	0.27999944751019	0.0268786580483826
0.0376318924671033	-0.318650923126633	0.0986676894943106	-0.0765081771672207	0.289095095270525	0.029582642965291
0.0020219427768254	-0.271822032716974	0.0622152737120703	-0.0958277095976031	0.290945463858217	0.0315431136814597
-0.033469272986186	-0.218621617748308	0.0243146515414869	-0.112792406464395	0.28572908538683	0.0327344810426234
-0.0679254648646423	-0.160206580480119	-0.0140756248985669	-0.126895916761167	0.273328009019123	0.0330990582042096
-0.100475314195754	-0.098037131602189	-0.0519555004553199	-0.137782733172803	0.254029332471612	0.0326248579165878
-0.130320183832873	-0.0336514514123847	-0.0883517267343122	-0.145187822824135	0.228315992520779	0.0313239978848105
-0.156755691549905	0.0313728419266077	-0.122346015882531	-0.14894262964854	0.196852643099266	0.0292322146988826
-0.179296908932295	0.0954783753988941	-0.153185219932905	-0.149083079918858	0.160600379378907	0.0264277030125845
-0.197315107042257	0.157097912163361	-0.180012837638825	-0.145486008135371	0.120315709955227	0.0229587505257931
-0.210421250011818	0.214757384106328	-0.202181081512625	-0.138236231633182	0.0770033481021229	0.0189123890445013
-0.21836221569205	0.267092122822673	-0.219183479967795	-0.127519812794272	0.0317494833351939	0.0143915397206044
-0.221019003996868	0.312876920442669	-0.230664749056641	-0.113619513420039	-0.0143075130519343	0.00951215817904281
-0.218555242749699	0.351269109923744	-0.236582863914234	-0.0969849524887525	-0.0600172709904835	0.00440653270792675
-0.21087525521619	0.381089716043423	-0.236662701526187	-0.077948353222172	-0.104222681866477	-0.00080383843886312
-0.198155375717399	0.40159339331843	-0.230942946356459	-0.0569879073608703	-0.145813635683514	-0.00598791886232286
-0.18068607646583	0.412277369096084	-0.219614143240141	-0.0346346687845197	-0.183752122137144	-0.0110158155860745
-0.158867512668468	0.412895300706417	-0.2030094437554	-0.0114572607897237	-0.2170996685526	-0.0157623236004337
-0.133310658370092	0.403744720075931	-0.18172895947617	0.0119499247672712	-0.245191092434111	-0.0201212940935392
-0.104456317670476	0.384687894535968	-0.156143159164207	0.0350050404664586	-0.267144891928944	-0.023971617453574
-0.0729434795743167	0.356129197858173	-0.126860541762184	0.0571344310518119	-0.282395410877533	-0.0272174023522765
-0.03949213595581	0.318726620911267	-0.0945737342411093	0.077795268514777	-0.290564729910335	-0.0297801402534658
-0.00489102844839761	0.273377498589265	-0.0600441517825914	0.0964891417193578	-0.291473369120305	-0.0316006378688907
0.0300235936377895	0.221376318462902	-0.024120303163335	0.112844569875038	-0.285345120156045	-0.032662361610951
0.0643788861384854	0.163757931830182	0.0124039724842501	0.12638255617992	-0.272105398427917	-0.0329153844761118
0.0973006492022243	0.101899589902177	0.0486803540505862	0.136770285436116	-0.252076545930323	-0.0323534866076136
0.127938310071861	0.0373070617072619	0.0838595366418936	0.14375865583456	-0.225766776943879	-0.030992084241006
0.155491888033057	-0.0284204858322688	0.117107697556872	0.147187093563982	-0.193854310870148	-0.0288675027075369
0.179348962766644	-0.0936565778664722	0.147712477373931	0.147090972668714	-0.15730086707257	-0.0260559183876313
0.198727144357303	-0.15670917423244	0.17479923048691	0.143339212116296	-0.116853360460446	-0.0226010357760024
0.213079763616715	-0.215950717267405	0.197656801695464	0.13600118980673	-0.0734956806333836	-0.0185834519399395
0.222005815523837	-0.269845148200889	0.215673611086652	0.125242331420897	-0.0282854357535728	-0.0140984763165855
0.225263053395645	-0.316995005635803	0.228358499705797	0.111322027144493	0.017671909747033	-0.00925411962347359
0.222926133493354	-0.356400273959997	0.235516368240688	0.0946652435168888	0.063260857543339	-0.00417507877690722
0.21486354822008	-0.386759891548318	0.236718783952314	0.0755855864822147	0.107352055959341	0.00102289195773002
0.20126349178834	-0.407249621366973	0.231865428829572	0.0545466510964031	0.148858097665458	0.00621267549488338
0.182478343300227	-0.417340508948491	0.221036610889593	0.0320720687258751	0.186754248741573	0.0112657852523797
0.159014884386824	-0.416815876586001	0.204495285193822	0.00873131215039448	0.220104122930213	0.0160556785498723
0.131624540810002	-0.406053278984124	0.182814889015909	-0.0148728764301233	0.248233424152708	0.0204723183325117
0.100913492572772	-0.385048952198885	0.156397994595888	-0.0381403945420516	0.270239163643966	0.0243879804275339
0.0676915414005064	-0.354372099764567	0.125928928633841	-0.0604738829004037	0.285525820431446	0.0276985268248678
0.0328398724410055	-0.314864077133469	0.0922158604054567	-0.0813031718044943	0.293679911360443	0.0303162289495976
-0.00271669979355652	-0.267606753414721	0.0561639100578006	-0.10010192958439	0.294484785941305	0.032172638605762
-0.0380405967258204	-0.214063942881495	0.0187788234058228	-0.116473051171958	0.288127612062719	0.0332425989499961
-0.0722144700749683	-0.155404770429195	-0.0189895706221104	-0.129918362331019	0.274510397461251	0.0334701981652858
-0.104368855861061	-0.093096827016919	-0.0561542613641916	-0.1400929483948	0.253940634248621	0.0328455055774725
-0.133710785728243	-0.0286826699252133	-0.0917582223108741	-0.146744797577554	0.226925680730832	0.0313833690423178
-0.159545710674011	0.0362586165312312	-0.124901632745944	-0.149720222535537	0.194158577648963	0.0291229443517509
-0.181403332513237	0.100174069624489	-0.154852030973328	-0.149070643615952	0.156628454655749	0.0261461393166541
-0.198672264346286	0.161495617473362	-0.180771051290345	-0.144689688320491	0.115132175895395	0.022506426506885
-0.210984440196776	0.218753545070125	-0.202028241739904	-0.13667673670582	0.070711067695545	0.018295909108262
-0.218110046383984	0.270589496033623	-0.218132157010981	-0.125230247083626	0.0244868751566019	0.0136226850201584
-0.219954630467607	0.315786381483498	-0.22873987354442	-0.110642828787889	-0.0223692342173179	0.00860776479291537
-0.216707080778695	0.353513791161844	-0.233820055107422	-0.0933709088679897	-0.068680678288716	0.00338794603517371
-0.208294077758274	0.382600612076283	-0.233103883327808	-0.0737527108586113	-0.1132643991116	-0.00191086214850336
-0.194912671978239	0.402313684946854	-0.22663597402101	-0.0522704538687836	-0.154994563955656	-0.00715432442704419
-0.176870808233928	0.412164377828393	-0.214612422493897	-0.0294585984052994	-0.192825948177118	-0.0122102914264019
-0.154582208791922	0.411922559334375	-0.197372465524778	-0.00588937880760987	-0.225821769470422	-0.0169524572637209
-0.128667590371953	0.401904184353717	-0.175523703199659	0.0178387378050475	-0.253326361197289	-0.0212746493075212
-0.0995719992820983	0.381991493323571	-0.149445309525961	0.0411377060768904	-0.274478368931778	-0.0250572267154303
-0.067935182519052	0.352610812025584	-0.119756869777842	0.0634262889320044	-0.288738770779122	-0.028206762647061
-0.0344743092676824	0.314443220040712	-0.0871636187724574	0.0841530679643947	-0.295762488254054	-0.0306482035093006
2.76819146394725e-05	0.268409435106336	-0.0524402032670874	0.10281096028657	-0.29540766981645	-0.0323266326481439
0.034742468963744	0.215824221430109	-0.0164468125966274	0.119021174515019	-0.287935511012787	-0.033230065906064
0.0688071645616462	0.157746259941846	0.020010866315429	0.132299425401047	-0.273318824478324	-0.0333143792155233
0.101357989328259	0.095571063598821	0.0560762784682793	0.142310690021731	-0.251922841088491	-0.0325788415194468
0.131554994171603	0.0308179432247878	0.090896239465864	0.148807990906046	-0.224296177761732	-0.0310441957180694
0.158608661827837	-0.0349062379300083	0.123638469453776	0.151638015562243	-0.191153523060713	-0.028751722075698
0.181916671551884	-0.0999774875025789	0.153600122546963	0.150849215892135	-0.153484260140614	-0.0257816611738066
0.200706574137434	-0.162704483180383	0.179917840700079	0.146328342991103	-0.112066494681633	-0.0221819928892589
0.214441216005851	-0.221470628313226	0.201898728881869	0.138166714544419	-0.0679040638002768	-0.0180363270434091
0.222729127999421	-0.274757034102267	0.218954172472048	0.126554794321038	-0.022067405375618	-0.0134421116980409
0.225337959683118	-0.321188557313004	0.230619533188669	0.111778707411013	0.0243319229996571	-0.00850866201397104
0.222352726629839	-0.359794214205165	0.236730463705045	0.0942907975015029	0.0701807492524178	-0.00336101335560037
0.21365362889437	-0.389296471057584	0.236884612573333	0.0744291532811435	0.114350905846435	0.00188477681065121
0.199440948547862	-0.408897916407274	0.231008356147156	0.0526788359317563	0.155763631196744	0.00710212082471927
0.180079625641594	-0.418095166994996	0.219206072773558	0.0295803072482257	0.19340652577884	0.0121634751483342
0.156089097616674	-0.416694634037367	0.201761245715109	0.0057144894322588	0.226358357779722	0.016943522128041
0.128232594190572	-0.405094475411102	0.179264949292885	-0.0183095285877331	0.25396255558232	0.021333699792242
0.0971281212816189	-0.383305759253437	0.152130686438367	-0.0418915344264047	0.275334022472216	0.0252076492203479
0.0635950821701351	-0.351909955195095	0.121051473407101	-0.0644375796766987	0.289897138350278	0.0284627784172563
0.0285219662455264	-0.311757710768892	0.0868415511582004	-0.0853836694552426	0.297259321561815	0.0310129758146156
-0.00716178934498969	-0.263937945890254	0.0504103709215115	-0.104211011617972	0.297225507765108	0.0327914877835378
-0.0425170923678705	-0.209918237841756	0.0127665742207139	-0.120529804851681	0.290003212195251	0.0337748614573223
-0.0766273335573733	-0.150874948935935	-0.0251367820052448	-0.133849317889914	0.275518471580562	0.0339091950596808
-0.108626472355427	-0.0882807110544698	-0.0623100102330057	-0.143829963921047	0.2541002604121	0.033186528083762
-0.137727144807373	-0.023682496333813	-0.0977943837076415	-0.150223804272814	0.226275965246015	0.0316237315367357
-0.163242167901813	0.0413372668232886	-0.130690384239592	-0.152880811706803	0.192756685671609	0.0292620131562977
-0.184709555008244	0.105227160105787	-0.160270115303001	-0.151856045473742	0.154543954136612	0.0261850682191077
-0.201528075551973	0.166415617031281	-0.185701951552022	-0.147051107067008	0.112452398048587	0.0224487363653125
-0.213339441019807	0.223435573181146	-0.206367575575162	-0.138574768229453	0.0675338618024629	0.0181469665610109
-0.219923579405405	0.274935079815168	-0.221792924761022	-0.126638214320816	0.0209168665702976	0.0133894315726101
-0.221195665994299	0.319707357503507	-0.231657457435867	-0.111550187214562	-0.0262242790995758	0.00829840822789966
-0.217353235496548	0.356938283480524	-0.235956748158017	-0.0937848921167826	-0.0727171482180325	0.00301123597291316
-0.208334017884117	0.385469700907499	-0.234450038955091	-0.0737026238561335	-0.11737591859881	-0.00234494430177586
-0.194344877700541	0.404585080834173	-0.227209805326905	-0.0518052848709378	-0.159079722779374	-0.00763541089732453
-0.175703673125205	0.413812480295505	-0.214457476286568	-0.028644098258463	-0.19679114251334	-0.0127279654145431
-0.152834355403515	0.412937315450993	-0.196553218019587	-0.00480339369402042	-0.229583409573381	-0.0174965081919385
-0.126367324733158	0.402289458156903	-0.174119657318814	0.0191125465795839	-0.256815071213595	-0.0218356095971972
-0.0967604271389532	0.381761315765644	-0.147545160757323	0.0425152093115429	-0.277632690191637	-0.0256254549833213
-0.0646653540140237	0.351787375102186	-0.117452195653209	0.0648292809759791	-0.291508753581778	-0.0287728848811537
-0.0308111752581367	0.313054834672444	-0.0845437335978764	0.085514213663534	-0.298109573344448	-0.0312030800385682
0.0040077744808983	0.26648936127921	-0.0495885625176036	0.10407708461788	-0.297304095344486	-0.0328613042848105
0.0389534820771514	0.213408998383586	-0.0134389157485577	0.120153529156273	-0.289363021124255	-0.0337358214154215
0.0731536549535815	0.154880311455947	0.0231065966048547	0.133275510148336	-0.274268629089534	-0.033782518139433
0.10573799532187	0.0923071967950659	0.0591965151824858	0.143119879058988	-0.252394482502126	-0.0330008766940152
0.135863081572537	0.0272194130362327	0.0939798198303945	0.149447281193208	-0.224297185064891	-0.0314120791398266
0.162739511500514	-0.0387639797587276	0.126623316950587	0.152107340266179	-0.190699603763122	-0.0290581896268485
0.185768897021288	-0.104008114147935	0.156420159849409	0.151144550290947	-0.152596391492972	-0.0260203861177434
0.204186927758905	-0.166805788082005	0.182503308231289	0.146444791960487	-0.110780837532029	-0.0223487612251036
0.217467619877335	-0.22552831636324	0.204175026035999	0.138093242655748	-0.0662682748543517	-0.0181290629940455
0.225233519148984	-0.278648182888564	0.220843543178399	0.126273675306281	-0.0201405620753906	-0.0134611474527119
0.227268477175324	-0.324786620010413	0.232044633310647	0.111266927808034	0.0264799768336615	-0.00845687584022785
0.22367447368484	-0.362976330504667	0.237617355726745	0.0935199637095822	0.0724753920183341	-0.0032433131448609
0.2143510213816	-0.391947362121313	0.23717435969124	0.0733782920785966	0.116703506510541	0.00206042335788706
0.199516309297222	-0.410917550237774	0.230660533696471	0.0513356879982324	0.158080758624548	0.007325721247116
0.179552063744077	-0.419404711127815	0.218204241391047	0.0279461268677444	0.195594646260588	0.0124236261190944
0.154992952937706	-0.41724122585728	0.200117228766869	0.00380810680989839	0.228328729258212	0.0172280899937569
0.126614408432418	-0.404853581944062	0.177018331511034	-0.0204515886218495	0.255638961622935	0.0216309384603359
0.0950476285634333	-0.382284271557851	0.149356220186346	-0.0442079363497684	0.27664882793455	0.0255057139285148
0.0611215117882046	-0.350144781855387	0.117853389939222	-0.0668463519760812	0.290798445427854	0.0287507780650594
0.0257315502968268	-0.309313179275865	0.0833482527971353	-0.0877861738038336	0.297713556577967	0.031281435555671
-0.0101883954965052	-0.260901640334848	0.0467668922859174	-0.106498014214396	0.297218865434061	0.0330326844286384
-0.0456991345305272	-0.206393390554922	0.00912331632368912	-0.122589723019702	0.289542401295122	0.0339832336259115
-0.0798825002119967	-0.146980184015162	-0.0286285227032021	-0.135574969581819	0.274628977075584	0.0340809532601293
-0.111875195659759	-0.0841421985604854	-0.0655091313027252	-0.145126675395297	0.252825274449137	0.0333198450691463
-0.140895168827232	-0.0194284963090405	-0.100578060128194	-0.151016124244851	0.224674411128351	0.0317186926771762
-0.166262867980663	0.0455811961799383	-0.132960300839889	-0.153117494767915	0.190900914410705	0.0293205296919815
-0.187527168543681	0.109344470121118	-0.161956235296084	-0.151511059436405	0.152515085933437	0.0262106363963164
-0.204095745918186	0.170295655782867	-0.186763886517688	-0.146128116965722	0.110342875931101	0.0224465781506139
-0.215620875816703	0.226977506342937	-0.20679226535111	-0.137102363591539	0.0654413430829907	0.0181235861316741
-0.221892896742216	0.278048806240819	-0.221590649725449	-0.124665178429367	0.0189404142067693	0.0133522820924641
-0.222836721903398	0.322313952257006	-0.230856576376163	-0.109139581240999	-0.0279880740824961	0.00825551717579387
-0.218658340772376	0.358971008759709	-0.234595157763174	-0.091004118815749	-0.0741815763888982	0.00297040004269481
-0.209303310126819	0.386872325413562	-0.232576917736718	-0.0706268542082709	-0.118458800603239	-0.00237558314889778
-0.194984415075048	0.405313205277917	-0.224877977927705	-0.048508796788008	-0.159711617415797	-0.00764830930242265
-0.176024129843566	0.413834373042729	-0.211720168829244	-0.0251969087561752	-0.19691904167163	-0.0127166575201455
-0.152850080922199	0.412235069005936	-0.193462413338359	-0.00126956914022521	-0.2291737057927	-0.0174560259851884
-0.126093655416295	0.400858590216883	-0.170721245551437	0.0226793645510521	-0.255859425527302	-0.0217633670735772
-0.0962188278807527	0.379616295075792	-0.143891443199882	0.0460600815386542	-0.276139445244525	-0.0255201058741614
-0.0638809182816222	0.348961231325273	-0.113598565865543	0.0682987155386722	-0.289507535314129	-0.0286350598757136
-0.0298124046358891	0.309599726739627	-0.0805498689852181	0.0888547736525008	-0.295650804190405	-0.0310354434235341
0.00518928511803674	0.262476312947516	-0.0455189743439233	0.107234672735963	-0.294457536378394	-0.0326684966212488
0.0402866197205876	0.208923064692587	-0.00935797650687301	0.123077029581232	-0.286217857274854	-0.0335247265629966
0.0746009585897601	0.150026994443778	0.0271249282372034	0.135910023468541	-0.270924080166365	-0.033560888167677
0.10725991051718	0.0872057971693273	0.0630756681104117	0.145412438388926	-0.248958411324069	-0.0327773983833461
0.137419402565762	0.0219988208155047	0.0976440144017747	0.151350194906275	-0.220881869411672	-0.0311959438567817
0.164290975968559	-0.0439701908167221	0.13000142245663	0.153581937758672	-0.187417371902797	-0.028858631594325
0.187280899201866	-0.109070638094017	0.159452106137427	0.152165965894279	-0.149554640761528	-0.0258462210069114
0.205625677083635	-0.171595652916341	0.185136795749161	0.147001795315211	-0.10807971524392	-0.0222079187509612
0.218803354992719	-0.229925239050606	0.206369922482817	0.138190708018262	-0.0639957766284526	-0.0180281488826009
0.226441384871876	-0.282544644443046	0.222572686115973	0.125932522937678	-0.0183692194750872	-0.0134050949757783
0.228329129398636	-0.328091019650257	0.233293431561575	0.110522546576274	0.0276955474237363	-0.00844870497275887
0.224574119565624	-0.365616919179381	0.23838191340823	0.0924178417318003	0.0731039693193406	-0.00328350350564333
0.215082119386843	-0.39386845244992	0.237459961263534	0.0719733290605878	0.116728031547822	0.00197269537347455
0.200076802619111	-0.412081323635045	0.230477817723641	0.0496856626524656	0.157503013496498	0.007193065698037
0.179944777348455	-0.419790332434614	0.217565897028228	0.0261065939445779	0.194434977340109	0.012250316824692
0.155224874327766	-0.416843486275293	0.199035209044886	0.00182788027289236	0.226625091386716	0.0170198689210421
0.12669337875194	-0.403680125548381	0.175498572874619	-0.0225373910559635	0.253450065766091	0.0213954529488345
0.0949877286367088	-0.380357154975476	0.147406512640745	-0.0463708513588165	0.274040105706884	0.0252504880187083
0.0609394126249504	-0.347498381730839	0.115480334666432	-0.0690684445872016	0.287844849445285	0.0284836473840349
0.0254454455897179	-0.305993597027828	0.0805589110966213	-0.0900586771642674	0.294497034557883	0.031010257544979
-0.0105597698259194	-0.256966499343811	0.0435714108696316	-0.108818588592438	0.293825554591885	0.0327650465042846
-0.0461405937114005	-0.201907780527194	0.00553271710507814	-0.124963197948279	0.286062017345964	0.0337265878407503
-0.0803749225952047	-0.142026654269012	-0.0325857922163037	-0.137998465924047	0.271145717933773	0.0338412825968295
-0.112399318299205	-0.0788165786008943	-0.0697899570445672	-0.147590436553	0.249417485484649	0.0331018921921111
-0.141431985899223	-0.0138388796248247	-0.105123303228126	-0.153501052515624	0.221412235582087	0.0315258147290398
-0.166793934352104	0.0513164088847837	-0.137695002427229	-0.15559420393961	0.187844601834072	0.029154635473374
-0.188037195885602	0.115104407647344	-0.166796643739147	-0.153943929395067	0.149712834519962	0.0260721284641169
-0.204566981444658	0.175948819231549	-0.191608295414918	-0.148469523332403	0.107833636122985	0.0223346510246682
-0.216035649742752	0.232391057852449	-0.211530681098849	-0.139299622374481	0.0632537110800206	0.0180363180662231
-0.222234035801799	0.283093538144951	-0.22611044143534	-0.126665165761439	0.0170933934141165	0.0132868586564267
-0.223088170146175	0.326869270892028	-0.235048487477623	-0.110893636805986	-0.0294839310357442	0.00820848867169839
-0.218806243602968	0.362932448132046	-0.238361511971394	-0.092473365493736	-0.075326286836138	0.0029374977725342
-0.209336151787794	0.390147847183939	-0.235830333795384	-0.0717836727772899	-0.119253080792724	-0.00239808015413617
-0.194894056053732	0.407828790678127	-0.227546984633012	-0.049339478441881	-0.160159825100336	-0.0076638395437304
-0.175806515572466	0.41553560548197	-0.2137512073173	-0.0257020679571176	-0.197028682486797	-0.0127282197047778
-0.15250580010093	0.413087768250618	-0.194820609981355	-0.00146313987157649	-0.228955069064735	-0.017466049502823
-0.125626394946813	0.400848356840587	-0.171389093768583	0.0227736848309911	-0.25532829658956	-0.0217740824257514
-0.0956399776533969	0.378748574007972	-0.14387051908526	0.0464081737054129	-0.275308878673844	-0.0255322219807873
-0.0632072610771113	0.347260176172291	-0.112906705125309	0.0688609351900725	-0.288390968633873	-0.028648214594495
-0.0290653334972995	0.307107284702696	-0.0792195839304382	0.0895890820479807	-0.294261740984492	-0.0310481623693092
0.00598482030166971	0.259251421210027	-0.0435961795619102	0.108099136109126	-0.292809197913569	-0.0326781840209267
0.0411062896783776	0.205037977579211	-0.00689750472519178	0.12403365483013	-0.284324125587766	-0.0335279966680023
0.075415089690809	0.145573803152963	0.0300509183348696	0.136919983531451	-0.268796445206587	-0.0335529523582223
0.10803786006277	0.0822926213434762	0.0663820083084204	0.146438594791762	-0.246607994411129	-0.0327526433307787
0.138130968180887	0.0167482626147307	0.101233464134001	0.152356831371094	-0.218320667240283	-0.0311483011842276
0.164907712404893	-0.049423384550356	0.1337661836549	0.154534351997147	-0.184660044251376	-0.0287820447170692
0.187779782265375	-0.114586653378141	0.163280241888366	0.153031955860134	-0.1466201321984	-0.0257352214584326
0.205983878715363	-0.177024398417551	0.188905528764791	0.147747674896305	-0.104994875431424	-0.0220580565793672
0.21900160640388	-0.23511509273762	0.209954150861063	0.138784261270838	-0.0607966414388722	-0.0178365788158212
0.226464738943145	-0.287348164880933	0.225850518254639	0.126344964595004	-0.0151023722709664	-0.0131710172770518
0.228167632723294	-0.332371001659158	0.236152474908912	0.110731179793626	0.0309724414107978	-0.00817366845195544
0.224224258785521	-0.369255156974626	0.240728458701928	0.0924099283619882	0.0763240862227755	-0.00297138048120888
0.214544978515399	-0.396764232581125	0.239218869776175	0.071747305678012	0.119813419635784	0.00231539323272364
0.199359125519037	-0.414158696197561	0.231600310683159	0.0492546070300401	0.16036940259155	0.0075576276385375
0.179058915592072	-0.421001423345241	0.218033548166608	0.0255001163735729	0.196995811769269	0.0126262737043859
0.15418847061418	-0.417170401002138	0.198862148311275	0.00109276029125765	0.22879613328811	0.0173955567642328
0.125527680668578	-0.403136073223681	0.174732191968132	-0.0233376873454291	0.255155662409282	0.0217589135878947
0.0937192152604163	-0.378983383724173	0.146123752908462	-0.0471597843482394	0.27521407418078	0.0255894718251817
0.059597366045952	-0.345362346520368	0.113783328517544	-0.0697607586449362	0.288436632700297	0.0287865749581557
0.0240603747619403	-0.303185263786119	0.0785684990192721	-0.0905661380311748	0.294475296897864	0.0312668284390192
-0.011957760434135	-0.253593875761584	0.0414195356945728	-0.109056352032696	0.293180608255621	0.0329667372852709
-0.0475255534775387	-0.198090838133495	0.00335383115974989	-0.124855192589865	0.284807739519504	0.0338672668901322
-0.0817206211927776	-0.137895306464606	-0.034660749576084	-0.137485002354755	0.269316821600933	0.033916746521765
-0.113682453821553	-0.0745047070418701	-0.0716413737038211	-0.146632209238027	0.247068664450048	0.0331102071746009
-0.142632460366769	-0.00948007814048498	-0.106648097808648	-0.152081591299689	0.218615002062639	0.0314672169796452
-0.167894480575742	0.0555923894894387	-0.138809713621896	-0.153719946191093	0.184683052325787	0.0290312921875114
-0.18902448099883	0.119176893681948	-0.167439539397592	-0.151640833010712	0.146278615779514	0.0258879273154438
-0.205424984557666	0.179702285929861	-0.191735353675475	-0.145781483442596	0.104220991452806	0.0220944500325404
-0.216746589423167	0.235719298679146	-0.211114904034845	-0.136282578284887	0.0595543430193596	0.0177457100851687
-0.222777239213813	0.285901101853996	-0.225139147734606	-0.123381503735544	0.0133922221523957	0.012951835176647
-0.223439413410831	0.329072844209936	-0.233520671308667	-0.107406933188725	-0.0331118482102282	0.00783519766965065
-0.218938726417582	0.364464625999909	-0.236287080680151	-0.0888437529327839	-0.0788184725846195	0.00253205747418388
-0.209219101825559	0.390953226793437	-0.233226467946295	-0.0680666905095628	-0.122557377577543	-0.00282943854259316
-0.194495737895958	0.407868357961033	-0.224439845355927	-0.0455852650314485	-0.16323475004007	-0.00811472779037985
-0.175097083738653	0.414789018077445	-0.210177815391952	-0.0219569611084919	-0.199841811854874	-0.0131919362230756
-0.151460753354174	0.411555630565077	-0.190831610089176	0.00222722521826236	-0.231480995508648	-0.0179354182222056
-0.124229910822421	0.398554561704166	-0.16705194969131	0.0263603083105079	-0.257547535771918	-0.022241501645112
-0.0938892726815162	0.375740643225576	-0.139271686604016	0.0498350127816939	-0.277203916460811	-0.0259892469632525
-0.0611148937996027	0.343610014434594	-0.108152490813516	0.0720623918027731	-0.289946455675324	-0.0290858368860105
-0.0266609790025106	0.302910410623726	-0.0744354447507936	0.0924887666990153	-0.295464382942883	-0.0314570382125605
0.00865378894454526	0.254624957607523	-0.0389241039524133	0.110610497441586	-0.293648212355732	-0.0330489501368957
0.0439765949606391	0.20011558378709	-0.00249071314711647	0.126061881126225	-0.284791440327742	-0.0338516782409625
0.078406828010347	0.140505689549672	0.0340322200769398	0.138368039876725	-0.26888849935523	-0.0338211502702387
0.111059222909558	0.0772381793714602	0.0697797489845612	0.147213495326936	-0.246325615901308	-0.0329579078809741
0.141082495199141	0.0118698670367918	0.103900220282371	0.152376750336312	-0.217668669366899	-0.0312843188243981
0.167686967751579	-0.0539668590288119	0.135573417882308	0.153735511653608	-0.183646128429649	-0.0288437063564898
0.190287112364624	-0.118648588081906	0.164125738132258	0.151372778523041	-0.145251324658672	-0.0257184718451343
0.20812411449056	-0.180470329585922	0.188718242088169	0.145216922838659	-0.103280469564756	-0.0219600759243094
0.220689481437129	-0.237830416531261	0.208698564582732	0.13540220428123	-0.0587450504679514	-0.0176556498176948
0.227628285581594	-0.289242240925741	0.223528101258592	0.122163319551768	-0.0127204546321297	-0.0129065243953213
0.228750717349925	-0.333379915725578	0.232800698642804	0.105830539972231	0.0336790032465584	-0.00782619050869439
0.224188866409177	-0.369344068067997	0.236416379670709	0.0868925935009055	0.0793510217300826	-0.00254273646615393
0.21387053883875	-0.39592439518055	0.234044718465184	0.0657365819663241	0.123150487448214	0.00282144451466558
0.19804367597561	-0.412407288538763	0.225684078878745	0.04288528768977	0.163998217116165	0.00813510247062433
0.177119075582381	-0.41837901025271	0.211509839362166	0.0189109017466396	0.200885640853293	0.0132665513691401
0.151659062948574	-0.413737596300061	0.191872975544025	-0.00558081852203899	0.232900053510215	0.018087055437487
0.122461191870832	-0.398968672869843	0.167418476014297	-0.0299709902339212	0.25940779647845	0.0224869527270306
0.0901845347576617	-0.374171222586283	0.138624658191797	-0.0536385928655355	0.279528198692189	0.0263363015780359
0.0556785985819443	-0.340005037265741	0.106230390522875	-0.0759855809657839	0.292706803605555	0.0295317155155509
0.0198551714245014	-0.297389473991411	0.0710834416736667	-0.0964525388340142	0.29857865642432	0.0319876814435893
-0.0163403384478858	-0.24747132712579	0.0341137878290485	-0.11453351417776	0.296982302415076	0.0336394573684017
-0.051968001715684	-0.19175411188026	-0.00367227299256977	-0.129863743770607	0.288165178966704	0.0344676151090067
-0.0860995283934	-0.131464161821707	-0.0413116348420898	-0.141971982508604	0.272093328044247	0.0344218173015447
-0.117872879757494	-0.0681026610665435	-0.0778262194005607	-0.150549012475369	0.249139445292729	0.0334994592968933
-0.146512320424006	-0.00323368018580428	-0.112279060645716	-0.155381571923196	0.219874985513706	0.0317236149352913
-0.171349092930956	0.0615547218992496	-0.143800825193278	-0.156357071658984	0.185053622372948	0.0291422671328516
-0.191951304670844	0.124729820799607	-0.171707446932071	-0.153568910746012	0.145709087998618	0.0258457292391047
-0.207736691879072	0.184718311830714	-0.195198101090031	-0.146957047602549	0.102700411831318	0.0218974022918124
-0.218374955562168	0.240075429719846	-0.213695622956083	-0.136667437469878	0.057109312240837	0.0173980301041909
-0.223675503497039	0.289482849803482	-0.226769345684891	-0.122946289906837	0.0100856813570453	0.012463418827752
-0.223583423949621	0.331778473718508	-0.234143850005837	-0.106134766737004	-0.0371839492657746	0.00722109015590562
-0.218326698063774	0.366210641659006	-0.235861645349539	-0.0867317527213594	-0.0835346827271332	0.00181141851672289
-0.207870548530501	0.391674415764644	-0.231729836988214	-0.0651324289103165	-0.127771051388859	-0.00363371344802155
-0.192449549378006	0.40752241973826	-0.221870602519543	-0.041866769060345	-0.168782660307046	-0.00897721040134558
-0.172408870216205	0.413358644645154	-0.206557005474816	-0.0175127629356114	-0.205550990638651	-0.0140857167597996
-0.148199848978477	0.409049551086221	-0.186202905700294	0.00731939665540513	-0.237175553946361	-0.018833141267456
-0.120475772615354	0.395006275292353	-0.161479064756874	0.0320078633852834	-0.263055080105264	-0.0231163358819579
-0.089730060573292	0.371210593111127	-0.13284087183973	0.0559292132583257	-0.282361714155691	-0.026815768359548
-0.0566448834876216	0.338183133616781	-0.100969030601056	0.0784837760846053	-0.294606032212082	-0.029840708416776
-0.0219788069586381	0.296694070249876	-0.0666212404907179	0.099111041040899	-0.299495754328052	-0.032119611458761
0.0134465509074858	0.247746383653614	-0.0306149839653489	0.117304406589573	-0.296943528807939	-0.0336017761446233
0.0487771109777236	0.192715510944886	0.0061686235456983	0.132700136245403	-0.287265685064242	-0.0342807190548889
0.083111235277894	0.13274292319991	0.0428858561925043	0.144825570384727	-0.270487785020403	-0.0341166828489339
0.11556442655722	0.069282596222665	0.0786659615663948	0.153371956838055	-0.247026496828167	-0.0331145930289717
0.145287923807442	0.00389803762694209	0.11265493549365	0.158127409351532	-0.217478852998523	-0.0313013706467536
0.171496744747609	-0.0617765197365688	0.144033866976527	0.158981832787757	-0.182604082736078	-0.0287249206700627
0.193612161194164	-0.126124798047117	0.172136290126884	0.156033244595583	-0.143421020138526	-0.0254717290971768
0.210885903537659	-0.187444985422419	0.196129093083517	0.149225438068116	-0.100757001158734	-0.0215978241881257
0.222822717846766	-0.244147832613035	0.215372157564909	0.138710682569369	-0.0556471479960614	-0.0171940828732701
0.229083535096615	-0.294764327986026	0.229342986021284	0.124742903739382	-0.0091846809576754	-0.0123648136951461
0.229496419045087	-0.337990773851525	0.237654922174952	0.107672146262106	0.0375053780673984	-0.00722550370478823
0.224211177711727	-0.37295614542083	0.240231499625501	0.0880066678396998	0.0833213104286522	-0.00190475112494887
0.213176671932959	-0.398474880222378	0.23676453307262	0.0661521104475724	0.127119038856875	0.00347489667541436
0.196660464468466	-0.413862242748598	0.227277952449182	0.0426487002520331	0.167830616079646	0.00878339521677381
0.175091479835853	-0.41873364338097	0.211973586173326	0.018084049742841	0.204465341568586	0.0138912291596263
0.149047746538065	-0.413015342833777	0.191228869502653	-0.00692331365477593	0.236133708323002	0.0186726089305372
0.119337957665318	-0.397219017504358	0.165714200054002	-0.031745510829632	0.262230223206715	0.023021550868352
0.0866323046282227	-0.371467095399877	0.135931807611013	-0.0557547333499202	0.281900607792843	0.0268115336107381
0.0517870163825414	-0.336439453727033	0.102642254019417	-0.0783502244405865	0.294616837700265	0.0299426490339944
0.0157175523284928	-0.293071744073243	0.0667118992266384	-0.0989736389053135	0.300037514476613	0.0323325127999419
-0.0206297037497414	-0.242523070593875	0.0290854792038018	-0.117123863230023	0.298020426732487	0.0339189834647684
-0.0563166446395599	-0.186302551238748	-0.00922188984546626	-0.132445218480465	0.288825892596129	0.0346845844786327
-0.0904169769811401	-0.125644759932294	-0.0472395334005623	-0.144477156629439	0.272429904674153	0.0345803009868464
-0.12207236053851	-0.0620528351208761	-0.0839883603058211	-0.152924482961344	0.249208428191349	0.0336042162029643
-0.150511492667194	0.00291078810527724	-0.118535498179897	-0.157589966411971	0.219731189739485	0.0317795549683241
-0.175070598949334	0.0676631055640154	-0.150020527924149	-0.15837826097139	0.184746114456693	0.0291540392641414
-0.195322667237373	0.130683301422272	-0.177774341447222	-0.155400401679642	0.145275217141698	0.0258172042447566
-0.210692600214448	0.190403882755206	-0.201010044146357	-0.148613194844521	0.10217188204572	0.0218321177590185
-0.220858182474701	0.245392217000233	-0.219169073603704	-0.138178325071915	0.0565091905392047	0.017299013366993
-0.225638513145681	0.294344368266003	-0.231840956065907	-0.124355568041339	0.00942909749415048	0.0123332839752051
-0.224990157626113	0.336114315330673	-0.238770833790893	-0.10749672469999	-0.037888532530911	0.00706217438630196
-0.219152755890004	0.369969875822214	-0.240021751685287	-0.0881071165423234	-0.0842879625169459	0.00162548523305595
-0.208108549784188	0.394819598190449	-0.235417123381381	-0.0665857688689345	-0.128571424462918	-0.00384428497754991
-0.19210929517235	0.41003157920299	-0.225093845516051	-0.043461846849074	-0.169627992455085	-0.00920965482452418
-0.171517918061419	0.41522398528451	-0.209336255199783	-0.0193081458126361	-0.206437202509332	-0.0143367909890865
-0.146802998770472	0.410275581346993	-0.188565534836955	0.00527472310148323	-0.238095756880662	-0.0190990986020268
-0.118631578608724	0.395607517283396	-0.163455162616372	0.0296792548446651	-0.264002259818197	-0.0233934253322205
-0.0875122745624754	0.371209425215762	-0.134460392223929	0.0532984854415453	-0.283321452639117	-0.027099178800477
-0.0541373657012878	0.337607858129506	-0.102258109142085	0.0755525517403303	-0.295559190416795	-0.0301250454176746
-0.0192712313785203	0.29557753781615	-0.0675998071257416	0.0959023890054574	-0.300418821598553	-0.0323989925820792
0.0162633834414394	0.246125374779785	-0.0312955468008005	0.113863118910495	-0.297809312644503	-0.0338699622613587
0.0516170774829574	0.190628804758824	0.00578176339686154	0.12909104879953	-0.288044442563498	-0.0345315008483143
0.0858942706483629	0.13023737476005	0.0427929721573031	0.141131716257134	-0.271148143898706	-0.0343435309277152
0.118220982806677	0.0664121898884066	0.0788705497509193	0.149690125818047	-0.247536822379649	-0.0333110718788065
0.147761294844569	0.000725155425887706	0.113160514468061	0.154562770398168	-0.217808930864509	-0.0314613995704488
0.173744253484132	-0.0651801141876548	0.144840350002175	0.155641740622045	-0.182727205944707	-0.0288430941416403
0.195605381416261	-0.129680134432836	0.173236557267685	0.153019045538734	-0.143313790731304	-0.0255435465096515
0.212609256681152	-0.191060205189098	0.19750559783159	0.146630419364324	-0.100408479466428	-0.0216204380964961
0.224272223662036	-0.247722663543828	0.216995442747071	0.136613189638804	-0.055059046051963	-0.0171665827872276
0.230264757539121	-0.298193138214367	0.231171295520968	0.123202344098577	-0.00837367818139537	-0.0122885855110926
0.230422183931289	-0.341166648387009	0.239635337178098	0.106726614438932	0.0385060692480942	-0.00710448523479218
0.22489857905358	-0.375776953766256	0.242301422023234	0.0876701075106229	0.084465201282547	-0.00174510883213645
0.21364674949603	-0.40084521501244	0.238858298913619	0.0664209754968144	0.128338283203081	0.00366385914331828
0.19693626310064	-0.41569988414939	0.229330434463648	0.0435022194638514	0.169041775288532	0.00898993059759339
0.175196971242899	-0.419974252010873	0.213925250692368	0.01948782684761	0.205573513004627	0.0141017152716688
0.14900705225689	-0.413616353751427	0.193030661820287	-0.00501308328209321	0.237038265766703	0.0188723470262519
0.119173010655545	-0.39716151561496	0.167329392016524	-0.0293797549568819	0.262835035689461	0.0231962744363634
0.0863665852418698	-0.37075955617293	0.137344820016736	-0.0529824241772756	0.282113547477921	0.0269471508424508
0.0514437405079527	-0.335116827831647	0.103857578832064	-0.0752175499668778	0.294359700249226	0.0300267233736489
0.0153191778705874	-0.291194090932068	0.0677536985493507	-0.0955221736481221	0.299252267850615	0.0323551586231973
-0.0210622195360244	-0.24017292583846	0.0299954585502557	-0.113390032886569	0.2966741142601	0.0338735795307965
-0.0567674936690313	-0.183578514479985	-0.00839075836138387	-0.128462255494612	0.286915563097596	0.0345686842232297
-0.0908700672180185	-0.122663520529115	-0.0464214791259667	-0.140273889169075	0.269979096002406	0.0343947227344015
-0.122514701891698	-0.0589409369445508	-0.0831135350398419	-0.148529502619316	0.246267313516502	0.0333532961583429
-0.150934004269271	0.00602277181494669	-0.117536342105802	-0.153034905822545	0.216373476653654	0.0314707737418835
-0.175468658643661	0.0706463925131709	-0.148837912899439	-0.153701019549013	0.181064822550981	0.0287974981402647
-0.195698465797816	0.133419000791022	-0.176363841030832	-0.150647129247253	0.141377577070742	0.0254251415103
-0.211049337141613	0.19278117568654	-0.199343580751229	-0.143841523975052	0.0981754720763889	0.021418033706153
-0.221201303631365	0.247315128712859	-0.217238365769232	-0.133456979062945	0.0525371185379956	0.016877207015819
-0.225974472948211	0.295734743160034	-0.229658119694489	-0.11976303921407	0.00560631408156831	0.0119183890981159
-0.225325035147405	0.336913635842722	-0.236367150246675	-0.103118428188782	-0.0414381422243136	0.0066688043377511
-0.21949085227639	0.370140566613276	-0.237442695684712	-0.0840282062032304	-0.0874466362105279	0.00126762193255916
-0.208451412448684	0.394342983327331	-0.23272326107669	-0.0628935631817366	-0.131222993494472	-0.00415270295017565
-0.19245523675831	0.408907341836698	-0.22235358144931	-0.0402371459418266	-0.171662561272773	-0.0094552854804478
-0.171862051078334	0.413468472701241	-0.20662045725573	-0.0166198609546357	-0.207753977946649	-0.0145072066732029
-0.147137876291764	0.407919954667761	-0.185942574340092	0.00737404783458798	-0.238606736202791	-0.0191832081192638
-0.118945577441505	0.392693911133559	-0.160982269462104	0.0311609535982387	-0.263641123928437	-0.0233826867116402
-0.0877978253156919	0.367794658302717	-0.13219227347781	0.0541481364921816	-0.282037966831875	-0.0269865349327155
-0.054390222289583	0.333760067096868	-0.100240762103233	0.0757741666504346	-0.293328006397911	-0.0299061466520969
-0.01949198710013	0.291375265857343	-0.0658701788174129	0.0955166687325955	-0.297243869288174	-0.0320727607929488
0.0160683149844791	0.241656886616887	-0.0298822068058998	0.112904582523524	-0.293727160061492	-0.0334390550395823
0.0514392760501074	0.185987447371269	0.00686250312840004	0.127608645352374	-0.283129866819742	-0.0340032537573403
0.085713935793845	0.125530449212255	0.0435226345616312	0.139175076923908	-0.265504392314417	-0.0337284181273991
0.11801193379593	0.0617552958157833	0.0792323863562883	0.147310458833548	-0.241296303357087	-0.0326230699093864
0.147493001050592	-0.00376031304367292	0.113138983482295	0.151810728094843	-0.211128340102535	-0.0307175081502362
0.173384527242476	-0.0693703847133745	0.144421523019815	0.152566501403332	-0.175781048273095	-0.0280626602576293
0.195126395354667	-0.133457203620516	0.172412897782367	0.149670552123405	-0.136287462886686	-0.0247476154809357
0.211983439108993	-0.194307064956067	0.196269402111085	0.143055582338871	-0.0934886510659527	-0.0208304218441746
0.223477879128492	-0.250332552873858	0.215344778311205	0.132859469124013	-0.0484262625155966	-0.016403467032336
0.229288520858572	-0.300074846151917	0.229112605363604	0.11931949214625	-0.00219523122562506	-0.0115720528298196
0.229260976419291	-0.34224930833367	0.237185757527186	0.102768105247102	0.044081910023252	-0.0064521763147169
0.223560905809489	-0.376015557480448	0.239490445193902	0.0836926377332342	0.0893163684954255	-0.0011716384651978
0.212153342381888	-0.400218689229791	0.235728160406202	0.0624871542500099	0.132363737498745	0.00414620883277607
0.195320002123508	-0.414213649988417	0.22593572498524	0.0396781673568448	0.172165180405988	0.009371792863737
0.173502118057354	-0.417659388848417	0.210331168314435	0.015840897186975	0.207742542338424	0.0143766162653317
0.147287888936922	-0.410527269674025	0.189310196167013	-0.00841733396347541	0.238222841479494	0.0190365246424381
0.117489036865981	-0.393370741795134	0.163556068867495	-0.0324850373551504	0.263029435483257	0.0232490938958101
0.0847871879429434	-0.366357411931092	0.133597339274601	-0.0557353965396679	0.281322677742272	0.0268890006501522
0.0500427149915184	-0.330204964023478	0.100212036226147	-0.077574869783676	0.292601049586603	0.0298593435104414
0.0141715149768045	-0.285880808302465	0.0642794779518627	-0.0974531438907321	0.296554280261379	0.0320813682235502
-0.0218839118992091	-0.234569079234989	0.0267517322029838	-0.114878435223708	0.293075611408224	0.0334971394236077
-0.0572007331436549	-0.177789696023196	-0.0113636071658	-0.129512244305353	0.282469223647598	0.0340948397987288
-0.0908567193252404	-0.116799135906072	-0.0490884914713234	-0.140897318268833	0.264745693013942	0.0338290985229911
-0.122008403949376	-0.053108103257103	-0.0854513790260885	-0.148749613687753	0.240320514875895	0.0327026572202007
-0.149903580247379	0.0117201269860164	-0.119532608833804	-0.15288436979321	0.209802143670186	0.0307433883623629
-0.173901068516507	0.0761080692238049	-0.150489572529788	-0.153219490562129	0.173975054481003	0.0280035195028831
-0.193603847223102	0.138554368505241	-0.177681133745299	-0.149882488749432	0.133893782960539	0.0245769691893362
-0.208455348835574	0.197496575407443	-0.200332806678128	-0.14283761207202	0.0904403539012952	0.0205303333148348
-0.218156079050602	0.251520472209392	-0.217905728270214	-0.132255211941382	0.0447091837265203	0.01596680652881
-0.222545724312031	0.299345447423035	-0.23000832350425	-0.118400968461003	-0.00214425552148285	0.0110038927363151
-0.221598087219253	0.339853187443476	-0.236402962814671	-0.101629265584836	-0.048935253246467	0.00576996490071619
-0.215566075644754	0.372346769858132	-0.237168969616908	-0.0824426766757377	-0.0945173044095241	0.00040419857435893
-0.204439345762799	0.395762957946588	-0.23214000345721	-0.0612378964603695	-0.13769958674503	-0.00496106953680021
-0.188472567743485	0.409503707620836	-0.22146169143487	-0.0385363448922033	-0.177392402596976	-0.0101903819716803
-0.168026809574494	0.413221913365985	-0.205424578076181	-0.0148999235907481	-0.212605786473579	-0.0151531139165332
-0.143564582286633	0.406831172572604	-0.184454051960826	0.00908401592759995	-0.242475453883356	-0.0197269629435673
-0.11573873751154	0.390784272122202	-0.159221243577796	0.0328282207441372	-0.266452771407708	-0.0238150755875444
-0.0850523936757849	0.365107539039615	-0.130190581757483	0.0557331196810165	-0.283745254166402	-0.0273011766410838
-0.0521862530076137	0.330359567154991	-0.098042078154961	0.0772319194695011	-0.293911285845712	-0.0300997137006655
-0.0178919332136261	0.28734451159452	-0.0635293415380047	0.0967985722023433	-0.296708582711535	-0.0321445896910628
0.0170213854532511	0.237095605889539	-0.0274633339311665	0.113961113300464	-0.292100429179592	-0.0333906340468095
0.051725476259994	0.181005273665907	0.00929286876895594	0.128395279671961	-0.280458056245945	-0.0338379895585282
0.0853291751739862	0.120252403697804	0.0458897390410367	0.139650606907194	-0.261846790244517	-0.0334504113010755
0.116970059419168	0.0563142659629236	0.0814613016557701	0.147443121661293	-0.236723530320356	-0.0322370320632685
0.145824420283722	-0.00922788234076373	0.11515911953993	0.151581823151763	-0.205720724029391	-0.0302285961896795
0.171134417593194	-0.074729025264691	0.146171016983963	0.151973333238003	-0.169628128979078	-0.0274765225595592
0.192355288431172	-0.138581762820281	0.173847954115217	0.148731010429656	-0.12948916613598	-0.0240707881923262
0.20875860980361	-0.199075577737317	0.197354365199017	0.141802794816503	-0.0861547719107037	-0.0200703122307855
0.219873910065736	-0.254635033184589	0.216059490723596	0.131343603897026	-0.0406780736399746	-0.0155688767223328
0.225385483582976	-0.303817143337419	0.229453858340409	0.117606273393142	0.00583358444848801	-0.0106735727800421
0.225142851212115	-0.345356398730177	0.23716787125021	0.100936462453798	0.0522449347399149	-0.00550251104095769
0.219315347620554	-0.3784373825255	0.239149247849374	0.0818337252364568	0.0974549946778562	-0.000185779011772197
0.207867449794344	-0.4019233457923	0.235108947434106	0.0606954679522585	0.140309491339972	0.00515094999845504
0.191080013392033	-0.415190967995581	0.225094763038328	0.0380488760210451	0.17974344696334	0.0103760768251777
0.169391865795245	-0.417920229008525	0.209332448271875	0.0144651170229204	0.214777801207226	0.0153595701326561
0.14338707999431	-0.410101920402745	0.188221774198238	-0.00945719088892458	0.244545180229258	0.0199764424954557
0.113870652298583	-0.392307200199449	0.16244818517177	-0.0331178724708449	0.268482467755765	0.0241244728736432
0.0815170821595105	-0.364716890928508	0.132534065021178	-0.055909164851582	0.285769851455838	0.0276790773094093
0.0471766834008841	-0.328059487585643	0.0992499645134538	-0.0772576517719801	0.295933449770943	0.0305452488709166
0.0117532968097068	-0.283310150180889	0.0634654586197024	-0.0966345354042946	0.298696662471689	0.0326470327719721
-0.0238241407995192	-0.231657977618419	0.0261217471171933	-0.11356945585293	0.293990492474878	0.0339300273404855
-0.0586490260660104	-0.174623670295126	-0.011784735931369	-0.127742221135024	0.282159268380176	0.0343866546918413
-0.0918104910445563	-0.113466984272501	-0.0492851235487667	-0.138714673191897	0.263250593169871	0.0339754296699253
-0.122477196501255	-0.0496989288046815	-0.0854150294673366	-0.146215790845747	0.237713815994099	0.0327030635516025
-0.149906982340977	0.0151179889279136	-0.119259346289831	-0.150068782449179	0.206185079530384	0.0306009982096934
-0.173465835776741	0.0794080273049365	-0.149977472814469	-0.150194348924567	0.169468873090114	0.0277244255581749
-0.192762539964439	0.14167573297844	-0.176930415963397	-0.146717464765174	0.128631987210589	0.0241696631204143
-0.207237819092433	0.20035826791097	-0.199339497375717	-0.13959772032516	0.084559685637198	0.0200046253107075
-0.216588097195528	0.254045424496851	-0.216663027430081	-0.128996832047101	0.0383433784608114	0.015333328940576
-0.220646528124949	0.301462537002523	-0.228507444479687	-0.115170354186169	-0.00886914539818183	0.0102736601045434
-0.219379148509043	0.341499565220221	-0.234635142419079	-0.0984625942791169	-0.0559032585852592	0.00495417060738907
-0.213032714353063	0.373473022610335	-0.23513133582508	-0.0793685602541641	-0.101622647145542	-0.0004857028128781
-0.201589046218243	0.396329228687931	-0.229831790892986	-0.058277433291587	-0.144845254176182	-0.00591324324640329
-0.185299126262273	0.409484417248494	-0.218889880612903	-0.0357065172013752	-0.184487729212142	-0.0111922817605941
-0.164524425987303	0.412607561876017	-0.202606683260976	-0.0122166090920894	-0.219563538199035	-0.0161911355537951
-0.139732717539169	0.405629550877729	-0.181420347318179	0.0116031079730621	-0.249209177003583	-0.0207861506529257
-0.111587660581313	0.389021309588639	-0.156018135407668	0.0351589190643238	-0.272874676995714	-0.0248789322775943
-0.08060678138974	0.362825993474326	-0.126876232789088	0.0578480312428987	-0.289766025979219	-0.0283517172096302
-0.0474891775187263	0.327618276234208	-0.0946874247026584	0.0790976820575935	-0.299440660511271	-0.0311177225072222
-0.0130071036803878	0.284216577932844	-0.0602164115207414	0.0983758780517677	-0.301656932652618	-0.0331100317237717
0.0220090798254076	0.233666082338943	-0.0242828377737795	0.115205550020765	-0.296380931371044	-0.0342831832763707
0.056711754961179	0.177366574049496	0.0122443201133867	0.129256841698438	-0.28398798323829	-0.0346375373155638
0.090192365381897	0.116506221360014	0.0485134269558868	0.140080888271433	-0.264552371721427	-0.0341378528803957
0.121576268517928	0.0525668906159829	0.0836594560817884	0.147395408784757	-0.238540838967528	-0.0327947719620909
0.150033548761162	-0.0128683838626634	0.11683821647929	0.151013409592661	-0.206597189640425	-0.0306410632033921
0.174806946423609	-0.0781555477621028	0.147244873841285	0.150847698209746	-0.169523732342317	-0.0277306197319467
0.195360408685319	-0.141693321648088	0.174241082711411	0.147018031868146	-0.128375907677685	-0.0241561811315878
0.210978259880038	-0.201773624627808	0.197003078560041	0.139484446291474	-0.0840218048959383	-0.019980060536087
0.221209418637473	-0.256828226684417	0.214913806708685	0.128412480753006	-0.0375310072960229	-0.0152995935942107
0.225762217336087	-0.305423716079315	0.227478885443602	0.114065755617323	0.00997123269895811	-0.0102257135962204
0.224513590380493	-0.346306532168233	0.234345080625335	0.0968007310679424	0.0573299192548926	-0.00488065280718944
0.2176636146328	-0.378676689309021	0.235477892026523	0.0771267976213353	0.103423151130166	0.000601139500109113
0.205205160045024	-0.401412200612887	0.230607192153407	0.0554544419125204	0.147071474247749	0.00608939028228215
0.187447863902071	-0.413907281241993	0.219800310238392	0.0323226648344148	0.187184861907209	0.011447967329236
0.164857812381182	-0.415860870921718	0.203303438514672	0.00831512543455563	0.222758972802547	0.0165424534271105
0.13804420497572	-0.407283731392752	0.181537588462568	-0.0159560355813549	0.25290211299565	0.0212438032606779
0.107835572585442	-0.388766361678511	0.155209359598322	-0.0398761838760423	0.277028209587583	0.0254460811646968
0.0749247875630003	-0.360511459938506	0.12486339488178	-0.0628217209311877	0.294300994056818	0.0290221547782361
0.0401780317974355	-0.323267070472461	0.0912899589689906	-0.0842042338094894	0.304235421041441	0.0318753259618074
0.00451150234167947	-0.278026018714316	0.0553753022079359	-0.103481494915154	0.306551123245008	0.0339290771143146
-0.0311372432460464	-0.22599250938957	0.0180729384833094	-0.120172693180717	0.301183696844598	0.0351296523346426
-0.0658567874091062	-0.168696372887488	-0.0196147611975388	-0.133950979996679	0.288487805709265	0.0354709811782058
-0.0987362587240252	-0.107409939409134	-0.0567173466552424	-0.144378660186688	0.268537388470063	0.0349151236323645
-0.128948765677676	-0.0436499100663841	-0.0922765872460554	-0.151190938623458	0.241812860572178	0.0334730413244548
-0.155761453925984	0.0210196724872562	-0.125390251505351	-0.154223822489303	0.208987626199208	0.031181287213152
-0.178554541597667	0.085025598724969	-0.155236558428162	-0.153416919847594	0.170907698028653	0.0281007976414916
-0.196956244197066	0.146881614922149	-0.181200472524603	-0.148918008363916	0.128680061541269	0.0243336752496681
-0.210430219322479	0.205030148273697	-0.202529058138443	-0.140715799367585	0.083238644793342	0.0199546305673192
-0.218699752456213	0.258071874562638	-0.218707655258096	-0.129001124590347	0.0357172550961697	0.0150739382183845
-0.221627742230817	0.304745173131826	-0.229369075643069	-0.114058200602149	-0.0126981484035036	0.00981538986849221
-0.219211889811587	0.343954666808992	-0.234300184869702	-0.0962580606241894	-0.0608001370866634	0.00431293357286064
-0.21173177223294	0.375033797658665	-0.233607749379968	-0.0761182345830159	-0.107427304181251	-0.00128934291507155
-0.199200933263327	0.396943785792381	-0.227146997670568	-0.0540501826953625	-0.151374142990597	-0.00685443939708609
-0.181900286140211	0.409117273083064	-0.215087189589567	-0.0305880196046119	-0.191542705416194	-0.0122429519227184
-0.160218274627324	0.41124011410951	-0.197743001719853	-0.006305871193891	-0.226938242929733	-0.0173208518133615
-0.134645772336111	0.403260719564488	-0.175564852401719	0.0181965298562352	-0.25669508409385	-0.0219630476709692
-0.105864864326337	0.385666971698966	-0.149250923950694	0.0423178093793456	-0.280265956882245	-0.0260704612063636
-0.0744067323688878	0.358523526793725	-0.119291297356298	0.0654465630395707	-0.296867047967417	-0.0295259422690024
-0.0409781373952947	0.322425776636372	-0.0863916455023523	0.0870040650008971	-0.306071330929324	-0.0322442093494851
-0.00635336625887464	0.278213451811792	-0.0513298928238505	0.106453746583708	-0.307658281481417	-0.0341607996086282
0.0286404990432945	0.226953246548876	-0.0149389106334235	0.123315556131177	-0.301620250047764	-0.0352335808071068
0.063163977726183	0.170062674103493	0.0219012347990915	0.137259142017997	-0.288360129524681	-0.0354666297748368
0.0963203917387075	0.108754460461755	0.0583256750769895	0.147836509490871	-0.267990441805206	-0.0348298955146668
0.127250553216782	0.0445288298198803	0.0934606595412509	0.154770191060609	-0.241015010179424	-0.0333392604953361
0.155142531298078	-0.0210168903551607	0.126457165758493	0.157881847304362	-0.208114554423237	-0.0310328657456284
0.179258748730804	-0.0862295812483492	0.156510205399454	0.157097011332033	-0.170126063723368	-0.0279698316805416
0.199083161301404	-0.149508667814833	0.182987939250076	0.152552362024959	-0.128131420267316	-0.0242472856493126
0.213921838662735	-0.209144460534463	0.205074494426629	0.144227788553491	-0.0830290480001592	-0.019932327356892
0.223344255255437	-0.263577661310286	0.222166855889137	0.132311240485191	-0.0359070166331519	-0.0151257418600144
0.22707834971761	-0.311390394078472	0.233788675397561	0.117090035277561	0.0120994129426401	-0.00994090150282432
0.225019367877104	-0.351350462275653	0.239607727488806	0.0989442433081285	0.0598337979614139	-0.0045014317240501
0.217382769403154	-0.382685954521457	0.239613253912802	0.0784052932354093	0.106183866171936	0.0010581269466884
0.204178468645517	-0.404300943333617	0.233557026450013	0.0559029044134394	0.149978539846314	0.00660748386721263
0.185729162076947	-0.415619363821502	0.221528161171668	0.0319907037528431	0.190145368865581	0.0120116339985624
0.162511506229457	-0.416370054231228	0.20379301857691	0.00726195847591654	0.225701189578245	0.0171378223739322
0.135142786757424	-0.406592688879582	0.180790886416345	-0.0176666398976419	0.255776841847629	0.021858939135314
0.104456032921828	-0.386904295797407	0.153245051310637	-0.0421804989394162	0.279808405561774	0.0260710267856301
0.0711496479283315	-0.357533118031976	0.121715662277	-0.0656588686568635	0.296977161511448	0.0296485910447947
0.0360916607316889	-0.319249595699669	0.0870078870640211	-0.0875184985449544	0.306812494757713	0.0324963704787388
0.000198319730589622	-0.273066493438593	0.0500234625456187	-0.107222445789295	0.309043106904017	0.0345388495041736
-0.0355940993268034	-0.220205758598045	0.0117328615085257	-0.124293579356823	0.30360766750834	0.0357227804859293
-0.0703764247779412	-0.162210214999599	-0.0268433020151048	-0.138405722449088	0.290855465431645	0.0360418644013545
-0.103240180338867	-0.100370110532271	-0.0647129029393885	-0.149118462378031	0.270855689893068	0.0354581290711756
-0.133361468626479	-0.036214869645655	-0.100896378817348	-0.156161270434215	0.244078168546245	0.0339820876439655
-0.160010712576444	0.0286816699743857	-0.134471198135004	-0.159362302705411	0.211183697138701	0.0316497920321982
-0.182571751389776	0.0927401860678566	-0.164598283814601	-0.158652797316663	0.1730055542464	0.0285217933849523
-0.200675711253801	0.154476288932995	-0.190651414077972	-0.154173187354559	0.130635528527958	0.0246996769550745
-0.213792922867123	0.212330965689411	-0.211870997032395	-0.145909062695154	0.0850060627886756	0.0202590152212605
-0.22165288591886	0.264912882995506	-0.227745192267241	-0.134052484833843	0.0372496303911586	0.0153109935820707
-0.224125684547525	0.310974535281813	-0.237918575865825	-0.118894347251796	-0.011444412371369	0.00998076567276325
-0.221217233563182	0.349440431973183	-0.242198196583196	-0.100817580733669	-0.0598607674260275	0.00440403754471854
-0.213214374540904	0.379670926185673	-0.240718676000033	-0.0803553402713933	-0.106830421530609	-0.00127344459305208
-0.200143457116652	0.400652118992254	-0.233365732020153	-0.057937674028926	-0.151128069322398	-0.00691187156520218
-0.182296233317704	0.411845367913851	-0.220341221771826	-0.034116176532646	-0.191639895852248	-0.0123695562889444
-0.160071751196264	0.41296511211055	-0.20199110781981	-0.00947946866933723	-0.227356449162173	-0.0175104108813626
-0.133970935510134	0.403986574294592	-0.178793385417071	0.0153631755241526	-0.257399731381454	-0.0222076255026571
-0.104683553129945	0.385421173844425	-0.151468803520331	0.0398066727902249	-0.28121486060321	-0.0263610376722113
-0.0727515497187775	0.357353675193925	-0.120523161059916	0.0632429055113001	-0.298009713423265	-0.0298522957402373
-0.038889280492645	0.320395207086114	-0.0866718920249089	0.0851021390636501	-0.307355284075538	-0.0325958154256961
-0.00387727027554772	0.27539742755694	-0.0506978793840899	0.104860793630008	-0.309032713433738	-0.0345273833476199
0.0314524418612603	0.22343597220318	-0.0134361032410012	0.122053353176027	-0.303038867894865	-0.0356055953612003
0.0662569796753588	0.16593347185609	0.0242313939449668	0.136361335070996	-0.289781379852627	-0.0358355588474487
0.0996361808634934	0.104111627291851	0.0614372141710065	0.147348380841878	-0.269382440594639	-0.0351886744237524
0.130729162493669	0.0394776377442794	0.0973017769439314	0.154741550729846	-0.24235521961566	-0.0336825438848479
0.158723367406587	-0.0263638842775385	0.130966178476385	0.158359924328955	-0.209389909676992	-0.0313571622968409
0.18288154010645	-0.0917523193877671	0.161611355587582	0.158118969976292	-0.171332487103338	-0.0282735022501247
0.202687952036106	-0.155082046377267	0.188586961516847	0.154136121219556	-0.129269132396205	-0.0245301038458291
0.217451552462112	-0.21463454585534	0.21105903240504	0.146372271783441	-0.0841101439350867	-0.0201959333724473
0.226744591850762	-0.268846526695768	0.228405913105842	0.134990864403378	-0.0369502282902597	-0.0153730132187659
0.230298181355945	-0.316300163063883	0.240135191600168	0.120253879931258	0.0110707750445578	-0.0101755089724161
0.228010977747089	-0.355768452716975	0.245903376872253	0.102517737383472	0.0587941531103897	-0.0047273430049335
0.220100605189421	-0.386491578189978	0.245693952565328	0.0822923195748904	0.105111059328409	0.000837483005935474
0.20658269788663	-0.40738894625302	0.239263744255325	0.0599963344193891	0.148847863678906	0.00638883603273088
0.187784390606231	-0.417906409762718	0.22671417646306	0.0361773518754138	0.188935689573526	0.011792693052438
0.164187032591507	-0.417799213503312	0.208331993448499	0.01142985358547	0.224397023995649	0.0169175948028488
0.136413032535108	-0.407136479716524	0.18458377748646	-0.0136213962673902	0.25436982807284	0.0216378815577802
0.10529955751159	-0.386565527067342	0.156224322305294	-0.0383486236263209	0.278299605771379	0.025851280781079
0.0715539087879402	-0.35634549497661	0.123850221495439	-0.0621120801863653	0.295373007562885	0.0294331581423252
0.0360516247947158	-0.317274811152902	0.0883017830627312	-0.0843085736981123	0.305127375200012	0.0322893224129818
-0.000283193267308609	-0.270390439808019	0.0505132560011407	-0.104381395791081	0.307299214390475	0.0343450980755837
-0.0365062274273371	-0.216933770332588	0.0114829498049788	-0.121835596756995	0.301834405202975	0.0355477910754721
-0.0717017975187144	-0.158460040899945	-0.0277469867812792	-0.136329792022606	0.289088316141694	0.0358914786444992
-0.104951251973691	-0.0962710190824407	-0.0661690292641125	-0.147413708160898	0.269135242772475	0.0353379007807721
-0.135423504119051	-0.0319005662403808	-0.102796141800597	-0.15481098421833	0.242450232446953	0.0338974036964296
-0.162382964068012	0.033077638756862	-0.136704757120213	-0.15834756675609	0.209698709979947	0.0316057888360556
-0.18520859675937	0.0970882319629701	-0.167059747636122	-0.157954872388191	0.171717662275995	0.0285232819073315
-0.203528215002155	0.158655679234049	-0.193241182738269	-0.153772559469737	0.129599813696683	0.0247510344288472
-0.216807897340512	0.216227144507302	-0.214499191508594	-0.145789245420304	0.0842800875351838	0.020364083862275
-0.224774955594914	0.268421243065151	-0.230331547183796	-0.134196919199829	0.0368904061566069	0.0154729954910388
-0.227298089170211	0.31400181766948	-0.240391792174522	-0.119284185051944	-0.0113828014992859	0.0102021440067393
-0.22438242434933	0.351905977227034	-0.244494802549809	-0.101429395442782	-0.0593299411388407	0.00468624858333386
-0.216313437717809	0.381508550263016	-0.242779839046919	-0.0811565916349464	-0.105793058695483	-0.000930398425139573
-0.203119120719511	0.401809832305587	-0.235141949416145	-0.0588929657050929	-0.149555256432984	-0.00650914512654698
-0.185092756602747	0.412287408833764	-0.221790554153217	-0.035185065052187	-0.189517054329136	-0.0119100381585195
-0.162635948413514	0.412673356770767	-0.203080287475067	-0.0106183550609858	-0.224686285440512	-0.0169989788133548
-0.136253456533803	0.402961814667361	-0.179499513224246	0.0141981466711007	-0.25420445003538	-0.0216513022676191
-0.106637999619419	0.383682544109214	-0.151778286388062	0.038659305163497	-0.277539974161164	-0.0257694144896812
-0.0743420947109189	0.354942668992667	-0.120440687096713	0.0621458901539034	-0.293917294525717	-0.0292363791262289
-0.0400892301152069	0.317373438978148	-0.08621736512442	0.0840783657382981	-0.302926845212	-0.0319683891844726
-0.0046701558190102	0.271845034999058	-0.0499055010776848	0.103922533233227	-0.304367354705155	-0.0339027058024424
0.0310719803428049	0.219449093055251	-0.0123522348702576	0.121202894717722	-0.29824994728	-0.0349989304593516
0.066285082827421	0.161617758221037	0.0255542127048027	0.135595357891687	-0.284993398270639	-0.0352629279834272
0.100053246510124	0.0995860210860853	0.0629371315046745	0.146654983329071	-0.264721257648466	-0.0346651971102503
0.131503946335545	0.0348663816439968	0.0989160587682601	0.154107342096054	-0.237945220007343	-0.0332222934658771
0.15981452139558	-0.0309360760863047	0.132635908858954	0.157774132288781	-0.205348855015486	-0.0309725787749671
0.184239496665191	-0.096164827905273	0.163285102969366	0.157576659658922	-0.167766755752231	-0.0279748734498907
0.204258144116953	-0.159225462941026	0.190224202554277	0.153640322937803	-0.126268986905456	-0.0243252235961202
0.219173647537403	-0.218405954278266	0.212627041671326	0.14593272497276	-0.0817484151401029	-0.0200896500102576
0.228557093273858	-0.272155251366725	0.22988087357313	0.134623432030032	-0.0352807411977556	-0.0153672985644854
0.23214127154547	-0.31906932529498	0.241500036726999	0.119977580259829	0.0120132731661472	-0.0102695808349388
0.229829055780002	-0.357935693284336	0.247144612469158	0.102350678756229	0.0589931429435105	-0.00491792188633054
0.221843422395589	-0.388010309064272	0.246797009667579	0.0822450119047242	0.104569557745822	0.000556141942959606
0.208209122118156	-0.408224771608674	0.240212034037568	0.06007275311533	0.147579978552356	0.00602378717788515
0.189262850747932	-0.418037896361336	0.227485918171114	0.0363698350452366	0.186968140436228	0.0113523152641665
0.165496148212952	-0.417217362806289	0.208899200904999	0.0117175137840226	0.221768079649711	0.0164113121069691
0.13754170863059	-0.405844426285704	0.184912812957554	-0.0132724378045584	0.251128530577945	0.0210759363497774
0.106244133966581	-0.384576828274325	0.156274947191145	-0.0379869308358584	0.274508181009487	0.0252450641639242
0.0723234900037934	-0.353688623618654	0.12358662104257	-0.0617877805818625	0.291098660305229	0.0287937866905094
0.0366638888562552	-0.313991952259255	0.0876932104318449	-0.0840727388767907	0.300445654604199	0.0316281798173613
0.000196210127597091	-0.266537980130908	0.0495381592129806	-0.104281041629046	0.302293540934367	0.0336737951850196
-0.0361304035364021	-0.212582603342163	0.0101327399648568	-0.12190890248277	0.296595046512212	0.0348780840497381
-0.0714001020370807	-0.153691322331909	-0.0294690650461312	-0.136605755476394	0.283711988659141	0.0352354960133421
-0.104689436990136	-0.0911854990065642	-0.0682364564024462	-0.14790061226334	0.263719722918316	0.0347070104749202
-0.135168193604317	-0.0266124013202544	-0.105164670826984	-0.155500295239597	0.237094425527601	0.033302502001346
-0.162104166130574	0.0384439546050614	-0.139315199510755	-0.159215707318053	0.2045009140738	0.0310571514188437
-0.18488192211678	0.102401936744611	-0.169842164092161	-0.158966627451625	0.166773927330877	0.0280304209436246
-0.203138032166179	0.163789134434674	-0.196123430567638	-0.154887526657128	0.125001088256719	0.0243225470227957
-0.216344820953901	0.221049887297544	-0.217403504123253	-0.146962040122356	0.0801141157073767	0.0200075603671556
-0.22423856694269	0.27281052609616	-0.233184592085942	-0.135385290125859	0.0332400083688634	0.0151949756008369
-0.226697142777651	0.317848093246647	-0.243129683381809	-0.120453875221197	-0.0144406131672761	0.0100080367589588
-0.22373427688967	0.355117544288386	-0.247066545072331	-0.10255751134167	-0.0617251817201011	0.00458021937364084
-0.215642195423142	0.384017288025206	-0.245150238208678	-0.0822326113233864	-0.107467173937347	-0.000945941611489589
-0.202454936695634	0.403566949695656	-0.237287340363227	-0.0599189004602013	-0.150456742870613	-0.00643289784397156
-0.184469396783517	0.413266527182386	-0.223699027034145	-0.0361733790915621	-0.189606326913666	-0.0117423499256731
-0.162088493559579	0.412869496943794	-0.204748650167104	-0.0115882915534181	-0.22393835057309	-0.0167420792609448
-0.135816023021703	0.402389213719853	-0.180929455045361	0.0132252572471015	-0.252611571033396	-0.0213094903127694
-0.10633956526527	0.382370644563992	-0.15297119873684	0.0376670201639758	-0.275115933390895	-0.0253495799654619
-0.0742098911215266	0.352935484217397	-0.121397015610233	0.0611224794044868	-0.290694116188279	-0.0287469607538487
-0.0401453196480433	0.314725816159567	-0.0869333321487216	0.0830219191776063	-0.298957409584992	-0.0314196448584755
-0.00493045528990743	0.268620467650959	-0.0503722774516396	0.102842795842572	-0.299724999305275	-0.0333064378691414
0.0305982981096458	0.215718383807109	-0.0125566546089393	0.120121395178292	-0.293027034360685	-0.0343681050786695
0.0655982523875039	0.157454912267623	0.0256303415152558	0.134545702910586	-0.27929922795817	-0.0346114904995439
0.0991568939795761	0.09507729139221	0.0633067894982209	0.145675234091792	-0.258678171472267	-0.0340069425014137
0.13040763078056	0.0301067623513722	0.0995869487506569	0.153238451947493	-0.23168600901798	-0.0325707753694481
0.158533601409389	-0.0358429736054088	0.133607308333351	0.157055945098931	-0.199013309405283	-0.0303407994983194
0.182794869690496	-0.101107602513371	0.164545305222393	0.157044112767909	-0.161498115847439	-0.0273750669549186
0.202677335824693	-0.164090860511494	0.19175195758583	0.153321163518257	-0.120209183342945	-0.0237687410585828
0.217486501997067	-0.223071750977632	0.214383860175082	0.145843355745115	-0.0760373352793817	-0.0195868231484145
0.226797301362918	-0.276499269212958	0.231817221258783	0.134770528293642	-0.030052888735779	-0.0149275481337004
0.230346037745492	-0.322975084265232	0.243559199103534	0.120359547390143	0.0166316226903862	-0.00990142020593786
0.228038627450425	-0.361298513426162	0.249267477463438	0.102960052608751	0.0628870294567779	-0.00462888845347691
0.220100327298183	-0.390745810709141	0.24892922695598	0.0830714055427338	0.107640582717678	0.000759869324736304
0.206557354066867	-0.410267453418458	0.242303575653822	0.061105441773343	0.149745448891379	0.0061371574005812
0.187747322477683	-0.419348097155134	0.229498943637715	0.0376018558606685	0.188165301323007	0.0113718343901454
0.164161538237866	-0.417783645715683	0.210811742987146	0.0131480212062741	0.221956982928941	0.0163353757800479
0.136430878798042	-0.405683969975466	0.186720527353471	-0.011637307975147	0.250294677947259	0.0209051724222033
0.105394590172515	-0.383733809464214	0.157991381626027	-0.0361347628013844	0.272666028555691	0.0249829369326337
0.0717687008101957	-0.352230539924974	0.125238606097086	-0.0597029246097877	0.288289723823772	0.0284460649732107
0.0364297719733	-0.312004914597689	0.0893178729667927	-0.0817391133490036	0.296739742671887	0.03120324735951
0.00029894085371299	-0.264120925771216	0.0511775544532592	-0.101686404572952	0.297787642730385	0.0331825403730566
-0.0356862716735948	-0.209841161265596	0.0118278068284591	-0.11904949900905	0.29141098722812	0.0343336409839044
-0.0706248863485168	-0.150729658140963	-0.0276848279896538	-0.133489759414012	0.277992733697808	0.0346530589837044
-0.103603852491769	-0.0881065341327055	-0.0663413182606048	-0.144553789200505	0.25762495835647	0.0341028039659764
-0.133804708550639	-0.0235112304767062	-0.103153123512428	-0.151966947089952	0.230795414199189	0.0326934308552132
-0.160505380641807	0.041483159687939	-0.13720001429949	-0.155558577988422	0.19817456397891	0.0304601929614171
-0.183098056090165	0.105307676479492	-0.167654316292937	-0.155264768328092	0.160596479428837	0.0274620134677656
-0.201225071574127	0.166506130494826	-0.193910840835457	-0.151230823788418	0.119140072155387	0.0237980050649092
-0.214357770838157	0.223530722353657	-0.215224741554422	-0.143449067613118	0.0747260147814864	0.0195405042127586
-0.222230068432256	0.275017687256949	-0.231105987667454	-0.132116445082346	0.0284641215466178	0.0147969564929223
-0.224715029291623	0.319752357809907	-0.241220296576776	-0.117525086006036	-0.0184866672637293	0.00968817794541519
-0.221819885056572	0.356696258319342	-0.24539299776076	-0.100054192831743	-0.0649493131907835	0.00434492479980213
-0.213829606280381	0.385254896911364	-0.243772791305231	-0.0802234604453838	-0.109808018159757	-0.00109337049240433
-0.200770707941261	0.404448619232829	-0.236253642255027	-0.0584542900547528	-0.151880935251675	-0.00649203562656435
-0.182934400882685	0.413780181478228	-0.223044035776336	-0.035283911865989	-0.190110415973684	-0.0117157091476976
-0.160719644253581	0.4130062365564	-0.204494134134347	-0.0112851558807101	-0.223548264537087	-0.0166349977432692
-0.134628006101261	0.402144327780038	-0.181084469445825	0.0129486601786424	-0.251381099213911	-0.021129931298664
-0.105345209403724	0.381744678512136	-0.153533591953282	0.0368323753536196	-0.273125097907367	-0.0251080073210568
-0.0734232598343937	0.351936618590552	-0.122354048028655	0.0597640479946906	-0.288043395469197	-0.0284555493862633
-0.0395816740614814	0.313371395081051	-0.0882649776974911	0.0811817695716899	-0.29576304088487	-0.0310917893393067
-0.00460596431119301	0.266938373470489	-0.0520535756574687	0.100567055426584	-0.296113008808453	-0.0329560888928355
0.0306676424452176	0.213747852272449	-0.0145596495362417	0.117457220217702	-0.289126905656795	-0.0340090710799479
0.0653996315709297	0.155244102241367	0.0233352490153663	0.131537750607917	-0.275236205388886	-0.0342567599999449
0.0986795345689352	0.0926886599108125	0.0607500806906872	0.142368186027522	-0.254570965542174	-0.0336680174331912
0.129645816139312	0.02761302468817	0.0967998754865239	0.149675226171051	-0.227640577609988	-0.032257070049069
0.157488306725924	-0.0383612760303917	0.130622132172178	0.153278067144918	-0.195119250340508	-0.0300592011473003
0.181474966486128	-0.103565184972774	0.161395759926844	0.153092526005424	-0.157826587368085	-0.0271296888423816
0.201100979541435	-0.166403942988886	0.188473359383481	0.149234780117141	-0.116809219030034	-0.0235607273599054
0.21567911753678	-0.225154892784572	0.211014173333852	0.141665669536366	-0.0729445965022529	-0.019414929430896
0.224792203715089	-0.278271828723413	0.228397680215577	0.130548537417017	-0.0272897674180732	-0.0147884377575566
0.228183461691119	-0.324364590973882	0.240134261013156	0.116143901139498	0.0190526495568157	-0.00979022663412684
0.225764269291416	-0.362243525066784	0.245884050089748	0.0988043142016689	0.0649600369541611	-0.00453985320761386
0.217763543838713	-0.391199003384763	0.245634099902436	0.079028018516871	0.109366020231804	0.000832932973594619
0.204209023848138	-0.410194574846009	0.239143658457229	0.0572292656117623	0.151121654548956	0.00619986385125016
0.185439008920645	-0.418729843341639	0.226519018789209	0.0339465164753403	0.189188685467384	0.0114287509545857
0.161944242920041	-0.416615718972704	0.208052502099063	0.00976389689464967	0.222621464755023	0.0163896273715769
0.134353869896413	-0.403976570783979	0.184216688660992	-0.0147049805384324	0.250592382423112	0.020958255050922
0.103503733005078	-0.381509031171971	0.155768888330244	-0.0388486464162563	0.272588880292885	0.0250347240371205
0.0701065703460839	-0.349525329250694	0.123316881509395	-0.0620312647574649	0.287832075776391	0.0284950577403833
0.0350350917314574	-0.308868685870143	0.0877094455686859	-0.0836558938294841	0.295899548010703	0.0312466829092892
-0.000794033326247219	-0.260614658532757	0.0498893671129047	-0.103170014505078	0.296567961821992	0.0332166706040587
-0.036448619210417	-0.206036546081042	0.0108630682649077	-0.120081101037541	0.289821109279319	0.0343540521469599
-0.0710349778503072	-0.14670474968599	-0.028325542116043	-0.134051424492556	0.276045672774896	0.0346547527502909
-0.103646774105683	-0.083953202283374	-0.0666558679839859	-0.144628341726959	0.255345159957949	0.0340811049015782
-0.133473902262303	-0.0193305942684151	-0.103137388448738	-0.151537349669238	0.228215000139809	0.0326439037406688
-0.15980357699541	0.0455826554232433	-0.136847495506458	-0.154608799613578	0.195332258674682	0.0303787981735699
-0.182037884035362	0.109212966994859	-0.166956831518932	-0.153781807900726	0.157536325504129	0.0273452444890781
-0.199829651453342	0.170106232031734	-0.192860431084797	-0.149206028220631	0.115906212142213	0.0236427433464347
-0.212658849421346	0.226712989000465	-0.213815671066406	-0.140885628661907	0.0713711389552869	0.0193448786957481
-0.220267426712071	0.277675558478897	-0.229338252670795	-0.129031808552028	0.0250452685604132	0.014560268148632
-0.222534611301924	0.321790088642094	-0.239102501151685	-0.113953935049818	-0.021908696283215	0.0094110876998264
-0.21947142089094	0.358033367561965	-0.24294441846091	-0.0960500276174742	-0.0683106127989963	0.00402961814667361
-0.211363662752847	0.385830776463639	-0.241023464148333	-0.0758562584631486	-0.113044551428859	-0.00144319474860687
-0.19823679950067	0.404222839145758	-0.233245288362812	-0.0538132914385816	-0.154924281540501	-0.00687080167295603
-0.180379275092113	0.412734979687676	-0.219827969476101	-0.0304724506320391	-0.192890143555577	-0.0121159860213391
-0.158186090437336	0.411146648899209	-0.201128291462357	-0.00641561488189468	-0.225992970683865	-0.0170475506507348
-0.13215429798275	0.399497158787491	-0.177629657020399	0.0177608409563856	-0.253419934719039	-0.0215438885720572
-0.102964190408603	0.378354567941205	-0.150048217612234	0.0414763792918906	-0.274689144013618	-0.0255110614994034
-0.0711651626392107	0.34786849197637	-0.118893850586483	0.0641358116041314	-0.289069712172618	-0.0288345601992129
-0.0374749082979142	0.308706405001293	-0.0848800125874835	0.0851890770643062	-0.296195933988831	-0.0314330190400264
-0.00267847913790038	0.261771671592844	-0.0487874468837759	0.104132061385811	-0.295906550504351	-0.0332456737652796
0.0323873099421203	0.208186580610148	-0.0114500102452311	0.120517454170495	-0.288247717116009	-0.0342335858707497
0.0668826993751159	0.149401744998781	0.0262568226558167	0.134046241775497	-0.273663604132469	-0.0344036268407783
0.0998951097230546	0.0866926566641052	0.0634518747161826	0.144291034520493	-0.252306632841927	-0.0337268114057465
0.13056200815483	0.0215992828656581	0.0992491368376959	0.150990063062038	-0.224707677857892	-0.0322198720170447
0.158073393789504	-0.0442508754468196	0.132783257582533	0.153972223926443	-0.191563678005422	-0.0299211877994963
0.181699125151952	-0.109186157586415	0.163229603492483	0.153161790312911	-0.153717145208122	-0.026889616591874
0.200938401017194	-0.171617249256768	0.189939612092743	0.148682843811188	-0.112233073698576	-0.0232209418864057
0.215110301787869	-0.229822939515364	0.212069639694679	0.140505304738502	-0.0680131802013469	-0.0189821922010933
0.223806063197179	-0.282267980870534	0.229001731943243	0.12880344480208	-0.0221313316186308	-0.0142734000053068
0.226779214089423	-0.3275792106709	0.24025357791926	0.113851117419012	0.0242983570740272	-0.00920692319131992
0.223952913617636	-0.364589668417954	0.245497714509861	0.0960166559060681	0.0701479375863289	-0.00390494759502283
0.215567739223807	-0.39261893169331	0.24473929050654	0.0758154899876563	0.114354603810533	0.00150131467128275
0.201665793857933	-0.41065858618469	0.237756937595339	0.0536810789737949	0.155772986573968	0.0068825442917119
0.182598433516266	-0.418239702518166	0.224679822729493	0.0301706142878322	0.193375682245026	0.0121066121445238
0.158868206361054	-0.415204256934492	0.20582350298778	0.00588489039746135	0.226231729242246	0.0170443925035219
0.131114012907047	-0.401705373734324	0.18168195912774	-0.0185497978314393	0.253530773616635	0.0215730828174312
0.100177290941652	-0.37846335414975	0.153029617642711	-0.042515663409318	0.274779143218053	0.0255946368691478
0.0667766217588679	-0.345811388849376	0.120486072588421	-0.0653764603100423	0.289216815871694	0.0289870373837031
0.031786234837184	-0.304606798931045	0.0849049924359967	-0.0865429110349682	0.296439792193744	0.0316596238986567
-0.00387886008548586	-0.25593301202647	0.0472263451223089	-0.105478207218049	0.296242786920715	0.0335413030280315
-0.0392911207526044	-0.201065201446632	0.00844594800523383	-0.121713153787088	0.288627690463146	0.0345829084613679
-0.0735649374502248	-0.141566999327237	-0.0304115067001226	-0.134940208122219	0.273997630860172	0.0347820300592517
-0.105802023813485	-0.0787692795982779	-0.0683469347966855	-0.144740788935646	0.252479253588127	0.0341033766938546
-0.135201985692242	-0.0142114503352594	-0.104395914594327	-0.150876713103734	0.224589227146424	0.0325600628275751
-0.161062321547414	0.0505373615544593	-0.137663252396417	-0.153214326053267	0.191026077538285	0.0301902801604329
-0.182795669971345	0.113915857418449	-0.167346088123918	-0.151726006441598	0.152650050723974	0.0270562070548202
-0.200065288499423	0.174485978419137	-0.1928647200529	-0.146589623574453	0.110555688005784	0.0232597557540638
-0.212362508586094	0.230704795276006	-0.213492794823769	-0.137831487136102	0.0656934309609276	0.0188777228141863
-0.219440327316022	0.28122383695849	-0.228757750473525	-0.125677097410371	0.0191902334097199	0.0140212206432561
-0.221189325828775	0.32484754788033	-0.238339171852847	-0.11044220427696	-0.0277841761408653	0.00881439177480195
-0.21763233548574	0.360560334370982	-0.242072232377553	-0.0925237501122262	-0.0740488665710681	0.00339083117196461
-0.209066145006409	0.387796804167681	-0.240111371549851	-0.0724497594906553	-0.118495982756469	-0.00210821254357891
-0.195530629130218	0.405602128293075	-0.232351596767785	-0.0506495705260379	-0.159945857092637	-0.00754574354059177
-0.177327122066126	0.413509148344097	-0.218999807012546	-0.0276599413978339	-0.197352471730092	-0.0127848913640706
-0.154862562325842	0.411305929013548	-0.200401849763765	-0.00404700583588457	-0.22978349183749	-0.0176951727896472
-0.128644186150653	0.399041838998414	-0.177031887240188	0.0196085093736925	-0.256445036342558	-0.0221559393640201
-0.0993583170979633	0.377295629942163	-0.149598903961585	0.0427414686391024	-0.27687571321975	-0.0260744182255727
-0.0675610705272739	0.346230671410466	-0.118609702426353	0.0647695027504153	-0.290364971894979	-0.0293372555952965
-0.0339719814952438	0.306528405862396	-0.0847775539351497	0.0851542653679862	-0.296567547813622	-0.0318643213334322
0.000625774186174305	0.259106342428419	-0.0488850595754494	0.103402776676054	-0.295342472625772	-0.0335961966884434
0.0354009515438809	0.20510033752976	-0.0117685700400111	0.11907934948472	-0.286756033627389	-0.0344954617729902
0.0695237603854544	0.145970609176385	0.0256959270049625	0.131897909417623	-0.271270035507794	-0.0345704785883009
0.102092082769711	0.0830066362005704	0.0626266320783563	0.141447160371522	-0.249059791831426	-0.0337945951758489
0.132256412924087	0.0177574995070694	0.098140225502032	0.147483052658696	-0.220675295967811	-0.0321867434012995
0.159221007937082	-0.0481430756286077	0.131377409821168	0.149854320454962	-0.186830959642002	-0.0297875639940296
0.182270685734356	-0.113020383162385	0.16152308460993	0.148506556613883	-0.148384833896739	-0.0266581553633023
0.200919865177038	-0.175287900918882	0.187941401365537	0.143583922641249	-0.106412432854489	-0.0228961345549803
0.214502951553676	-0.233224250224756	0.209803412024322	0.135079341192197	-0.0618315505288261	-0.01857103376353
0.222625624595602	-0.285299480915196	0.226506101011159	0.123185217031856	-0.0157267646505064	-0.0137849077030172
0.225055180807899	-0.330148689286351	0.237581313706376	0.108188914482763	0.0307789500985262	-0.00865201697249481
0.221727892772972	-0.366616019541836	0.242713857548293	0.0904664681335272	0.0765504244631272	-0.00329637362320869
0.212895921277037	-0.394035684317996	0.241916990012159	0.070532032126732	0.120520942137731	0.00214917806584228
0.198614529384979	-0.411414120946647	0.234977516824304	0.0488171317348513	0.161539082225671	0.00755337989274871
0.179246232750364	-0.418300273206709	0.222027792899583	0.0258685534609071	0.198576200126647	0.012782458983992
0.155303383958233	-0.414555659761001	0.203382837967862	0.00227121040625147	0.230704286596174	0.0177059376046099
0.127432881057504	-0.400354099520673	0.179532564823313	-0.0213689191686212	0.257121393702148	0.0222001468781226
0.0964801572872113	-0.376435914337319	0.151242107747589	-0.0444595845536728	0.277348808484054	0.0261668174919578
0.0631687723902074	-0.343157029620874	0.119124098825648	-0.0663871476399729	0.290648664464395	0.0294846991198707
0.0283730727631656	-0.301395886917757	0.0840221511566067	-0.086586592265622	0.296645901102338	0.0320647874375916
-0.00699581103199357	-0.25225556964565	0.0468650607352932	-0.104544674084979	0.295170461332938	0.0338386161608858
-0.0420185859241426	-0.197028624857976	0.00863661091612002	-0.119814607514802	0.286264421101806	0.0347605347972227
-0.0758241952323952	-0.137290456652821	-0.0296526360467705	-0.132110399882605	0.270373242422881	0.0348322380456215
-0.107528552903907	-0.0743860660002489	-0.0670151493214726	-0.141032814101101	0.247669207715101	0.0340233285902583
-0.136349847342933	-0.00986260071962715	-0.102498648532544	-0.146361219167082	0.218711387912793	0.0323518215171988
-0.16160613609526	0.0547077817428984	-0.135220023355248	-0.147978078615614	0.184236772832699	0.0298606996945179
-0.182731447433207	0.117765888541188	-0.164388650246188	-0.145870791623435	0.14513857466058	0.0266165967788102
-0.199410906608238	0.177883492141763	-0.189437133058219	-0.14022987229044	0.102536349101352	0.0227252526454257
-0.211153921643699	0.233526889312773	-0.209652397024834	-0.131096942748718	0.0574017636406938	0.0182669579139114
-0.217728803091914	0.283363752400007	-0.224573886778534	-0.118709212428243	0.0108733409138026	0.0133554568839793
-0.219037519068934	0.326218728686224	-0.233892083173151	-0.103391529701483	-0.0358758757109312	0.0081167286080316
-0.215110210375859	0.361099603621126	-0.23745133072695	-0.0855464615155848	-0.0816699410967422	0.00268536039536659
-0.206246301853537	0.387466968862608	-0.235410588530985	-0.0657001275743789	-0.12541572842899	-0.00279739456080031
-0.192487456984711	0.404391439084145	-0.227671562967444	-0.0442824763823259	-0.165952596034319	-0.00819520229723
-0.174133323847029	0.411431482532454	-0.214441623264921	-0.0218220227579225	-0.202262678164271	-0.013372861548809
-0.151587707456816	0.408399331964031	-0.196062597587662	0.00112937899483301	-0.23344876611935	-0.0182024449125218
-0.125354231580135	0.395366269100772	-0.173000112336626	0.0240110023763723	-0.258758008052535	-0.022566663502783
-0.0961135169965471	0.372928111037245	-0.145946928712486	0.0462864640882303	-0.277775632811595	-0.0263768355071482
-0.0644224036930631	0.341267426704459	-0.115399212281994	0.0673960748105829	-0.289837356070217	-0.0295239613585612
-0.0309998863521978	0.301080301704364	-0.0820548902187414	0.0868290013440912	-0.294645292387937	-0.0319325143719232
0.00337099648743961	0.253296352155687	-0.0466808866329907	0.104119483213781	-0.29210389649163	-0.0335475934758741
0.0378594983417068	0.199061178158439	-0.0100986520020907	0.118857311563146	-0.282320997203982	-0.0343359577969625
0.0716400959913215	0.139838671206905	0.0268325574007908	0.130782061404326	-0.26579456917154	-0.0343095806515197
0.10381103622485	0.0769287773424157	0.0632371556050156	0.139497316736699	-0.242729095031557	-0.0334447589244736
0.133527543303481	0.0118849966450781	0.0982379219861569	0.144772191639467	-0.213695674214454	-0.0317625870371534
0.16000145291132	-0.0536577869612852	0.130979257602685	0.146464901129639	-0.179421537081052	-0.029305074439257
0.182528256125629	-0.118027820463088	0.160648337627857	0.144527800316572	-0.140769321322966	-0.0261339313931203
0.200637080749525	-0.179649904218044	0.186612995278001	0.139110759233579	-0.0988096493590187	-0.0223465183440407
0.213676951878995	-0.236811054247387	0.208044687220859	0.13021045825248	-0.0544520075061943	-0.0180119618562262
0.221269942781462	-0.287998586949834	0.224342900748487	0.118022777816636	-0.00876412371699992	-0.0132312819212957
0.223199913468403	-0.331870337954151	0.235043325159398	0.102838301575814	0.0371538530591636	-0.00811732912362154
0.219418962481284	-0.367298018881412	0.239836047615045	0.0850358823338795	0.0821944051511789	-0.00279242556861872
0.210192442232137	-0.393648208449379	0.238739769505123	0.0651292683307815	0.1253246406815	0.00261275278713187
0.195589095029176	-0.409958888602341	0.231549556447306	0.0435534494628143	0.16542203515979	0.0079684597348834
0.175980654501304	-0.415811740168089	0.218404210076052	0.020853395339966	0.201489554066072	0.0131426602633795
0.151885242309191	-0.411099225803731	0.199623569101477	-0.00239156312528271	0.23262932289282	0.0180064683814516
0.12395201949044	-0.396022619439135	0.175700019837126	-0.0255852988570418	0.25806672545511	0.0224375902060411
0.0930229141687496	-0.371342717673707	0.147394942091684	-0.048153883491561	0.277348528240446	0.0263390845759329
0.0598210124842566	-0.337435247082152	0.115322562334958	-0.0694959331025242	0.289753334179491	0.0295902508641404
0.0252156121696351	-0.295190181551962	0.080322258047491	-0.0890657593746608	0.294919948904747	0.03210267393386
-0.00988905498428706	-0.245715937789758	0.0433162036371468	-0.106371685274006	0.292688299165938	0.0338083735453549
-0.0445820055258346	-0.190304745192192	0.00527969684696019	-0.120989579857403	0.283107433194361	0.0346621842822765
-0.0780039784926869	-0.130522365403058	-0.0327908765740711	-0.132659872621214	0.266627232412205	0.0346663289732417
-0.109277457446713	-0.067711767668019	-0.0699115170192715	-0.140998571284651	0.243424490479219	0.0337912206223841
-0.137629627625219	-0.00341131524920559	-0.105136376003966	-0.14580063925182	0.2140616561647	0.0320559378768598
-0.162387870396383	0.0608170477923622	-0.137587116800153	-0.146960082129721	0.179278766454986	0.0295047645709188
-0.182996060295952	0.123425034551329	-0.166475862728642	-0.144471260474585	0.139971721414743	0.0262058006147709
-0.199151128469943	0.183000237637308	-0.191239401396679	-0.138528840775232	0.0972594513749846	0.0222660125010292
-0.210372268035251	0.238013270245653	-0.211158077983922	-0.129169291826064	0.052118540830021	0.017767583807952
-0.216439199769396	0.287140636232571	-0.225765632355087	-0.116621686182268	0.00568816251250251	0.0128257535406522
-0.217265873150104	0.329216347106506	-0.234745608705572	-0.101199360021996	-0.040859915134755	0.00756777687978454
-0.212894752887342	0.363258761351911	-0.237935540654678	-0.083291590195251	-0.0863531045974029	0.00212924163208545
-0.203636793313793	0.38874313325787	-0.235490403372096	-0.063410733782204	-0.129706689507908	-0.00334827748605267
-0.189546284968005	0.404751673213362	-0.227308389046499	-0.0419763269716937	-0.169762958785717	-0.00872750015589874
-0.17093311436752	0.410859057315682	-0.213598319666394	-0.019508772255598	-0.205512134930287	-0.0138730005257537
-0.148209070683876	0.406896310015756	-0.194708577634585	0.00344383644719491	-0.236067127719127	-0.0186569715462598
-0.12188297338326	0.39295582318338	-0.171116891442599	0.0263195485332531	-0.260687245095383	-0.0229626104556678
-0.0926352491587977	0.369654826635147	-0.143531866850641	0.0485779789553513	-0.278973311155648	-0.0267023725471154
-0.0610249151393804	0.337201324274053	-0.112473592675571	0.0696463285643795	-0.290275090166715	-0.0297681752985403
-0.0277677757757082	0.296314769047886	-0.0786648419146608	0.0890007545789443	-0.294312238771918	-0.0320862049165598
0.00635913227983427	0.247946124041682	-0.0428977465740555	0.106162493326633	-0.291008303870487	-0.033603776639629
0.0405333847103998	0.193259061974611	-0.0060170676184829	0.120710521925333	-0.280491075014503	-0.0342903257829486
0.0739419766505153	0.133727238190291	0.0311018857531743	0.132379958865754	-0.263277615461395	-0.0341608968986
0.105690766572579	0.0706648823554406	0.0675654553380817	0.140770163818899	-0.239592354712784	-0.0331950157633612
0.134945477820056	0.00563032681059682	0.102487861777677	0.145654105674251	-0.210023366244825	-0.0314171793942511
0.160928701430509	-0.0597426189305014	0.135012283386496	0.146900058018264	-0.175311864751236	-0.0288727494022328
0.182946803009691	-0.12378908230957	0.164332030376116	0.144475982131594	-0.136331003748078	-0.0256265733418325
0.200541177857862	-0.18495042273379	0.189831027064733	0.138552949042339	-0.0941561224921816	-0.0217786010089659
0.213070043650286	-0.241524330412542	0.210694903265678	0.12914834757782	-0.0497036892630824	-0.0174005229931431
0.220165716774353	-0.292016431458383	0.22634344734228	0.116479460452939	-0.00404269107598418	-0.0125951524205993
0.221622251344469	-0.335105633402819	0.236335017901764	0.100856674877439	0.0417282252834533	-0.00747647858457866
0.217401854601208	-0.369686657145668	0.240383679800062	0.0826758941240206	0.0865053980429805	-0.00216725497241618
0.207779247679068	-0.395152676794563	0.238534226512734	0.0624646079938189	0.129264360251619	0.00320247567971929
0.192833196149414	-0.410562502767668	0.230603573146838	0.0406676867647365	0.16888741125545	0.00850360108207551
0.172943545606454	-0.415520378148663	0.216752119419673	0.0178352160347193	0.204388429470995	0.0136059118832389
0.148634807884262	-0.409940252073085	0.197319631841218	-0.00545216398856934	0.234884445026761	0.0183831956312143
0.12056042925209	-0.394043484885348	0.172816727980062	-0.028599960816885	0.259620150611235	0.0227166241296856
0.089562223080947	-0.368608951990589	0.144021219731937	-0.0510383519855515	0.278167404470638	0.0265137076903135
0.0563656460893075	-0.33402965033599	0.111562517638647	-0.0721696973315371	0.289830134691232	0.029657896015522
0.0218376288769705	-0.291210612449877	0.0762931560638353	-0.0914532083758926	0.29427671354285	0.0320655290351019
-0.0131223962175231	-0.241273374916166	0.0391463965547485	-0.108402087373845	0.291377415470725	0.0336733513611039
-0.0476102282446652	-0.185521226473058	0.00110616379505827	-0.122596863914671	0.281210007315263	0.0344405625067442
-0.0807771123883884	-0.125525960501131	-0.036826844667348	-0.13378283024928	0.264248652918877	0.0343732272824619
-0.111750812503166	-0.0626405953136262	-0.0736650104619267	-0.141580663066935	0.24068829085894	0.0334442233697843
-0.139765929709484	0.00159211448346641	-0.10846397903576	-0.145790805969042	0.21110036936581	0.0316740963739328
-0.164156508694323	0.065609581096007	-0.140351964537788	-0.146314553799969	0.176224220755466	0.0291073403672908
-0.184371903131669	0.127867273502378	-0.168553471840907	-0.143156399039566	0.136945499398035	0.0258110340761384
-0.200114410807284	0.186964793556046	-0.192525168135571	-0.136524225209292	0.0943627758357033	0.0218899377958437
-0.210904096234544	0.241381696326551	-0.211570781281114	-0.126473488725617	0.0494307323556095	0.0174233883046829
-0.21652137716084	0.289811473419245	-0.225253111304606	-0.113254254706599	0.00326047807179249	0.0125230834018335
-0.21688031762269	0.331109523607307	-0.233288651803521	-0.097203316494974	-0.0430051237730415	0.00731248134215678
-0.212023847253344	0.364319093462884	-0.235550183541904	-0.0787346709985308	-0.0882201198042359	0.00192345621413485
-0.202264278487814	0.388944313221622	-0.232228147869031	-0.0583835490936559	-0.131324159964133	-0.00350605086846757
-0.187660890984274	0.404092524173581	-0.22325465400644	-0.0365939475432243	-0.17117013403068	-0.00884099145599795
-0.168530659230092	0.409364177738541	-0.208867348460231	-0.0139038939735521	-0.206754528010026	-0.0139477489241958
-0.14529575331853	0.404613639921191	-0.1894370924347	0.00912724111468965	-0.237189073785135	-0.0186995023195942
-0.118478778721537	0.389953209451719	-0.165456705067354	0.0319333746389119	-0.261725249370666	-0.022979624426519
-0.0887751608854831	0.366015010719569	-0.137640829784045	0.0539786170425972	-0.279952821311856	-0.026700354053927
-0.0567657124783494	0.333020444882061	-0.106511930101388	0.0746972921066391	-0.291202427241485	-0.0297519990478563
-0.0231867526724548	0.291697742442504	-0.0727876963132035	0.0935793947876148	-0.295175890786492	-0.0320591545540621
0.0111650232081539	0.243003748585224	-0.0372506970183093	0.110163367077439	-0.291780430843309	-0.0335674399497516
0.0454499901347337	0.18810601357342	-0.000733410181600675	0.124046852771055	-0.281130979581418	-0.0342447097745518
0.0788437832899003	0.128477887522942	0.0359033130999164	0.13498331978382	-0.263736086364215	-0.0341048353311112
0.110441288239726	0.0654400453340035	0.0717773263891088	0.142588927355512	-0.239818749621635	-0.0331263432149363
0.139405069303374	0.000553849318424458	0.106013846007268	0.146650342218034	-0.209970205894275	-0.0313333612206012
0.164960813128347	-0.0645447053835917	0.1377656484136	0.147046695144977	-0.174939643503704	-0.0287714150369799
0.186424063312934	-0.128190146810934	0.166234858150945	0.143754608974245	-0.135611951405191	-0.0255059990277076
0.203351628923816	-0.188828489802137	0.190813714287276	0.136950388263871	-0.0930735959813998	-0.0216378886526453
0.215119711637679	-0.244759015486618	0.210699685042604	0.126662753175474	-0.0482605247106291	-0.0172403318015841
0.221382293156245	-0.294496128279355	0.225325675415962	0.113118544343501	-0.00225647314064649	-0.0124175280529095
0.221957040719136	-0.336732644504961	0.234266417626904	0.096639655856344	0.0438275039689443	-0.0072847654425559
0.216830734173271	-0.37038246132989	0.237256142227862	0.0776361654910577	0.0888781107183396	-0.00196591231359918
0.206302259369973	-0.394863186408648	0.234361054245515	0.056649070808454	0.131867055518849	0.00340843325914433
0.190475596413773	-0.409260817932164	0.225428851874176	0.0341483390607788	0.171666556349246	0.00870801654880884
0.169753780580577	-0.413209604661543	0.210649693907149	0.010706676685148	0.207285614310912	0.0138020999615122
0.144683063502844	-0.406654238939078	0.190393032779523	-0.0130726118794778	0.237836873533297	0.0185641436623305
0.115937046730855	-0.389845851775817	0.165197214002044	-0.0365738751675088	0.262560182380499	0.0228751317560562
0.0843745460597494	-0.363588170555743	0.135861170543865	-0.059212013332246	0.281022756656334	0.026642689399006
0.0507395931393275	-0.328300843451892	0.103036827907336	-0.0803719504376752	0.292519769912242	0.0297499360724036
0.0159133904865084	-0.28490813815987	0.0675896756234109	-0.0995044034956192	0.296712014193154	0.0321132477909306
-0.0191936434484065	-0.234545196538736	0.0304583691372218	-0.116121195403662	0.293463452510776	0.033669627928897
-0.0536702349321049	-0.178523210602426	-0.00737543632186111	-0.129808994926471	0.282848622367772	0.0343788648546853
-0.0866665341181551	-0.11841266296361	-0.0449219859976442	-0.140326946546006	0.265342035286263	0.0342480267052296
-0.117310618846984	-0.0555701577711375	-0.081206513603596	-0.147314684596298	0.241149089451912	0.033251590315608
-0.144844365164874	0.00846585263692409	-0.115303120579118	-0.150596505707069	0.210857028344583	0.0314122053877164
-0.168614641920022	0.0721401992681818	-0.146360786165693	-0.150100255688512	0.175228310072772	0.0287770066974609
-0.188088927577293	0.133918036946011	-0.173625371764003	-0.145857747045595	0.13517843926925	0.025416171503804
-0.202992829010791	0.192413219973964	-0.19657370879676	-0.138101212089499	0.0918380936168542	0.0214376453678089
-0.212872249118478	0.246112957717129	-0.214528765308805	-0.126912961141514	0.0462044911837325	0.0169245973264266
-0.217536327428833	0.293722386214975	-0.227069961359856	-0.112564336149868	-0.00057279391827425	0.0119920952788976
-0.216928975941763	0.33410946804735	-0.233928503214329	-0.0954098426218635	-0.0473160355737256	0.00676648110136021
-0.211122731017294	0.366331199587653	-0.23499086725649	-0.0758782285639526	-0.0928507048531129	0.0013817729168092
-0.200457004824243	0.389907232290879	-0.230459391806709	-0.0545144194978112	-0.136099143289017	-0.0040231915206929
-0.185017791923819	0.403961772349392	-0.220284558576975	-0.031779522042359	-0.175899661543096	-0.00931282289945922
-0.16514377401935	0.408114708138913	-0.204722905724865	-0.00822577750785926	-0.211248088074794	-0.0143544606555518
-0.141274232466164	0.402242255481972	-0.184167193050288	0.0155721336703957	-0.241266230130225	-0.0190234201988187
-0.113943987290294	0.386480830861656	-0.159134966528227	0.0390316456929111	-0.265225437720235	-0.0232062879714005
-0.0838540844469052	0.361485709784685	-0.130365062005561	0.0616022963958462	-0.282744991858038	-0.0268196435332195
-0.0515907791625947	0.32750910599821	-0.0984105791600894	0.082698406640429	-0.293187600918513	-0.029758165084072
-0.0178897637148634	0.285306910025173	-0.0640156010847201	0.101795144363191	-0.296292008762661	-0.0319513282260034
0.0164563970482425	0.235861868691382	-0.0279851066152838	0.118420698319198	-0.292003628329181	-0.0333495885120291
0.0506149227065333	0.180364296709749	0.00883203149665392	0.132168783066118	-0.280474709271139	-0.0339252696708378
0.0837715086321356	0.120301815032935	0.0455680945739329	0.14279721237591	-0.2622477842157	-0.0336961050082794
0.115029111522663	0.0570141177840616	0.0813374914720751	0.14993261801035	-0.237576985492351	-0.0326434977831055
0.14356067064934	-0.00792894982178803	0.115272506429014	0.1533804917819	-0.207077839454488	-0.0307934309483612
0.16860290946857	-0.0728895980281773	0.146540640334714	0.153045160724087	-0.171517320522926	-0.0281922187255483
0.189483016816369	-0.136207120272642	0.174364871282584	0.148932906236224	-0.131791610701952	-0.0249051641718444
0.205770095036366	-0.196341801241738	0.198163730357402	0.141251317149913	-0.0889898804791257	-0.0210318227871597
0.216853585704619	-0.251603595699371	0.217159551403635	0.130061194330938	-0.0440518205478879	-0.0166441974009487
0.222401794988222	-0.300525393052933	0.230811276524553	0.115617969875315	0.0019426840276804	-0.011844650511765
0.22224785214493	-0.341821681650621	0.23871777303651	0.0982673189210018	0.0478904836815439	-0.00674649383756035
0.216395021264996	-0.374430201836391	0.24063432776199	0.0784370465507624	0.0926895282901106	-0.0014716488577042
0.205157925068537	-0.397794970496045	0.236645009582678	0.0566783754642824	0.13532904349872	0.00385151705409821
0.18865987328077	-0.411025554403732	0.226610805659633	0.0334675876240951	0.174692699410597	0.00909383807852189
0.167321054885012	-0.413781090800849	0.210732724112033	0.00937704511468647	0.209806660689727	0.0141259817598039
0.141703255583168	-0.406030779935865	0.189389366615212	-0.0149944115377004	0.23980298504183	0.0188228271802702
0.112493158139019	-0.388049701438168	0.163127927810609	-0.0390378638751084	0.263942947645561	0.0230668830488971
0.080557552120114	-0.360663298730978	0.13275639983019	-0.062176224175251	0.281819128251275	0.026767820616593
0.0466497837312345	-0.324315977055645	0.0989403093549054	-0.0837982077565062	0.292746468138636	0.0298100443749123
0.0116544448832797	-0.279954166114346	0.062560700850934	-0.103356417103697	0.296406631000309	0.0321115889478919
-0.0235183734924306	-0.228733868839488	0.0245749211601305	-0.120360483431147	0.29268191395323	0.0336110105422629
-0.0579609807184251	-0.171985476262135	-0.0140139740379005	-0.134390442731216	0.281661285686052	0.0342693824331285
-0.0908310569385641	-0.111292776665918	-0.0521953773859784	-0.145195579142054	0.263828632413111	0.0340947331063115
-0.121262508347934	-0.0480321041079369	-0.0889683299224084	-0.152400642193915	0.239393166078701	0.0330617294804014
-0.148505668329602	0.0162458410291908	-0.123385419819004	-0.155814914309373	0.208939531823021	0.0311926794915115
-0.17191638895033	0.0799782017420727	-0.154578750694699	-0.155352293336598	0.173222168768241	0.0285338436620365
-0.190971219083296	0.141627742575719	-0.181783994935996	-0.151033883549282	0.133144525491344	0.0251541555524149
-0.205404709276237	0.199815731776222	-0.204478470131996	-0.143086688203058	0.0898204039353441	0.0211599268639201
-0.214771436418187	0.253033075717478	-0.221988733138285	-0.131593491333073	0.0442361696441326	0.0166333845695312
-0.218889329253312	0.299998660972001	-0.233909417203649	-0.116833345505107	-0.0024710231813164	0.0116886482708812
-0.21771136340336	0.33959993508998	-0.239995279737191	-0.0991751895255438	-0.0491335988988975	0.00645151189873519
-0.211319680134249	0.370918329386426	-0.240163002355931	-0.0790678279159978	-0.0945842732283639	0.00105591175970275
-0.200062657835746	0.393503618403536	-0.234650498287918	-0.057079601447823	-0.137753237117571	-0.00435938508665485
-0.184039462061428	0.406507646797621	-0.223442989874902	-0.0336979447819108	-0.177475354134173	-0.00965743651213818
-0.16360126153639	0.409580427908272	-0.206831581635221	-0.00949973160816748	-0.212744549578014	-0.0147044627585964
-0.139200239041957	0.402627454742812	-0.185240417608897	0.0149186370377228	-0.24267978612507	-0.01937462980581
-0.11138412893838	0.385812356268429	-0.159213834205902	0.0389571115360332	-0.266549422356933	-0.0235534898177687
-0.0808642933017361	0.359813479190104	-0.129511144776418	0.0620535476979391	-0.283972599162509	-0.0271571681617999
-0.0482414569560263	0.32490561699541	-0.0967036837550557	0.0836126539379866	-0.294306319486009	-0.0300792780339414
-0.0142618746307435	0.281862451752946	-0.0615479768018388	0.103105343671433	-0.297285876518349	-0.0322488026750213
0.0202736687016703	0.231681253924779	-0.024858188334763	0.120058417274354	-0.292853265141264	-0.0336159683865518
0.0545269755950746	0.175564172162997	0.0125094740514824	0.134065608734579	-0.281157428863479	-0.0341531496426099
0.087683244708167	0.115005317176576	0.0496826766695662	0.14488526017201	-0.262738266436697	-0.03387856039344
0.118843634651873	0.0513574818645855	0.0857658149896344	0.152142429674189	-0.237847533749141	-0.0327741421330487
0.147184434925485	-0.013801051193608	0.119883396942831	0.155640497718063	-0.207099404856822	-0.030866784454923
0.171948805880126	-0.0788256683157529	0.151195673549611	0.155280750093751	-0.1712614219444	-0.0282040591500731
0.192473106152741	-0.142051051130834	0.178919989847394	0.151066254909626	-0.131233094697388	-0.0248529058324003
0.20833859482349	-0.201939203104847	0.202473525372306	0.143201556149576	-0.0881087801539046	-0.020914777291293
0.218946675621815	-0.256797991470395	0.221078889110302	0.131748810428825	-0.0428405939198191	-0.0164641251446344
0.223979567631831	-0.305166597793371	0.23420274829061	0.116967654400734	0.00347781916182158	-0.0116057255944947
0.223284946374777	-0.345771881533405	0.241458972710761	0.0992127521280592	0.0497274454008382	-0.00645524289261941
0.21688079174038	-0.377570463874091	0.242625586570641	0.0789263382618825	0.0947894252240224	-0.00113672492012248
0.205095473085298	-0.400032809976671	0.237816168940085	0.0566777712001317	0.137638947267475	0.0042199646280821
0.188067228504918	-0.412297365574419	0.226929134183456	0.032970920276861	0.177141690744066	0.00948401884872717
0.16622957592675	-0.414057177016375	0.210206149391738	0.00840687690051667	0.212310790753316	0.0145252158745309
0.140156403188979	-0.405317407979526	0.18806811997462	-0.0163853656689565	0.242269305019634	0.0192180965129865
0.110544954440048	-0.38638907866231	0.161103417332679	-0.0407674668587522	0.266274445857193	0.0234453758764638
0.0782684617327682	-0.358129947039949	0.130155026572464	-0.0641378459898806	0.283922864429404	0.0271177984734072
0.0440900631359976	-0.32101629907141	0.0959222105526054	-0.0858612662316838	0.29453299651402	0.0301204860870649
0.00889930705348327	-0.276018959020718	0.0593075880966059	-0.105376639119572	0.297797304227033	0.032372823777204
-0.0263915837266272	-0.224311396322148	0.0212788445142293	-0.122189296109586	0.293613654344315	0.0338150708882791
-0.0608756835988154	-0.167234168847176	-0.0171625029767715	-0.13588496721685	0.282090716389662	0.0344103559060961
-0.0937171447713021	-0.106370840153837	-0.0550212500180403	-0.146229210425356	0.263737062028374	0.034169403051556
-0.124051464361417	-0.0430994028012471	-0.0913159628510265	-0.152869086866916	0.238783955554721	0.0330691235208056
-0.151135690831618	0.0210365658962634	-0.12512973382297	-0.155644235657717	0.207839445340711	0.031134379991438
-0.174333898329458	0.0844855959208264	-0.155630721065445	-0.154503121693955	0.171679554786073	0.0284139341083093
-0.193131697277482	0.14572490042465	-0.182093063399906	-0.149502666186718	0.131225972197831	0.0249790140885964
-0.207274769193349	0.203395232900901	-0.204032751264121	-0.140903137233719	0.0876058856104152	0.0209379192558883
-0.216323737716779	0.256000458999455	-0.220809148166407	-0.128818290618967	0.0418141878563367	0.0163742209785503
-0.220104050805617	0.302276021684176	-0.232045260424107	-0.113551236712836	-0.00500957400129103	0.0114027643613931
-0.218575604104409	0.341126259690341	-0.237517604083583	-0.0954877531821546	-0.0517009466517298	0.00614939932072602
-0.211826978164473	0.371649866110559	-0.237157787711511	-0.0750861505935876	-0.0971003562178335	0.000747511130161253
-0.200212147815628	0.393415091930193	-0.231210935122983	-0.0529150870053074	-0.140151518797511	-0.00466545372850533
-0.183837310539147	0.405591266094689	-0.219668273057772	-0.0294635845004705	-0.179698372185327	-0.0099534743109314
-0.163060419220782	0.407847310205124	-0.202821705439662	-0.0053035652611458	-0.214746402714842	-0.0149840395743969
-0.138340864082865	0.400108429192082	-0.181094251349456	0.0189755285848479	-0.244425244568942	-0.0196325284518378
-0.110234005316142	0.382558614406331	-0.155028605449532	0.0427810935171345	-0.268012415777114	-0.0237855472555729
-0.0794560839842316	0.355894334000763	-0.125379180785833	0.0655613734929868	-0.285138009772167	-0.0273605601593331
-0.0466198903391599	0.320414178958504	-0.0927220942345038	0.0867218456391593	-0.295160068579554	-0.0302511531771375
-0.0124799547221674	0.276911543447823	-0.0578142847718473	0.105738190751145	-0.297816752831173	-0.0323864526773195
0.0221560698049084	0.226400806953845	-0.0214689434032663	0.122142941121328	-0.293052341747814	-0.0337167065637747
0.0564450887341206	0.170097573725141	0.0154612619464186	0.135537605314312	-0.281018179995741	-0.0342143151079042
0.0895734926496932	0.109500350979754	0.052115412151672	0.145694286690863	-0.26225925276261	-0.0338979524487554
0.120637289286134	0.0459718951211858	0.0876034194901762	0.152248318334103	-0.237028182417528	-0.0327494493268527
0.148814507884274	-0.0189102293963044	0.121065339926624	0.155021537200074	-0.205942438030309	-0.030795953777863
0.173353240762353	-0.0835086081105237	0.151682263265369	0.153938209126429	-0.169773333960331	-0.0280854559100639
0.193597820858022	-0.14617145713843	0.178696671476461	0.149027819544923	-0.129424540006579	-0.024685499082988
0.209142281100317	-0.205383905973873	0.201556007697595	0.140523763419098	-0.0859939082958602	-0.0206982154689221
0.21939767080311	-0.259472030675529	0.219507228040934	0.128514365772679	-0.0404398713514663	-0.0161992636488034
0.224059752725107	-0.307000626443591	0.232042444634814	0.113283680395998	0.00613826759960863	-0.0112946258113935
0.22299077322679	-0.346724157130254	0.238797083999763	0.0952056450618859	0.0526152938805823	-0.00610131471241883
0.216223601107125	-0.377627243800332	0.23956491246338	0.0747346272306345	0.0978654247095424	-0.000744850196338102
0.2041003989483	-0.399208040517203	0.234467293933038	0.0524415462046855	0.140859452604552	0.00464382943955465
0.186773644358227	-0.410627772376713	0.223404315452642	0.0288277168152238	0.180449869781874	0.00993165561619371
0.164688618868213	-0.411599658322691	0.206610986559751	0.0044808547232201	0.215639693429971	0.0149866682704843
0.138428616905214	-0.402144753472445	0.184494826351212	-0.0199910207470767	0.245542372676586	0.0196818764677365
0.108697586128059	-0.38258550384286	0.157625756889012	-0.0439761128950052	0.269406865142572	0.0238988110041415
0.0763695798299882	-0.353783994979524	0.12682144581389	-0.066906367384389	0.286826644432222	0.0275479511908716
0.0422129786986903	-0.316224249225026	0.0927650592614521	-0.0881702862250875	0.297113009917441	0.0305136457212945
0.00711657864728264	-0.270879371990579	0.0563406370342462	-0.107232470857363	0.299957668152085	0.0327154379767577
-0.028011032692666	-0.218923287968617	0.0185007080270924	-0.12361948541289	0.295261908764384	0.0340943318299863
-0.0622692126412975	-0.161696025301414	-0.0197635837952206	-0.136932254749983	0.283142285425338	0.0346147876489905
-0.0948343207408147	-0.100774960422119	-0.0574673585260835	-0.146948774512371	0.264119976191825	0.0342894932054492
-0.124847128623017	-0.0375449149282311	-0.0936208285714664	-0.153311926471459	0.238442278658068	0.0330976163098435
-0.151575147421154	0.0264492469007693	-0.127300426710843	-0.15585656327596	0.206736720798048	0.0310665817277776
-0.174394185456455	0.0896555568589761	-0.15766526294304	-0.154523175333284	0.169801404832872	0.0282479046448115
-0.192802461736175	0.15055223452027	-0.183979805529668	-0.149359535956862	0.128581884286553	0.0247156696709979
-0.206560829751822	0.207788236771077	-0.205755687540705	-0.140619658538368	0.0842281240511734	0.020580765092368
-0.215239590421199	0.259866238493006	-0.222339762055006	-0.128407796761582	0.0377625369299418	0.0159299773662687
-0.218675359296133	0.305529072078842	-0.233350848342409	-0.113023564135699	-0.00965131779906922	0.010880834008657
-0.216838098430372	0.343692114525101	-0.238565365786121	-0.0948528884009306	-0.0568274191783275	0.00556154331224963
-0.209824995592445	0.373468424311981	-0.237918494672593	-0.0743571747681716	-0.102587962027977	0.000107441305251192
-0.19799639825364	0.394445016609371	-0.231662633665068	-0.0521093415694245	-0.145864818896181	-0.00534295186946606
-0.181464141150259	0.405806777957287	-0.219794662154246	-0.028603434561133	-0.185488861536613	-0.0106520597766493
-0.160589427328961	0.407240790644651	-0.202613584723935	-0.00441461920622967	-0.220459915920511	-0.0156867269196408
-0.135833004149258	0.398689874236384	-0.180548381898533	0.0198673647334563	-0.249907117392299	-0.0203222140340212
-0.10774985353255	0.380354240807574	-0.154145815644925	0.0436532796004912	-0.273112565614181	-0.0244455148633737
-0.0770515838221455	0.352942441635263	-0.124159953685418	0.0664005759559553	-0.289716741576703	-0.0279752249121639
-0.0443516551482513	0.316768472820008	-0.0911706468142256	0.0875212228693328	-0.299089893019693	-0.0308057828070104
-0.0104014722237166	0.272637558629189	-0.0559360052645279	0.106500673033723	-0.300987175831723	-0.0328677229859433
0.0239955778281257	0.221574753735439	-0.0192711649862683	0.122880640432557	-0.295373077095652	-0.0341129685534804
0.0580017950417276	0.16480571661068	0.01796726139719	0.136269462150785	-0.282421752562879	-0.0345158369234075
0.0908132490157382	0.103833929417972	0.0549158130804536	0.146444994617181	-0.262702273644317	-0.0340971866692557
0.121528882234947	0.0400390938716091	0.0906677797724876	0.153037033187872	-0.236494184093748	-0.0328411406707582
0.149333749544791	-0.0249893332089592	0.124348058526263	0.155860258034088	-0.204441533657537	-0.0307773012495786
0.173483871141232	-0.0896030934239907	0.155120756815834	0.154828215484525	-0.167341725193499	-0.0279562212807505
0.193332247658258	-0.152141712328646	0.182211224867271	0.149957625849413	-0.126123181433962	-0.024448063757878
0.208483957595843	-0.211089955245325	0.205055904996538	0.141471173858476	-0.0819049853205148	-0.0203574037859624
0.218356532346348	-0.264766174905722	0.222884245622166	0.129443001776781	-0.0356672247454311	-0.0157626198309211
0.222653989365472	-0.311738461891258	0.235181874114959	0.114149746252868	0.0114741562004548	-0.0107720129777373
0.221246409282022	-0.350771436573216	0.241585727312069	0.0959636202778162	0.0583815109934721	-0.00550456093454059
0.214173841768407	-0.380866940733529	0.241899731840536	0.0753435609286903	0.103921189908482	-8.72985163784492e-05
0.201784573172891	-0.401549329506461	0.236266044359551	0.0528721084722707	0.147061750852165	0.00534809018975311
0.184236610413439	-0.412005348714342	0.224606788672212	0.0290644543129114	0.18665563176498	0.0106676957314053
0.161979554187099	-0.411980238734349	0.207186983708389	0.00452697568978311	0.221711079377332	0.0157394696563804
0.135599813363002	-0.401528966495538	0.184446928005828	-0.0201123869822163	0.251350512330136	0.0204367747538087
0.105803170367193	-0.381007590092753	0.156989133473578	-0.04422311957907	0.274834890043503	0.0246418397612671
0.0734621566159913	-0.351308252804075	0.125660338125973	-0.0672222258760545	0.291772066107952	0.028266312511408
0.039347246025857	-0.312943329824012	0.0911678448487063	-0.0884883873137724	0.301488516867027	0.0311952056868897
0.004346092003121	-0.266907735839795	0.0544119814448875	-0.107483334174286	0.303692102727842	0.0333489684177506
-0.0306350751756123	-0.214390768742919	0.0163529523143012	-0.123738057342774	0.298300081200504	0.0346694393250698
-0.0646990253552375	-0.156741206466537	-0.0220190553261913	-0.136864791074406	0.285444093217469	0.035121813583726
-0.0970289378143647	-0.0955352961245062	-0.0597301056637908	-0.146659292075746	0.265658558348972	0.0347195497381892
-0.126766518490823	-0.0321603620639455	-0.095801665235607	-0.15278375746434	0.239203406694964	0.03344223916573
-0.153183139487742	0.0318439217257185	-0.129327575100978	-0.155094679407082	0.20671713938549	0.0313179130678205
-0.175658614696653	0.0949336721377628	-0.159485733805059	-0.153553022501183	0.169007611401991	0.0283988400429132
-0.193695215037353	0.155596884880455	-0.18555843953254	-0.148223497277567	0.127029259411276	0.0247600972623339
-0.207059584241745	0.212496882936234	-0.20707486625774	-0.139372346769833	0.0819396707258394	0.0205137960123719
-0.215323754755102	0.264141079709404	-0.223388940291251	-0.127107810197662	0.0347709948364266	0.0157484882207329
-0.218328366968453	0.309280843735401	-0.234125025324536	-0.111727958625111	-0.0133035997822964	0.0105837587948957
-0.216048256048375	0.346840217825408	-0.239061379984099	-0.0936115656517485	-0.0610876190319331	0.00515019512482359
-0.208586641006597	0.37594161224794	-0.238132489771634	-0.0732088117638015	-0.107391887908762	-0.000414239772532851
-0.196311305616512	0.396184628359644	-0.23159048197933	-0.0510796022193905	-0.151136990669831	-0.00596848654586996
-0.179342812733494	0.406764247938889	-0.219429369885508	-0.0277046933577739	-0.191140207194878	-0.0113718177204548
-0.15805259006365	0.407382347083412	-0.201949048594815	-0.00364863631307913	-0.22638914847634	-0.0164882504168747
-0.132912700148946	0.397999644164956	-0.179582957900585	0.0205053798461067	-0.256001820733896	-0.0211904249523898
-0.104490069550042	0.378837268444123	-0.152886413672747	0.0441697408464372	-0.279250919796745	-0.0253630208512132
-0.0735069484822326	0.35062598243663	-0.122625574510066	0.0667986392051954	-0.295769926631556	-0.0289229131332498
-0.0405901124098294	0.313706252019528	-0.0893961672159962	0.0877965894783379	-0.304924460076602	-0.0317627301210854
-0.0065016350933009	0.268908682094911	-0.0539727058399912	0.106639709419855	-0.306469011628301	-0.0338119043459759
0.0279463578255836	0.217282220292725	-0.0171860358417844	0.122860099535866	-0.300371064139732	-0.0350217642682709
0.0619098465260235	0.160073415865886	0.0200939797437583	0.136058107978546	-0.286811373048102	-0.0353665474701794
0.0945831086640058	0.0987992812321878	0.0569957689406156	0.146006524888992	-0.266368166467373	-0.0348675813686929
0.12506186870269	0.0348551227828181	0.0926066501636557	0.152335075901498	-0.239335262206812	-0.033509881354298
0.152532911604044	-0.0301632028844633	0.126052838377297	0.15486345901917	-0.206373532966947	-0.0313245296067776
0.17625711719127	-0.0946074054369742	0.156505550346647	0.153514946074663	-0.168299985921514	-0.0283641125549728
0.195595361871338	-0.156823075197397	0.183202252656714	0.148319570993498	-0.126065041030277	-0.024701400663459
0.210164705107717	-0.215309125738666	0.205595790707136	0.139514201028113	-0.0808105021040329	-0.020444026456852
0.219393999966949	-0.268395845216141	0.222932714904924	0.127189926125151	-0.0335438891784864	-0.0156743754870084
0.223002241735819	-0.314669356499081	0.234716617567103	0.111637545433568	0.0145916001023435	-0.0105052077553141
0.22087648899857	-0.352914649529023	0.2406013222085	0.0932402433549872	0.0624305084753587	-0.00506049323542957
0.213075376274977	-0.382155312872443	0.240405487453199	0.0724637903073617	0.108811466092881	0.000527312654118934
0.199967231138611	-0.401938670278613	0.234282626134092	0.049891638031271	0.152676997773423	0.00612103406092887
0.181729823446793	-0.411472817549591	0.222165019235145	0.0260395705815122	0.192853224551518	0.0115807515049586
0.158832762639136	-0.410524569593223	0.204324067666745	0.00150927079378579	0.228326251124693	0.0167688511507713
0.131881672091768	-0.399169979658373	0.181204506170122	-0.0230781597929596	0.258200659507917	0.0215536951268909
0.101600015319803	-0.377785779436532	0.153412558316966	-0.0470995290208325	0.281724988041638	0.0258133989060474
0.0688749365579295	-0.347282681603089	0.121797835184427	-0.0699789867767037	0.298500948926429	0.029456789347285
0.0344904190000405	-0.308195863444257	0.0870757784817538	-0.0910971372843306	0.307856141792696	0.0323671977759641
-0.000656827032364879	-0.261540626053192	0.050155024504678	-0.109916002735654	0.30950750628488	0.0344650919269658
-0.0356556783849293	-0.208525786725082	0.0120061178615947	-0.125963585467985	0.303389119073262	0.035693948535166
-0.0696084282519297	-0.150518222584185	-0.0263688138223218	-0.138846206428614	0.289656611550793	0.0360221455445444
-0.101703630773354	-0.0891068135594779	-0.0639846431165864	-0.148351726121382	0.26887350405672	0.0354676434047679
-0.13108892046723	-0.025696386989462	-0.0998491730549441	-0.15413396385662	0.241335934441887	0.0340157161718639
-0.157046582632716	0.0381637651835781	-0.133046993771199	-0.156042871959197	0.207721020571235	0.0317008356849324
-0.178970209411163	0.100925805645016	-0.162751495122896	-0.154036309631757	0.168876551746212	0.0285821359588445
-0.196377876485556	0.161080329230183	-0.188246702946686	-0.14818080229427	0.12579630672116	0.0247416387845501
-0.209054207294155	0.21730297676864	-0.209070978070852	-0.138749021157234	0.0796733263130659	0.0202979975758613
-0.216587029564755	0.268113937345066	-0.224593957533439	-0.125864655151729	0.031575044888068	0.0153462465438384
-0.218833391851929	0.312286712388555	-0.234462409092765	-0.109845259810527	-0.0172965960381081	0.0100116347138135
-0.215783817589509	0.348773182011249	-0.238482074146824	-0.0910929831849786	-0.0657223049950299	0.00442961883274719
-0.20755639945555	0.37672788818215	-0.236618038292858	-0.0700833149077667	-0.112496679374754	-0.001257852228314
-0.19453292870136	0.395785344426412	-0.229152692795597	-0.0473991435621228	-0.156532301291774	-0.00690688532422847
-0.176848002250791	0.405175484344433	-0.216111779278573	-0.0235466619243325	-0.196641860462416	-0.0123743519154856
-0.15488665609846	0.404634095381236	-0.19782177062349	0.000891101076520241	-0.23181676915393	-0.0175230978295463
-0.129134636536658	0.39415306087531	-0.17473748715365	0.0253185505735796	-0.261185231685521	-0.0222256025298501
-0.100172754439533	0.373980884153681	-0.147429818745504	0.049142205874036	-0.284035839007364	-0.0263673853210062
-0.0686994620539677	0.34472481232957	-0.116615322320084	0.0717980021202224	-0.299913411941051	-0.0298568253389065
-0.0353997326330268	0.306916057972726	-0.0829652198570352	0.092716962029514	-0.308335536141829	-0.0326012604997909
-0.00106468294573967	0.261463155851261	-0.0472814293020038	0.111392314225428	-0.309131637760272	-0.0345381845990797
0.0334728221005134	0.209463974845902	-0.0104098863556416	0.127371738915413	-0.30232655738711	-0.0356258865344767
0.0673632403298696	0.152162039462213	0.0267848718329437	0.140264744247629	-0.288121552840153	-0.0358425825290348
0.0997831004378553	0.0909584974653515	0.0634460704362278	0.149790222034771	-0.266961256389707	-0.0351958763403439
0.129888128587876	0.0272167903692054	0.0987157858220625	0.155635871659263	-0.239218985162689	-0.0336851855949867
0.156907570894641	-0.0375406724223866	0.131765123202114	0.157638325286107	-0.205552795513211	-0.0313457986685021
0.180132219475708	-0.101703080216921	0.161789271808036	0.155734012807311	-0.166790886218473	-0.0282352447148277
0.198927051088135	-0.163594851671997	0.188014981626839	0.149958786256644	-0.123914526332662	-0.0244317780425995
0.212806561605497	-0.22157013165228	0.209774284879493	0.140489231316954	-0.0780642819956817	-0.0200388862001849
0.221251864448659	-0.273926867619993	0.226338573307545	0.127477374256197	-0.0303565894123791	-0.0151548117056221
0.223983071405589	-0.319189470704052	0.237192399966038	0.11123451661089	0.0180050912129033	-0.00989949927963132
0.220906688138255	-0.356136868784714	0.241999440946043	0.0921647962276538	0.0658309808588847	-0.00440050859103503
0.212122601910119	-0.383860871417977	0.240624004139037	0.0707519095431205	0.111986100193049	0.00121113103206457
0.197975626515565	-0.401894387192018	0.233202010400378	0.0475648686641839	0.155444073569134	0.00680391797184603
0.178802411069533	-0.409783195606928	0.219863779388618	0.0231603972216066	0.195179795577541	0.0122475803369935
0.155159640822225	-0.407501637299314	0.20099942534098	-0.00184041371779136	0.230288395389585	0.0174134746886803
0.127701086674185	-0.395237662325022	0.177123940994076	-0.0267990060782581	0.259931964629726	0.0221751058030274
0.0971404903024142	-0.373334697382102	0.148839193348798	-0.0510784453743134	0.283337914078892	0.0264097361835388
0.0642608647711222	-0.342384376172354	0.116859278162778	-0.0740755850252106	0.299902729903936	0.0300092629946067
0.0297935863321908	-0.302842260539787	0.0818460647666083	-0.0951918857939763	0.308945865802484	0.0328594551041541
-0.00543753814605207	-0.255565490437057	0.0446210597873911	-0.11390399266863	0.310117749546593	0.0348774337566402
-0.0405517374609946	-0.201714073732753	0.00611944114604947	-0.129758391824938	0.30334617666925	0.0360077148312909
-0.0746209873500668	-0.142753337589933	-0.0326180749263532	-0.142379126264909	0.288855730491088	0.0362249207060812
-0.106721015569653	-0.0804397768383532	-0.070490793662866	-0.151513542080393	0.267228822388632	0.0355433009595169
-0.135924739233702	-0.016519462001174	-0.106388702489319	-0.156889200986454	0.239039849392337	0.0339756716958065
-0.161441851535213	0.0472193174287327	-0.139300073659321	-0.158388889619649	0.20512908379558	0.0315713461579336
-0.182653512927227	0.109155091374965	-0.168380647756844	-0.155997040776962	0.166408837720845	0.0283965015056085
-0.199141966510152	0.167923090616096	-0.192997650235263	-0.149794768696627	0.123802366971665	0.0245291562163141
-0.210740344440588	0.222465677982077	-0.212782314126406	-0.13999724762819	0.0782633504362616	0.0200643445914774
-0.217281586305744	0.271789850323078	-0.227387928396578	-0.12678436651059	0.0306675810882721	0.0150889713979116
-0.218780123691085	0.315032596186588	-0.236649109936232	-0.110482781089786	-0.0179723530222025	0.00971593600856464
-0.215294470258052	0.351282503731817	-0.240441082110152	-0.0914977492679637	-0.0665076957885743	0.00407700925289515
-0.20688836501679	0.379527470662402	-0.23864014792824	-0.0702996308212697	-0.113646562912738	-0.00167835059722699
-0.193697122996532	0.398821870685343	-0.231207964722269	-0.0474312062826808	-0.158038385637304	-0.00738893101917655
-0.175742253436657	0.408032482719587	-0.217995000598034	-0.0234118449743847	-0.198271328250887	-0.0128920025902207
-0.15327284689172	0.406529838774225	-0.199138779232196	0.00118038523545383	-0.233140591846712	-0.0180352401831416
-0.126744389417158	0.394219438987473	-0.175047765293888	0.025750958324047	-0.261727844294702	-0.0226873909637482
-0.0968400648716741	0.371611652700016	-0.146424545956947	0.049702882636893	-0.283461877582413	-0.0267444136346191
-0.0644673591953151	0.339858305431806	-0.11426240163029	0.0724647202300525	-0.298180515017983	-0.0301367955184955
-0.0305582252287332	0.30013417862472	-0.0795609124784755	0.0934579349015086	-0.305740999795134	-0.0327972852199556
0.00390869130931515	0.253846657971381	-0.0433782523440083	0.112167103310666	-0.306235715069373	-0.0346832546255446
0.0380509876092453	0.202242785054	-0.00663979223728917	0.128134900401806	-0.299763411016436	-0.0357588116309056
0.0711397256425788	0.146281935909644	0.0299307518422043	0.140971512279483	-0.286366136797723	-0.0359906865043675
0.102610415032463	0.086728506026542	0.0657978080123239	0.150402782233435	-0.266142496133036	-0.03536133809914
0.131923844553153	0.0241907768081731	0.100487520484476	0.156128722738761	-0.239055117083049	-0.0338402485161399
0.158547703388648	-0.0403929203378116	0.13347130572945	0.158001337130487	-0.20544987469508	-0.03144067702002
0.181845941443074	-0.105573373008609	0.164033349073601	0.155972822902553	-0.166074846455025	-0.0282159022683787
0.201052316924962	-0.16931485904071	0.191226828786488	0.150092913326948	-0.122115695054169	-0.0242615703102155
0.215385961435292	-0.229194315611141	0.21399888349427	0.140548615177782	-0.0751439693842504	-0.0197157929062839
0.223976923387435	-0.282590841856196	0.231163543992451	0.127500113226848	-0.0267817647511029	-0.0147169672455433
0.226280289771853	-0.327335299526387	0.241858578139767	0.111263976690797	0.0213854205872989	-0.00941591708565627
0.222141193223208	-0.362038701291404	0.245662841761498	0.0922480870487777	0.0680730322524621	-0.00394934307076456
0.211847945522719	-0.386268756436653	0.242677244699448	0.0709386550792505	0.112402606360947	0.001569232703597
0.196133120033196	-0.400550427441795	0.233531151180714	0.0479048807473905	0.153887096608612	0.00704745815326614
0.175787482664562	-0.405590862594646	0.218931716795634	0.0237009502346241	0.192131331872009	0.012401313335807
0.1517146727116	-0.402257475442007	0.199707937873859	-0.00106053448033921	0.226717575787398	0.0175382223109188
0.124664491284957	-0.390991949604704	0.176490045307405	-0.0257558801410867	0.256949081009807	0.0223422508612554
0.0951388678567679	-0.371605370495351	0.149598899958818	-0.0497685056665165	0.281768123179403	0.0266696433948906
0.0634603300674706	-0.34352358450307	0.119149773174981	-0.0725183935329577	0.299943890618342	0.0303660898346321
0.0298175331507517	-0.305821304582503	0.0851009095722442	-0.0934280986272709	0.310045329483304	0.0332618480557855
-0.00538521263322326	-0.258294793980176	0.0477355961963312	-0.111989604589739	0.311148125611379	0.035232207450492
-0.0413849882855901	-0.201818196483385	0.00784610993141967	-0.127755776634782	0.303025561859868	0.0362116854128105
-0.0769979815279684	-0.138531135858336	-0.0331816487058839	-0.140347573315508	0.286268862660519	0.0362042974686008
-0.110742035698837	-0.0716429202706394	-0.0735064981109248	-0.149501998011749	0.262252102704826	0.0352859766725188
-0.141022757677656	-0.00463026505059206	-0.111136892571165	-0.154933503487234	0.232487011453892	0.0335418882226227
-0.166534385261639	0.0593761249808393	-0.144375288556594	-0.156513413631772	0.198543188493116	0.0310783042576899
-0.186512617786289	0.1183665979182	-0.17217342197717	-0.154219747943787	0.161542449919345	0.0279791257685281
-0.200857328496087	0.171786446414972	-0.19429926702223	-0.148132985513538	0.121963001468167	0.0242904924601008
-0.210101657936563	0.220382877996026	-0.211286112730424	-0.138470951662236	0.0797686344104529	0.0200340928516492
-0.214918822618573	0.265342931550722	-0.223879474085571	-0.125417574740263	0.0346347308182368	0.0152068332397539
-0.215988185312596	0.307542855449601	-0.232783804090984	-0.109299407009464	-0.0133874347839401	0.00984925914410569
-0.213577025981403	0.346639968193372	-0.238155968906283	-0.0905166848775508	-0.0634701759075077	0.0040688493900322
-0.20737341523941	0.380679274874422	-0.2393959331621	-0.0695313612061645	-0.113810660500839	-0.0019463166367289
-0.196640523340959	0.406477706412519	-0.235341576878181	-0.0468774268231417	-0.161829974017521	-0.00794186114701942
-0.180324534793222	0.42011536821748	-0.224450244638093	-0.0230723869488939	-0.204571149778809	-0.0136371855247668
-0.157798001398965	0.418670916170888	-0.205718015329331	0.00130226095832883	-0.239546689350586	-0.0187816687692872
-0.129209184331837	0.401219135870992	-0.179146431074114	0.0256441690891396	-0.265353942929512	-0.0232063418811291
-0.0956938226115541	0.369411560603801	-0.146016762850305	0.0493502388807512	-0.282028174441308	-0.0268529757331994
-0.0592882742358257	0.327319186288647	-0.108783126206731	0.0718534859321072	-0.291013320227271	-0.0297754742803972
-0.0223799025610891	0.279912485644674	-0.070334737231817	0.0925931202740179	-0.294275243987018	-0.0320696022299057
0.0127991184301148	0.231907918066768	-0.0333638816950645	0.111087686770711	-0.293775656033639	-0.0338395197703526
0.0448269719612089	0.186019479610624	0.000496140429063168	0.126919007057633	-0.290477206346087	-0.0351201953444593
0.0734593796976447	0.141985348073125	0.0311503878589923	0.13972343428132	-0.283786191396498	-0.0358337354242483
0.0996062771413862	0.0967050676586511	0.0599919163725535	0.149219685297334	-0.271661140757345	-0.0358001625841282
0.124773584880473	0.0453289742209106	0.0892376707762235	0.155050610708752	-0.250969809966229	-0.0347484882892226
0.150359439610985	-0.0164594063236722	0.120915558827971	0.156965175842087	-0.219011730043654	-0.0324508472965718
0.176782993810205	-0.0902274274285427	0.155730527383561	0.154790944324126	-0.17469447787711	-0.0288092449395984
0.202891402330163	-0.173129037581411	0.192260551559229	0.14848058750033	-0.119518583628731	-0.0239351837687316
0.225924832674287	-0.257559943019288	0.226855967191443	0.138217041865562	-0.0579231282173906	-0.0181865517597766
0.241810690248379	-0.332156680846252	0.254064704774384	0.124315069460057	0.00340205168149272	-0.0121049441191395
0.246421104647852	-0.384537264601514	0.268168131201767	0.107449182620089	0.0566904890336252	-0.00634936639693016
0.236731981736382	-0.404472806282528	0.264724898521912	0.0885922546610473	0.0949299892102247	-0.00155043450459697
0.211910287400861	-0.386878610457685	0.24202553599001	0.0689521179276091	0.113598265963496	0.00182817037470015
0.173962314492937	-0.333751417617695	0.201993561915811	0.0498705004184407	0.111876099794311	0.00359201198889101
0.12737613587481	-0.253809159225031	0.149841693742804	0.0325839964204112	0.0927873170515089	0.00385054550645477
0.0785197654918131	-0.161135671314341	0.0933342297663299	0.0181375279664265	0.0625860888352921	0.00297836550468809
0.0341743651424794	-0.0717839304969986	0.0409643522447044	0.00720582235269631	0.0291427429782134	0.00150982962133849
